Date,State,First Dose Administered,Second Dose Administered,Total Doses Administered
2021-01-16,Andaman and Nicobar Islands,225,0,225
2021-01-16,Haryana,5589,0,5589
2021-01-16,Madhya Pradesh,9219,0,9219
2021-01-18,Andhra Pradesh,46680,0,46680
2021-01-18,Bihar,33389,0,33389
2021-01-18,Chandigarh,265,0,265
2021-01-18,Chhattisgarh,10872,0,10872
2021-01-18,Goa,426,0,426
2021-01-18,Haryana,17642,0,17642
2021-01-18,Himachal Pradesh,4817,0,4817
2021-01-18,Manipur,978,0,978
2021-01-18,Puducherry,554,0,554
2021-01-18,Tamil Nadu,16462,0,16462
2021-01-18,Uttar Pradesh,22644,0,22644
2021-01-19,Andaman and Nicobar Islands,644,0,644
2021-01-19,Chandigarh,469,0,469
2021-01-19,Kerala,23855,0,23855
2021-01-19,Uttar Pradesh,22644,0,22644
2021-01-20,Kerala,24269,0,24269
2021-01-20,Nagaland,2988,0,2988
2021-01-20,Telangana,69405,0,69405
2021-01-21,Assam,10676,0,10676
2021-01-21,Karnataka,138807,0,138807
2021-01-21,Mizoram,2537,0,2537
2021-01-22,Delhi,18844,0,18844
2021-01-22,Haryana,62142,0,62142
2021-01-22,Jharkhand,14806,0,14806
2021-01-22,Karnataka,184699,0,184699
2021-01-22,Ladakh,401,0,401
2021-01-22,Odisha,130007,0,130007
2021-01-22,Tripura,14252,0,14252
2021-01-22,Total,1390592,0,1390592
2021-01-23,Chandigarh,1502,0,1502
2021-01-23,Lakshadweep,633,0,633
2021-01-23,Madhya Pradesh,38278,0,38278
2021-01-23,Punjab,30319,0,30319
2021-01-23,West Bengal,84505,0,84505
2021-01-24,Kerala,53529,0,53529
2021-01-24,Lakshadweep,633,0,633
2021-01-24,Odisha,152371,0,152371
2021-01-24,Telangana,110031,0,110031
2021-01-25,Delhi,33219,0,33219
2021-01-25,Goa,1796,0,1796
2021-01-25,Himachal Pradesh,13544,0,13544
2021-01-25,Tripura,19698,0,19698
2021-01-26,Himachal Pradesh,13544,0,13544
2021-01-26,Kerala,71973,0,71973
2021-01-26,Uttar Pradesh,123761,0,123761
2021-01-27,Dadra and Nagar Haveli and Daman and Diu,665,0,665
2021-01-27,Goa,2311,0,2311
2021-01-27,Uttar Pradesh,123761,0,123761
2021-01-28,Dadra and Nagar Haveli and Daman and Diu,779,0,779
2021-01-28,Delhi,48008,0,48008
2021-01-28,Ladakh,818,0,818
2021-01-28,Lakshadweep,746,0,746
2021-01-28,Uttarakhand,19517,0,19517
2021-01-29,Chandigarh,2977,0,2977
2021-01-29,Dadra and Nagar Haveli and Daman and Diu,940,0,940
2021-01-29,Gujarat,221675,0,221675
2021-01-29,Odisha,205200,0,205200
2021-01-29,Punjab,54988,0,54988
2021-01-30,Assam,38106,0,38106
2021-01-30,Chandigarh,3447,0,3447
2021-01-30,Chhattisgarh,72704,0,72704
2021-01-30,Dadra and Nagar Haveli and Daman and Diu,1083,0,1083
2021-01-30,Odisha,206424,0,206424
2021-01-30,Puducherry,2736,0,2736
2021-01-30,Telangana,168606,0,168606
2021-01-31,Manipur,3987,0,3987
2021-01-31,Tamil Nadu,105821,0,105821
2021-02-01,Andaman and Nicobar Islands,2727,0,2727
2021-02-01,Andhra Pradesh,187252,0,187252
2021-02-01,Jharkhand,48057,0,48057
2021-02-01,Maharashtra,310825,0,310825
2021-02-01,Tripura,31190,0,31190
2021-02-02,Ladakh,1234,0,1234
2021-02-02,Nagaland,4093,0,4093
2021-02-02,Rajasthan,339218,0,339218
2021-02-03,Arunachal Pradesh,9846,0,9846
2021-02-03,Dadra and Nagar Haveli and Daman and Diu,1487,0,1487
2021-02-03,Maharashtra,354633,0,354633
2021-02-03,Rajasthan,363521,0,363521
2021-02-03,Telangana,176732,0,176732
2021-02-04,Arunachal Pradesh,10889,0,10889
2021-02-04,Bihar,312339,0,312339
2021-02-04,Haryana,133637,0,133637
2021-02-04,Kerala,270992,0,270992
2021-02-04,Madhya Pradesh,339386,0,339386
2021-02-04,Rajasthan,384810,0,384810
2021-02-04,Tamil Nadu,145928,0,145928
2021-02-05,Haryana,137706,0,137706
2021-02-05,Jammu and Kashmir,41624,0,41624
2021-02-05,Jharkhand,85580,0,85580
2021-02-05,Maharashtra,434943,0,434943
2021-02-05,Uttar Pradesh,673542,0,673542
2021-02-07,Bihar,380229,0,380229
2021-02-07,Jammu and Kashmir,49419,0,49419
2021-02-07,Meghalaya,6859,0,6859
2021-02-07,Total,5812362,0,5812362
2021-02-08,Andaman and Nicobar Islands,3397,0,3397
2021-02-08,Chandigarh,6027,0,6027
2021-02-08,Maharashtra,512476,0,512476
2021-02-08,Odisha,315725,0,315725
2021-02-08,Uttarakhand,79283,0,79283
2021-02-09,Goa,8929,0,8929
2021-02-09,Meghalaya,9069,0,9069
2021-02-09,Sikkim,6961,0,6961
2021-02-09,Tripura,51449,0,51449
2021-02-09,Uttar Pradesh,673542,0,673542
2021-02-09,Uttarakhand,85359,0,85359
2021-02-09,Miscellaneous,67238,0,67238
2021-02-10,Himachal Pradesh,66101,0,66101
2021-02-10,Kerala,326246,0,326246
2021-02-10,Sikkim,7808,0,7808
2021-02-11,Assam,117607,0,117607
2021-02-11,Goa,11391,0,11391
2021-02-11,Maharashtra,608573,0,608573
2021-02-11,Punjab,97668,0,97668
2021-02-11,Tripura,59438,0,59438
2021-02-12,Andaman and Nicobar Islands,3454,0,3454
2021-02-12,Assam,125038,0,125038
2021-02-12,Madhya Pradesh,526095,0,526095
2021-02-12,Punjab,101861,0,101861
2021-02-13,Gujarat,680326,0,680326
2021-02-13,Ladakh,2904,77,2981
2021-02-13,Telangana,278915,3273,282188
2021-02-14,Andaman and Nicobar Islands,3646,0,3646
2021-02-14,Dadra and Nagar Haveli and Daman and Diu,4043,71,4114
2021-02-14,Haryana,195764,588,196352
2021-02-14,Jammu and Kashmir,128822,807,129629
2021-02-14,Karnataka,496234,0,496234
2021-02-14,Ladakh,2904,77,2981
2021-02-14,Odisha,412046,0,412046
2021-02-15,Andaman and Nicobar Islands,3847,182,4029
2021-02-15,Assam,128613,3862,132475
2021-02-15,Kerala,367367,3570,370937
2021-02-15,Ladakh,2904,77,2981
2021-02-15,Manipur,25452,319,25771
2021-02-15,Uttar Pradesh,916568,18394,934962
2021-02-15,West Bengal,545299,9821,555120
2021-02-16,Goa,13147,354,13501
2021-02-16,Kerala,375441,12815,388256
2021-02-16,Uttar Pradesh,916568,18394,934962
2021-02-17,Dadra and Nagar Haveli and Daman and Diu,5623,188,5811
2021-02-17,Jammu and Kashmir,159765,2501,162266
2021-02-17,Lakshadweep,1809,115,1924
2021-02-17,Mizoram,12976,585,13561
2021-02-17,Sikkim,9509,251,9760
2021-02-17,Tamil Nadu,295338,14039,309377
2021-02-17,West Bengal,557880,15866,573746
2021-02-17,Miscellaneous,188661,16639,205300
2021-02-18,Chhattisgarh,321706,14425,336131
2021-02-18,Manipur,35834,901,36735
2021-02-18,Odisha,429212,53401,482613
2021-02-18,Puducherry,7661,454,8115
2021-02-18,Total,9577108,610899,10188007
2021-02-19,Arunachal Pradesh,19608,3951,23559
2021-02-19,Chandigarh,12100,547,12647
2021-02-19,Chhattisgarh,330446,16104,346550
2021-02-19,Dadra and Nagar Haveli and Daman and Diu,6473,322,6795
2021-02-19,Jammu and Kashmir,189840,5282,195122
2021-02-19,Ladakh,5005,358,5363
2021-02-19,Madhya Pradesh,626391,0,626391
2021-02-19,Maharashtra,831921,28465,860386
2021-02-19,Sikkim,11102,698,11800
2021-02-19,Telangana,280277,86051,366328
2021-02-20,Assam,153259,11050,164309
2021-02-20,Gujarat,821940,60130,882070
2021-02-20,Himachal Pradesh,94897,12076,106973
2021-02-20,Maharashtra,875752,46976,922728
2021-02-20,Nagaland,21526,3909,25435
2021-02-20,Telangana,280973,87159,368132
2021-02-20,Uttarakhand,130908,7146,138054
2021-02-21,Bihar,522811,39046,561857
2021-02-21,Madhya Pradesh,640805,3778,644583
2021-02-21,Telangana,280973,87159,368132
2021-02-22,Chandigarh,14198,1089,15287
2021-02-22,Delhi,315841,22788,338629
2021-02-22,Jharkhand,261339,13394,274733
2021-02-22,Ladakh,6610,610,7220
2021-02-22,Lakshadweep,2333,591,2924
2021-02-22,Nagaland,23391,4418,27809
2021-02-22,Odisha,443401,122741,566142
2021-02-22,Tripura,84254,15066,99320
2021-02-22,Total,10487375,1258177,11745552
2021-02-23,Bihar,532936,59521,592457
2021-02-23,Chandigarh,15766,1237,17003
2021-02-23,Mizoram,17315,3490,20805
2021-02-24,Andaman and Nicobar Islands,5644,2118,7762
2021-02-24,Assam,179625,15795,195420
2021-02-24,Jammu and Kashmir,217910,10285,228195
2021-02-24,Puducherry,9436,1023,10459
2021-02-24,Tripura,86336,16416,102752
2021-02-24,Uttar Pradesh,1140754,86021,1226775
2021-02-25,Andaman and Nicobar Islands,6034,2385,8419
2021-02-25,Haryana,220672,68361,289033
2021-02-25,Karnataka,596274,192934,789208
2021-02-25,Madhya Pradesh,649377,131088,780465
2021-02-25,Maharashtra,1010322,131968,1142290
2021-02-25,Meghalaya,28860,1350,30210
2021-02-25,Uttarakhand,140671,14323,154994
2021-02-26,Goa,18722,2072,20794
2021-02-26,Tripura,89449,21529,110978
2021-02-26,Uttar Pradesh,1170925,310058,1480983
2021-02-26,West Bengal,961416,144765,1106181
2021-02-27,Chandigarh,20890,1712,22602
2021-02-27,Kerala,482445,104866,587311
2021-02-27,West Bengal,961416,144765,1106181
2021-02-28,Ladakh,9226,829,10055
2021-02-28,Madhya Pradesh,650684,160632,811316
2021-02-28,Uttarakhand,142340,19446,161786
2021-03-01,Chhattisgarh,386030,57807,443837
2021-03-01,Himachal Pradesh,102373,25720,128093
2021-03-02,Andhra Pradesh,554530,144834,699364
2021-03-02,Goa,23200,3208,26408
2021-03-02,Gujarat,979651,191852,1171503
2021-03-02,Rajasthan,1005225,256548,1261773
2021-03-02,Miscellaneous,802509,50555,853064
2021-03-03,Delhi,423800,48011,471811
2021-03-03,Gujarat,1028606,200859,1229465
2021-03-03,Meghalaya,33984,2228,36212
2021-03-03,Uttar Pradesh,1178302,310119,1488421
2021-03-04,Mizoram,30949,9109,40058
2021-03-04,Sikkim,21341,2689,24030
2021-03-04,Tamil Nadu,585353,84064,669417
2021-03-04,West Bengal,1165605,210948,1376553
2021-03-05,Andhra Pradesh,619712,166166,785878
2021-03-05,Himachal Pradesh,117053,42818,159871
2021-03-05,Jharkhand,327826,54239,382065
2021-03-05,Sikkim,23234,3759,26993
2021-03-06,Arunachal Pradesh,36210,9457,45667
2021-03-06,Gujarat,1420465,344516,1764981
2021-03-06,Karnataka,703891,235607,939498
2021-03-06,Lakshadweep,2638,832,3470
2021-03-06,Manipur,68405,5009,73414
2021-03-07,Arunachal Pradesh,36210,9457,45667
2021-03-07,Chhattisgarh,513728,120922,634650
2021-03-07,Haryana,279531,86121,365652
2021-03-07,Karnataka,704249,235677,939926
2021-03-07,Mizoram,32984,9213,42197
2021-03-07,Uttar Pradesh,1300671,411044,1711715
2021-03-07,Uttarakhand,189624,54158,243782
2021-03-08,Andaman and Nicobar Islands,9890,2998,12888
2021-03-08,Arunachal Pradesh,38211,10263,48474
2021-03-08,Maharashtra,1654605,285764,1940369
2021-03-09,Karnataka,806664,264374,1071038
2021-03-09,Ladakh,19919,2313,22232
2021-03-09,Nagaland,40755,6924,47679
2021-03-09,Sikkim,29847,5862,35709
2021-03-09,Uttar Pradesh,1518536,416986,1935522
2021-03-09,Miscellaneous,1208056,64025,1272081
2021-03-09,Total,20004227,4363679,24367906
2021-03-10,Chandigarh,39856,4611,44467
2021-03-10,Manipur,73510,7902,81412
2021-03-10,Nagaland,42504,7777,50281
2021-03-11,Kerala,1105629,240623,1346252
2021-03-11,Manipur,74320,8682,83002
2021-03-11,Odisha,747398,272809,1020207
2021-03-12,Chandigarh,42914,5120,48034
2021-03-12,Tamil Nadu,1162732,135519,1298251
2021-03-12,Uttar Pradesh,1790224,499242,2289466
2021-03-13,Delhi,643787,117073,760860
2021-03-13,Karnataka,1051003,306059,1357062
2021-03-13,Rajasthan,2436818,457912,2894730
2021-03-13,Uttar Pradesh,1813437,501476,2314913
2021-03-14,Kerala,1281316,267367,1548683
2021-03-14,Nagaland,44747,9968,54715
2021-03-15,Chandigarh,47376,6225,53601
2021-03-15,Dadra and Nagar Haveli and Daman and Diu,15215,2913,18128
2021-03-15,Haryana,559746,121681,681427
2021-03-15,Jammu and Kashmir,413985,64434,478419
2021-03-15,Karnataka,1239819,319712,1559531
2021-03-15,Kerala,1408459,280907,1689366
2021-03-15,Punjab,324929,70077,395006
2021-03-15,Sikkim,41797,7721,49518
2021-03-15,Uttarakhand,299320,88414,387734
2021-03-16,Jharkhand,480914,161402,642316
2021-03-16,Karnataka,1347078,329222,1676300
2021-03-16,Meghalaya,53494,11818,65312
2021-03-17,Manipur,78662,15720,94382
2021-03-17,Telangana,598871,181044,779915
2021-03-18,Delhi,746426,161571,907997
2021-03-18,Jammu and Kashmir,470807,92572,563379
2021-03-18,Karnataka,1676985,349242,2026227
2021-03-18,West Bengal,2691400,457950,3149350
2021-03-19,Arunachal Pradesh,52721,15477,68198
2021-03-19,Himachal Pradesh,274892,81189,356081
2021-03-19,Kerala,1852920,326417,2179337
2021-03-19,Lakshadweep,4106,2003,6109
2021-03-19,Madhya Pradesh,1465679,405077,1870756
2021-03-19,Tamil Nadu,1768349,196301,1964650
2021-03-20,Andaman and Nicobar Islands,13785,4347,18132
2021-03-20,Arunachal Pradesh,54050,15869,69919
2021-03-20,Chhattisgarh,1072388,268102,1340490
2021-03-20,Goa,76489,13019,89508
2021-03-20,Gujarat,2916065,598596,3514661
2021-03-20,Jammu and Kashmir,494758,105157,599915
2021-03-20,Karnataka,2109425,371724,2481149
2021-03-20,Ladakh,38003,5246,43249
2021-03-20,Tripura,250032,66719,316751
2021-03-20,Total,37125187,7478654,44603841
2021-03-21,Karnataka,2129706,372403,2502109
2021-03-21,Ladakh,38035,5248,43283
2021-03-21,Maharashtra,3682577,595905,4278482
2021-03-21,Meghalaya,59169,19385,78554
2021-03-21,Odisha,1417557,367290,1784847
2021-03-21,Puducherry,42524,6041,48565
2021-03-21,Telangana,692820,202526,895346
2021-03-21,Uttarakhand,412214,107713,519927
2021-03-21,West Bengal,3147921,501784,3649705
2021-03-21,Total,37574302,7491696,45065998
2021-03-22,Kerala,2089462,342811,2432273
2021-03-22,Punjab,490362,88097,578459
2021-03-22,West Bengal,3406689,534591,3941280
2021-03-23,Chhattisgarh,1159298,285740,1445038
2021-03-23,Himachal Pradesh,314214,86528,400742
2021-03-23,Uttarakhand,464298,112637,576935
2021-03-24,Manipur,83749,27033,110782
2021-03-24,Total,44846538,8299171,53145709
2021-03-25,Chhattisgarh,1251396,297510,1548906
2021-03-25,Goa,86915,15032,101947
2021-03-25,Maharashtra,4541032,687865,5228897
2021-03-25,Mizoram,51831,12719,64550
2021-03-25,Puducherry,56187,6652,62839
2021-03-26,Arunachal Pradesh,62551,18982,81533
2021-03-26,Jharkhand,1228469,218819,1447288
2021-03-26,Karnataka,2875521,410308,3285829
2021-03-26,Ladakh,39181,6378,45559
2021-03-26,Lakshadweep,4510,2066,6576
2021-03-26,Maharashtra,4786833,707926,5494759
2021-03-26,Odisha,1778321,389635,2167956
2021-03-26,Rajasthan,4632659,674962,5307621
2021-03-26,Miscellaneous,1453210,513612,1966822
2021-03-27,Arunachal Pradesh,64272,19178,83450
2021-03-27,Assam,870710,133328,1004038
2021-03-27,Goa,91828,15892,107720
2021-03-27,Kerala,2647764,371882,3019646
2021-03-27,Lakshadweep,4724,2076,6800
2021-03-28,Arunachal Pradesh,64272,19178,83450
2021-03-28,Ladakh,39298,6394,45692
2021-03-28,Punjab,643575,99052,742627
2021-03-28,Tamil Nadu,2498283,253345,2751628
2021-03-30,Andhra Pradesh,2121512,382967,2504479
2021-03-30,Arunachal Pradesh,65951,19938,85889
2021-03-30,Chandigarh,64871,11082,75953
2021-03-30,Kerala,2957153,382708,3339861
2021-03-30,Ladakh,39387,6425,45812
2021-03-30,Meghalaya,70556,29281,99837
2021-03-30,Nagaland,62104,23183,85287
2021-03-30,Odisha,1925880,401042,2326922
2021-03-30,Sikkim,60964,12322,73286
2021-03-30,Telangana,1034705,227420,1262125
2021-03-31,Haryana,1437776,153823,1591599
2021-04-01,Tamil Nadu,2835444,279179,3114623
2021-04-02,Jammu and Kashmir,725720,164014,889734
2021-04-02,Jharkhand,1489422,257300,1746722
2021-04-03,Jammu and Kashmir,754726,167836,922562
2021-04-04,Chandigarh,77467,13879,91346
2021-04-04,Himachal Pradesh,541886,91646,633532
2021-04-04,Ladakh,55645,6962,62607
2021-04-04,Meghalaya,87281,34523,121804
2021-04-04,Puducherry,75651,7402,83053
2021-04-05,Odisha,2868211,418839,3287050
2021-04-05,Tamil Nadu,2907580,298198,3205778
2021-04-05,Tripura,663699,82607,746306
2021-04-05,Uttar Pradesh,6071090,1127282,7198372
2021-04-06,Andhra Pradesh,2813650,452961,3266611
2021-04-06,Chhattisgarh,2935774,363944,3299718
2021-04-06,Jharkhand,1735053,271216,2006269
2021-04-06,Puducherry,78014,8085,86099
2021-04-06,West Bengal,6095641,777848,6873489
2021-04-06,Miscellaneous,1509067,897782,2406849
2021-04-07,Maharashtra,8075190,874370,8949560
2021-04-08,Delhi,1565598,331955,1897553
2021-04-08,Kerala,3899535,457416,4356951
2021-04-08,Ladakh,63903,7356,71259
2021-04-08,Uttarakhand,1015393,167519,1182912
2021-04-09,Jharkhand,1879304,283325,2162629
2021-04-09,Meghalaya,101170,37957,139127
2021-04-10,Assam,1236253,250041,1486294
2021-04-10,Chhattisgarh,3722048,406400,4128448
2021-04-10,Delhi,1705369,357342,2062711
2021-04-10,Gujarat,7983507,1073335,9056842
2021-04-10,Kerala,4270953,492900,4763853
2021-04-10,Madhya Pradesh,4866689,598432,5465121
2021-04-10,Mizoram,73635,21594,95229
2021-04-10,Sikkim,99963,15238,115201
2021-04-10,West Bengal,6973057,918593,7891650
2021-04-11,Assam,1244430,254299,1498729
2021-04-11,Goa,147239,31151,178390
2021-04-11,Gujarat,8156563,1103721,9260284
2021-04-12,Assam,1263456,267581,1531037
2021-04-12,Maharashtra,9520725,1008651,10529376
2021-04-12,Mizoram,81107,23971,105078
2021-04-12,Tamil Nadu,3450649,431129,3881778
2021-04-13,Chhattisgarh,4122287,438231,4560518
2021-04-13,Delhi,1912085,392901,2304986
2021-04-13,Uttarakhand,1205293,197902,1403195
2021-04-13,Total,97301914,13877664,111179578
2021-04-14,Arunachal Pradesh,124509,33702,158211
2021-04-14,Jammu and Kashmir,1245958,206806,1452764
2021-04-14,Lakshadweep,12503,2805,15308
2021-04-14,Meghalaya,116428,41065,157493
2021-04-14,Uttarakhand,1228455,203622,1432077
2021-04-14,Miscellaneous,1604993,1103306,2708299
2021-04-15,Delhi,2032057,422908,2454965
2021-04-15,Ladakh,66918,9554,76472
2021-04-15,Odisha,4121043,564788,4685831
2021-04-15,Punjab,1982703,183348,2166051
2021-04-15,Tripura,747072,98224,845296
2021-04-16,Andhra Pradesh,4007551,596253,4603804
2021-04-16,Chandigarh,114800,24346,139146
2021-04-16,Gujarat,8814503,1351100,10165603
2021-04-16,Karnataka,6226678,683721,6910399
2021-04-16,Kerala,5042561,639411,5681972
2021-04-16,Maharashtra,10659857,1227002,11886859
2021-04-16,Mizoram,117031,31042,148073
2021-04-16,Odisha,4207944,587076,4795020
2021-04-16,Rajasthan,9207156,1316216,10523372
2021-04-16,West Bengal,7499557,1109748,8609305
2021-04-17,Andhra Pradesh,4010028,597947,4607975
2021-04-17,Assam,1295693,290745,1586438
2021-04-17,Chandigarh,117734,25520,143254
2021-04-17,Jharkhand,2394315,339902,2734217
2021-04-17,Miscellaneous,1624241,1168145,2792386
2021-04-17,Total,106431076,16191514,122622590
2021-04-18,Jharkhand,2427168,348265,2775433
2021-04-19,Chhattisgarh,4517261,526449,5043710
2021-04-19,Nagaland,117084,31597,148681
2021-04-19,Rajasthan,9660969,1531150,11192119
2021-04-19,Total,109659181,17469932,127129113
2021-04-20,Arunachal Pradesh,145144,40927,186071
2021-04-20,Bihar,5196802,768873,5965675
2021-04-20,Chhattisgarh,4561972,540980,5102952
2021-04-20,Dadra and Nagar Haveli and Daman and Diu,74293,12102,86395
2021-04-20,Sikkim,146886,24256,171142
2021-04-20,Tripura,791007,143008,934015
2021-04-21,Chandigarh,127635,30930,158565
2021-04-21,Tripura,794923,146775,941698
2021-04-21,Total,113147596,19183048,132330644
2021-04-22,Lakshadweep,16567,3639,20206
2021-04-22,Punjab,2449142,266337,2715479
2021-04-22,Tamil Nadu,4269535,807443,5076978
2021-04-22,Uttar Pradesh,9564334,1877394,11441728
2021-04-22,Miscellaneous,1641554,1226177,2867731
2021-04-23,Chandigarh,134396,35042,169438
2021-04-23,Chhattisgarh,4686345,586677,5273022
2021-04-23,Jammu and Kashmir,1632676,292340,1925016
2021-04-23,Maharashtra,12184898,1815094,13999992
2021-04-23,Mizoram,166665,39526,206191
2021-04-23,Nagaland,136697,34908,171605
2021-04-23,Puducherry,160538,18981,179519
2021-04-24,Arunachal Pradesh,162665,46515,209180
2021-04-24,Chandigarh,137994,36727,174721
2021-04-24,Haryana,3032843,470613,3503456
2021-04-24,Karnataka,7439084,1153774,8592858
2021-04-24,Ladakh,71714,24825,96539
2021-04-24,Madhya Pradesh,6942969,952623,7895592
2021-04-24,Total,118580324,22336093,140916417
2021-04-25,Assam,1605276,415466,2020742
2021-04-25,Bihar,5534725,902757,6437482
2021-04-25,Delhi,2425355,578140,3003495
2021-04-25,Ladakh,71734,25222,96956
2021-04-25,Madhya Pradesh,6949737,958928,7908665
2021-04-25,Odisha,4736047,794127,5530174
2021-04-25,Rajasthan,10388447,1959506,12347953
2021-04-25,Sikkim,153939,31956,185895
2021-04-25,West Bengal,8243729,1725523,9969252
2021-04-26,Arunachal Pradesh,168237,48709,216946
2021-04-26,Dadra and Nagar Haveli and Daman and Diu,77374,14034,91408
2021-04-26,Goa,248297,64730,313027
2021-04-26,Karnataka,7632148,1260560,8892708
2021-04-26,Miscellaneous,1655576,1265898,2921474
2021-04-27,Andaman and Nicobar Islands,90471,10117,100588
2021-04-27,Chandigarh,148026,42015,190041
2021-04-27,Gujarat,9719163,2182679,11901842
2021-04-27,Maharashtra,13031376,2290991,15322367
2021-04-27,Puducherry,164777,23046,187823
2021-04-27,Tamil Nadu,4496115,1129976,5626091
2021-04-28,Mizoram,199993,43924,243917
2021-04-28,Puducherry,166078,24656,190734
2021-04-28,Total,124212143,25808505,150020648
2021-04-29,Kerala,6006406,1222823,7229229
2021-04-30,Andhra Pradesh,5112553,1467264,6579817
2021-04-30,Haryana,3199113,559402,3758515
2021-04-30,Karnataka,8091599,1551873,9643472
2021-04-30,Puducherry,169451,28339,197790
2021-04-30,West Bengal,8662504,2309974,10972478
2021-04-30,Miscellaneous,1671037,1306755,2977792
2021-05-01,Andaman and Nicobar Islands,94050,11113,105163
2021-05-01,Delhi,2615985,712661,3328646
2021-05-01,Gujarat,10159249,2589781,12749030
2021-05-01,Jammu and Kashmir,1997474,381082,2378556
2021-05-01,Punjab,3032662,445009,3477671
2021-05-01,Sikkim,161460,43669,205129
2021-05-01,Tripura,907588,353849,1261437
2021-05-01,West Bengal,8694518,2370153,11064671
2021-05-02,Himachal Pradesh,1566261,262692,1828953
2021-05-02,Karnataka,8204633,1612764,9817397
2021-05-02,Manipur,205036,61754,266790
2021-05-03,Himachal Pradesh,1591608,278694,1870302
2021-05-03,Jharkhand,2660224,504088,3164312
2021-05-04,Arunachal Pradesh,196075,60445,256520
2021-05-04,Assam,2147838,598670,2746508
2021-05-04,Gujarat,10308883,2761603,13070486
2021-05-04,Haryana,3333546,591014,3924560
2021-05-04,Meghalaya,251301,63092,314393
2021-05-04,Uttar Pradesh,10507449,2517434,13024883
2021-05-05,Himachal Pradesh,1635184,310746,1945930
2021-05-05,Punjab,3129157,498575,3627732
2021-05-06,Delhi,2877331,810452,3687783
2021-05-06,Maharashtra,14162312,3081145,17243457
2021-05-06,Manipur,248329,65545,313874
2021-05-06,Sikkim,163340,51377,214717
2021-05-06,Uttar Pradesh,10671374,2659209,13330583
2021-05-06,Uttarakhand,1719526,521939,2241465
2021-05-06,Total,132087824,32885234,164973058
2021-05-07,Karnataka,8443913,1922619,10366532
2021-05-07,Ladakh,81744,36337,118081
2021-05-07,Maharashtra,14383450,3234269,17617719
2021-05-08,Himachal Pradesh,1678113,359630,2037743
2021-05-08,Jharkhand,2700008,569702,3269710
2021-05-08,Ladakh,82790,36486,119276
2021-05-08,Meghalaya,274314,67895,342209
2021-05-08,Uttar Pradesh,10815768,2778193,13593961
2021-05-09,Goa,309994,83450,393444
2021-05-09,Haryana,3589324,728713,4318037
2021-05-09,Jammu and Kashmir,2218533,485248,2703781
2021-05-09,Kerala,6169750,1764719,7934469
2021-05-09,Madhya Pradesh,7164043,1432900,8596943
2021-05-09,Nagaland,172178,46358,218536
2021-05-09,Odisha,5029216,1137479,6166695
2021-05-09,Punjab,3273379,600290,3873669
2021-05-09,Uttarakhand,1752485,595178,2347663
2021-05-10,Andaman and Nicobar Islands,97829,13805,111634
2021-05-10,Arunachal Pradesh,209450,74087,283537
2021-05-10,Bihar,6444938,1545543,7990481
2021-05-10,Lakshadweep,20078,6113,26191
2021-05-10,Punjab,3311504,635567,3947071
2021-05-10,Telangana,4376576,906394,5282970
2021-05-10,Uttar Pradesh,10908035,2852627,13760662
2021-05-11,Kerala,6210968,1901898,8112866
2021-05-11,Nagaland,176227,49549,225776
2021-05-11,Tripura,935719,496365,1432084
2021-05-11,West Bengal,8785144,3361343,12146487
2021-05-11,Miscellaneous,1695473,1385222,3080695
2021-05-12,Andhra Pradesh,5330276,2043245,7373521
2021-05-12,Chandigarh,195168,69769,264937
2021-05-12,Chhattisgarh,4957168,984556,5941724
2021-05-12,Uttar Pradesh,11134848,3006688,14141536
2021-05-12,Total,137658380,39555876,177214256
2021-05-13,Assam,2535166,723125,3258291
2021-05-13,Bihar,6764692,1647942,8412634
2021-05-13,Karnataka,8644671,2349633,10994304
2021-05-13,Kerala,6236840,1944711,8181551
2021-05-13,Manipur,294064,69492,363556
2021-05-13,Punjab,3414625,693559,4108184
2021-05-13,Sikkim,164686,59026,223712
2021-05-13,West Bengal,8814904,3642664,12457568
2021-05-14,Dadra and Nagar Haveli and Daman and Diu,87618,24757,112375
2021-05-14,Jharkhand,2790722,652498,3443220
2021-05-14,Rajasthan,11895029,2957371,14852400
2021-05-14,Sikkim,164814,59573,224387
2021-05-14,Telangana,4385309,1062232,5447541
2021-05-15,Bihar,7024279,1674416,8698695
2021-05-15,Chandigarh,205449,73662,279111
2021-05-15,Jammu and Kashmir,2275190,531925,2807115
2021-05-15,Jharkhand,2839955,661850,3501805
2021-05-15,Maharashtra,15465331,4198732,19664063
2021-05-16,Jharkhand,2881446,663509,3544955
2021-05-16,Odisha,5176084,1402985,6579069
2021-05-16,Telangana,4385414,1062391,5447805
2021-05-17,Arunachal Pradesh,222938,77835,300773
2021-05-17,Dadra and Nagar Haveli and Daman and Diu,96333,25872,122205
2021-05-17,Jharkhand,2934368,665327,3599695
2021-05-17,Ladakh,87124,37252,124376
2021-05-17,Punjab,3452562,704463,4157025
2021-05-17,Rajasthan,12287103,2982610,15269713
2021-05-18,Andaman and Nicobar Islands,99792,14929,114721
2021-05-18,Bihar,7323327,1690243,9013570
2021-05-18,Jharkhand,2984496,666485,3650981
2021-05-18,Ladakh,88110,37256,125366
2021-05-18,Lakshadweep,20957,6521,27478
2021-05-19,Mizoram,245986,50911,296897
2021-05-19,Puducherry,183733,50683,234416
2021-05-19,West Bengal,8983654,3770294,12753948
2021-05-20,Assam,2859742,760376,3620118
2021-05-20,Delhi,3847988,1123011,4970999
2021-05-20,Haryana,4266919,931272,5198191
2021-05-20,Maharashtra,16123408,4341785,20465193
2021-05-20,Nagaland,194818,51838,246656
2021-05-21,Assam,2897835,767198,3665033
2021-05-21,Jammu and Kashmir,2383047,535660,2918707
2021-05-21,Lakshadweep,22586,6912,29498
2021-05-22,Bihar,7787248,1729492,9516740
2021-05-22,Meghalaya,360213,74149,434362
2021-05-22,Miscellaneous,1709757,1435263,3145020
2021-05-23,Delhi,3940310,1151602,5091912
2021-05-23,Goa,390864,94683,485547
2021-05-23,Ladakh,94876,37257,132133
2021-05-24,Andhra Pradesh,5657588,2365953,8023541
2021-05-24,Arunachal Pradesh,248977,78030,327007
2021-05-24,Haryana,4531426,954787,5486213
2021-05-24,West Bengal,9506287,3826830,13333117
2021-05-24,Miscellaneous,1711180,1439935,3151115
2021-05-25,Goa,402383,94743,497126
2021-05-25,Himachal Pradesh,1943115,433243,2376358
2021-05-25,Karnataka,9748053,2641136,12389189
2021-05-25,Manipur,354004,70157,424161
2021-05-25,West Bengal,9650872,3835335,13486207
2021-05-26,Bihar,8309462,1754468,10063930
2021-05-26,Delhi,4045357,1179883,5225240
2021-05-26,Goa,408278,94783,503061
2021-05-26,Jammu and Kashmir,2554142,540479,3094621
2021-05-26,Jharkhand,3350298,686359,4036657
2021-05-26,Ladakh,101179,37264,138443
2021-05-26,Madhya Pradesh,8414188,1763210,10177398
2021-05-26,Mizoram,256097,51060,307157
2021-05-27,Assam,3162510,819055,3981565
2021-05-27,Chandigarh,255005,74732,329737
2021-05-27,Jammu and Kashmir,2613736,541062,3154798
2021-05-27,Meghalaya,380820,74233,455053
2021-05-27,Tamil Nadu,6230848,1978147,8208995
2021-05-28,Chandigarh,259618,74826,334444
2021-05-28,Gujarat,12446432,4056693,16503125
2021-05-28,Maharashtra,17426603,4487246,21913849
2021-05-28,Telangana,4573867,1229488,5803355
2021-05-29,Gujarat,12629180,4090179,16719359
2021-05-29,Tripura,1080642,507573,1588215
2021-05-29,West Bengal,10403305,3864000,14267305
2021-05-30,Gujarat,12785874,4114789,16900663
2021-05-30,Himachal Pradesh,1997445,433612,2431057
2021-05-30,Uttar Pradesh,14558288,3450316,18008604
2021-05-30,Total,168613371,44540758,213154129
2021-05-31,Maharashtra,18005790,4569691,22575481
2021-05-31,Punjab,4274207,770462,5044669
2021-06-01,Andaman and Nicobar Islands,109815,15186,125001
2021-06-01,Arunachal Pradesh,258147,78397,336544
2021-06-01,Chhattisgarh,5897444,1113067,7010511
2021-06-01,Meghalaya,393522,74370,467892
2021-06-01,Puducherry,221199,51290,272489
2021-06-01,Total,173411496,45135171,218546667
2021-06-02,Assam,3358720,840291,4199011
2021-06-02,Chandigarh,285640,74960,360600
2021-06-02,Delhi,4249118,1249311,5498429
2021-06-02,Jammu and Kashmir,2812550,553591,3366141
2021-06-02,Jharkhand,3542691,721147,4263838
2021-06-02,Mizoram,265606,51152,316758
2021-06-02,Nagaland,225133,51983,277116
2021-06-02,Rajasthan,14080570,3150616,17231186
2021-06-02,West Bengal,11278440,3902916,15181356
2021-06-03,Andaman and Nicobar Islands,110997,15198,126195
2021-06-03,Andhra Pradesh,7783529,2554317,10337846
2021-06-03,Dadra and Nagar Haveli and Daman and Diu,185733,26014,211747
2021-06-03,Gujarat,13427146,4232552,17659698
2021-06-03,Ladakh,134121,37300,171421
2021-06-03,Maharashtra,18612983,4679276,23292259
2021-06-03,Miscellaneous,1723677,1472371,3196048
2021-06-04,Andaman and Nicobar Islands,111498,15206,126704
2021-06-04,Gujarat,13663544,4261375,17924919
2021-06-04,Kerala,7878459,2137416,10015875
2021-06-04,Nagaland,229598,52038,281636
2021-06-04,Sikkim,179775,59712,239487
2021-06-04,Tamil Nadu,7783926,2085072,9868998
2021-06-04,Tripura,1123271,507979,1631250
2021-06-04,Total,181952338,45907979,227860317
2021-06-05,Kerala,8046801,2156608,10203409
2021-06-05,Sikkim,179854,59713,239567
2021-06-06,Assam,3487964,850335,4338299
2021-06-06,Chandigarh,304610,75108,379718
2021-06-06,Haryana,5219312,1019745,6239057
2021-06-06,Himachal Pradesh,2090059,434203,2524262
2021-06-06,Madhya Pradesh,10917343,1835020,12752363
2021-06-06,Nagaland,230387,52045,282432
2021-06-06,Odisha,6785482,1505041,8290523
2021-06-06,Puducherry,237177,51654,288831
2021-06-06,Sikkim,180005,59713,239718
2021-06-06,Telangana,5377158,1303149,6680307
2021-06-06,Tripura,1128411,508061,1636472
2021-06-07,Andaman and Nicobar Islands,112476,15250,127726
2021-06-07,Assam,3532489,855435,4387924
2021-06-07,Delhi,4415335,1318154,5733489
2021-06-07,Puducherry,242308,51823,294131
2021-06-08,Assam,3588430,860578,4449008
2021-06-08,Chhattisgarh,6004099,1139374,7143473
2021-06-08,Gujarat,14560225,4362132,18922357
2021-06-08,Ladakh,144363,37332,181695
2021-06-08,Uttarakhand,2428067,689460,3117527
2021-06-09,Andaman and Nicobar Islands,113196,15287,128483
2021-06-09,Goa,503758,96936,600694
2021-06-09,Meghalaya,405604,74599,480203
2021-06-09,Odisha,7177475,1566700,8744175
2021-06-09,Uttar Pradesh,17864149,3701174,21565323
2021-06-10,Goa,511201,97178,608379
2021-06-10,Gujarat,15003482,4455800,19459282
2021-06-10,Himachal Pradesh,2130836,435278,2566114
2021-06-10,Karnataka,13275211,2953042,16228253
2021-06-10,Manipur,456059,71293,527352
2021-06-10,Puducherry,259104,52406,311510
2021-06-11,Odisha,7288993,1606999,8895992
2021-06-11,Puducherry,264593,52603,317196
2021-06-12,Andaman and Nicobar Islands,115686,15348,131034
2021-06-12,Himachal Pradesh,2151461,435972,2587433
2021-06-12,Meghalaya,426960,74687,501647
2021-06-12,Uttar Pradesh,19141183,3794632,22935815
2021-06-12,Uttarakhand,2589789,694797,3284586
2021-06-12,Total,204893461,48301587,253195048
2021-06-13,Gujarat,15697737,4572559,20270296
2021-06-13,Himachal Pradesh,2151620,435973,2587593
2021-06-13,Tamil Nadu,8691807,2151121,10842928
2021-06-14,Dadra and Nagar Haveli and Daman and Diu,245718,26413,272131
2021-06-15,Arunachal Pradesh,346913,79233,426146
2021-06-15,Bihar,10263321,1931895,12195216
2021-06-15,Dadra and Nagar Haveli and Daman and Diu,252377,26496,278873
2021-06-15,Sikkim,242475,59833,302308
2021-06-16,Chhattisgarh,6144376,1197594,7341970
2021-06-16,Delhi,4752339,1506598,6258937
2021-06-16,Gujarat,16411386,4669903,21081289
2021-06-16,Mizoram,341314,52406,393720
2021-06-17,Andaman and Nicobar Islands,119426,15442,134868
2021-06-17,Delhi,4812748,1536175,6348923
2021-06-17,Goa,608814,99642,708456
2021-06-17,Himachal Pradesh,2303730,437077,2740807
2021-06-17,Madhya Pradesh,12912794,2039988,14952782
2021-06-17,Manipur,484446,71804,556250
2021-06-17,Punjab,5136354,836980,5973334
2021-06-17,Tamil Nadu,9681761,2216577,11898338
2021-06-18,Dadra and Nagar Haveli and Daman and Diu,270738,26748,297486
2021-06-18,Karnataka,14912838,3155782,18068620
2021-06-18,Ladakh,160677,37444,198121
2021-06-18,Sikkim,287427,59894,347321
2021-06-19,Jammu and Kashmir,3349640,601078,3950718
2021-06-19,Nagaland,341966,52992,394958
2021-06-20,Arunachal Pradesh,400760,79633,480393
2021-06-20,Bihar,11622432,2048930,13671362
2021-06-20,Kerala,9706769,2439024,12145793
2021-06-20,Lakshadweep,44398,7145,51543
2021-06-21,Andhra Pradesh,11250631,2744859,13995490
2021-06-21,Assam,4633660,1085784,5719444
2021-06-21,Chandigarh,382244,77232,459476
2021-06-21,Jharkhand,4948106,926014,5874120
2021-06-21,Maharashtra,22548801,5534119,28082920
2021-06-21,Meghalaya,528924,75223,604147
2021-06-21,Uttar Pradesh,22260842,4061935,26322777
2021-06-21,West Bengal,14978061,4350152,19328213
2021-06-22,Bihar,12532096,2094316,14626412
2021-06-22,Karnataka,16692301,3345137,20037438
2021-06-22,Nagaland,366376,53395,419771
2021-06-23,Assam,5227301,1120548,6347849
2021-06-23,Chandigarh,396356,77947,474303
2021-06-23,Manipur,510146,72480,582626
2021-06-23,Mizoram,443241,53016,496257
2021-06-23,Odisha,8861348,1890915,10752263
2021-06-23,Punjab,5673948,890491,6564439
2021-06-24,Jammu and Kashmir,3541520,621477,4162997
2021-06-24,Ladakh,167492,39413,206905
2021-06-24,Mizoram,465461,53086,518547
2021-06-24,Nagaland,386049,54520,440569
2021-06-24,Uttar Pradesh,24730651,4191954,28922605
2021-06-25,Assam,5536768,1152586,6689354
2021-06-25,Madhya Pradesh,16543406,2257638,18801044
2021-06-25,Rajasthan,19933012,3740339,23673351
2021-06-26,Goa,748352,107791,856143
2021-06-26,Karnataka,18089449,3533238,21622687
2021-06-26,Nagaland,403587,54845,458432
2021-06-26,Puducherry,416585,62832,479417
2021-06-26,West Bengal,16320708,4723595,21044303
2021-06-27,Andhra Pradesh,11958636,2910171,14868807
2021-06-27,Assam,5668538,1186267,6854805
2021-06-27,Madhya Pradesh,17466939,2359925,19826864
2021-06-27,Odisha,9541255,2030467,11571722
2021-06-27,Tamil Nadu,12536293,2486780,15023073
2021-06-27,Uttar Pradesh,26154182,4325246,30479428
2021-06-28,Andaman and Nicobar Islands,148504,17435,165939
2021-06-28,Chhattisgarh,7672810,1528567,9201377
2021-06-28,Goa,781063,111157,892220
2021-06-28,Rajasthan,20556295,3883011,24439306
2021-06-28,Uttarakhand,3478702,784497,4263199
2021-06-29,Kerala,10748550,3200150,13948700
2021-06-29,Ladakh,170297,54372,224669
2021-06-29,Madhya Pradesh,17909367,2393985,20303352
2021-06-29,Manipur,563426,73782,637208
2021-06-29,Telangana,9329680,1545519,10875199
2021-06-29,Miscellaneous,1735859,1519168,3255027
2021-06-30,Andhra Pradesh,12588369,3116201,15704570
2021-06-30,Dadra and Nagar Haveli and Daman and Diu,387082,40234,427316
2021-06-30,Lakshadweep,46779,7921,54700
2021-07-01,Bihar,13865820,2252463,16118283
2021-07-01,Gujarat,20266503,5707513,25974016
2021-07-01,Haryana,7585087,1467974,9053061
2021-07-01,Jammu and Kashmir,3877660,693765,4571425
2021-07-01,Manipur,597706,74460,672166
2021-07-01,Meghalaya,631349,80944,712293
2021-07-01,Nagaland,447305,61992,509297
2021-07-01,Uttar Pradesh,27048814,4586490,31635304
2021-07-01,Uttarakhand,3609949,836737,4446686
2021-07-02,Ladakh,172099,57988,230087
2021-07-02,Tamil Nadu,13526547,2648165,16174712
2021-07-02,Uttar Pradesh,27365460,4703917,32069377
2021-07-02,Uttarakhand,3631811,847666,4479477
2021-07-03,Delhi,6466497,1906836,8373333
2021-07-03,Puducherry,454244,72027,526271
2021-07-04,Chandigarh,461440,96710,558150
2021-07-04,Delhi,6472151,1910688,8382839
2021-07-04,Nagaland,461490,65429,526919
2021-07-04,Odisha,10017262,2220081,12237343
2021-07-05,Jammu and Kashmir,4103997,770582,4874579
2021-07-05,Puducherry,460557,78465,539022
2021-07-05,Miscellaneous,1737099,1525929,3263028
2021-07-06,Andhra Pradesh,13298619,3335328,16633947
2021-07-06,Punjab,6654477,1242647,7897124
2021-07-06,Tripura,2017992,624699,2642691
2021-07-07,Kerala,11356276,3764310,15120586
2021-07-07,Tamil Nadu,14280590,2814007,17094597
2021-07-07,West Bengal,17454774,5912029,23366803
2021-07-08,Andaman and Nicobar Islands,163284,45356,208640
2021-07-08,Gujarat,21190130,6157088,27347218
2021-07-08,Madhya Pradesh,19543269,3669210,23212479
2021-07-08,Maharashtra,28250377,7522771,35773148
2021-07-08,Tamil Nadu,14363683,2879848,17243531
2021-07-08,Tripura,2031660,631163,2662823
2021-07-09,Assam,6462377,1328658,7791035
2021-07-09,Dadra and Nagar Haveli and Daman and Diu,458219,57873,516092
2021-07-09,Goa,904933,158124,1063057
2021-07-09,Himachal Pradesh,3419934,838929,4258863
2021-07-10,Ladakh,181385,60730,242115
2021-07-10,Mizoram,583307,88062,671369
2021-07-11,Bihar,15907489,2685174,18592663
2021-07-11,Jammu and Kashmir,4314682,835458,5150140
2021-07-11,Lakshadweep,47993,10741,58734
2021-07-11,Tamil Nadu,14521761,2968689,17490450
2021-07-12,Jharkhand,6400885,1293796,7694681
2021-07-12,Manipur,794059,86318,880377
2021-07-12,Puducherry,493551,116586,610137
2021-07-12,Tamil Nadu,14781129,3066750,17847879
2021-07-12,Uttarakhand,3930271,1000918,4931189
2021-07-13,Haryana,8281500,1835038,10116538
2021-07-13,Telangana,10699363,2121117,12820480
2021-07-13,Uttarakhand,3957266,1021926,4979192
2021-07-14,Haryana,8323981,1863321,10187302
2021-07-14,Rajasthan,22338742,5105106,27443848
2021-07-14,Total,313529502,77810989,391340491
2021-07-15,Haryana,8367206,1891587,10258793
2021-07-15,Jammu and Kashmir,4453359,911461,5364820
2021-07-16,Delhi,7086074,2188248,9274322
2021-07-16,Goa,965882,200827,1166709
2021-07-16,Ladakh,184757,62019,246776
2021-07-16,Maharashtra,30053656,8841609,38895265
2021-07-16,Miscellaneous,1742225,1537084,3279309
2021-07-17,Andhra Pradesh,14507827,4118077,18625904
2021-07-17,Ladakh,184970,62169,247139
2021-07-17,Madhya Pradesh,21169505,4014121,25183626
2021-07-17,Mizoram,609286,127508,736794
2021-07-17,Tamil Nadu,15926560,3458016,19384576
2021-07-17,Uttarakhand,4036250,1165577,5201827
2021-07-18,Delhi,7141469,2216009,9357478
2021-07-18,Telangana,10872534,2407855,13280389
2021-07-18,Uttarakhand,4052746,1177604,5230350
2021-07-18,Total,322944436,83537057,406481493
2021-07-19,Arunachal Pradesh,635285,141833,777118
2021-07-19,Assam,7382885,1557222,8940107
2021-07-19,Haryana,8633560,2062920,10696480
2021-07-19,Kerala,12157109,4901973,17059082
2021-07-19,Puducherry,523893,130293,654186
2021-07-19,Punjab,7259314,1558644,8817958
2021-07-19,Rajasthan,23295731,5709586,29005317
2021-07-19,Uttar Pradesh,34394183,6657551,41051734
2021-07-20,Chhattisgarh,9094569,2136050,11230619
2021-07-20,Delhi,7200320,2255149,9455469
2021-07-20,Haryana,8692616,2100748,10793364
2021-07-20,Meghalaya,799437,134274,933711
2021-07-20,Mizoram,619675,149231,768906
2021-07-20,Punjab,7265160,1562970,8828130
2021-07-20,Rajasthan,23367032,5745243,29112275
2021-07-21,Chandigarh,558850,152190,711040
2021-07-21,Dadra and Nagar Haveli and Daman and Diu,520173,68953,589126
2021-07-21,Meghalaya,807205,140944,948149
2021-07-21,Odisha,11512863,3408325,14921188
2021-07-22,Bihar,18345621,3307609,21653230
2021-07-22,Dadra and Nagar Haveli and Daman and Diu,523385,69726,593111
2021-07-22,Madhya Pradesh,22439266,4360640,26799906
2021-07-22,Rajasthan,23791783,6130801,29922584
2021-07-22,Total,333945151,89471879,423417030
2021-07-23,Andaman and Nicobar Islands,190153,85236,275389
2021-07-23,Assam,7851373,1683402,9534775
2021-07-23,Haryana,8769778,2171924,10941702
2021-07-23,Kerala,12585908,5390415,17976323
2021-07-23,Mizoram,626386,170442,796828
2021-07-24,Andhra Pradesh,14910383,4655273,19565656
2021-07-24,Goa,1013222,245518,1258740
2021-07-24,Gujarat,23953542,7363548,31317090
2021-07-24,Meghalaya,836087,164254,1000341
2021-07-24,Mizoram,626561,171543,798104
2021-07-24,Odisha,11788335,3608465,15396800
2021-07-24,Punjab,7477995,1750500,9228495
2021-07-25,Haryana,8818944,2202603,11021547
2021-07-25,Lakshadweep,49661,14455,64116
2021-07-25,Maharashtra,31424960,9894145,41319105
2021-07-25,Uttar Pradesh,37199189,7213587,44412776
2021-07-25,Total,341802707,93393294,435196001
2021-07-26,Arunachal Pradesh,659025,163154,822179
2021-07-26,Delhi,7311091,2430507,9741598
2021-07-26,Haryana,8880879,2245037,11125916
2021-07-26,Jammu and Kashmir,4743470,1180480,5923950
2021-07-26,Karnataka,23074120,6051663,29125783
2021-07-26,Lakshadweep,49794,14708,64502
2021-07-26,Punjab,7504559,1775956,9280515
2021-07-26,West Bengal,19763014,8302952,28065966
2021-07-26,Miscellaneous,1743698,1542288,3285986
2021-07-27,Andhra Pradesh,15829492,5099053,20928545
2021-07-27,Bihar,19490747,3624684,23115431
2021-07-27,Chhattisgarh,9338796,2238776,11577572
2021-07-27,Karnataka,23245158,6173347,29418505
2021-07-27,Maharashtra,31989665,10362802,42352467
2021-07-27,Puducherry,553542,141259,694801
2021-07-27,Telangana,11133590,3140911,14274501
2021-07-27,West Bengal,19957376,8376243,28333619
2021-07-28,Chandigarh,597901,182807,780708
2021-07-28,Delhi,7336542,2500705,9837247
2021-07-28,Meghalaya,864207,183534,1047741
2021-07-28,Puducherry,556463,142273,698736
2021-07-28,Telangana,11140017,3151825,14291842
2021-07-28,Uttar Pradesh,38818078,7517474,46335552
2021-07-28,Uttarakhand,4268481,1380203,5648684
2021-07-29,Chandigarh,603124,186231,789355
2021-07-29,Jammu and Kashmir,4844632,1261012,6105644
2021-07-29,Karnataka,23430814,6295325,29726139
2021-07-29,Manipur,1088643,193741,1282384
2021-07-29,Punjab,7624457,1883270,9507727
2021-07-30,Himachal Pradesh,3898168,1251022,5149190
2021-07-30,Meghalaya,881177,195093,1076270
2021-07-30,Telangana,11205562,3380353,14585915
2021-07-31,Dadra and Nagar Haveli and Daman and Diu,556625,74817,631442
2021-07-31,Himachal Pradesh,3968620,1273524,5242144
2021-07-31,Jammu and Kashmir,4953348,1310156,6263504
2021-07-31,Kerala,14160510,6059874,20220384
2021-07-31,Tripura,2375328,785291,3160619
2021-08-01,Gujarat,25456493,8284150,33740643
2021-08-01,Ladakh,187397,67650,255047
2021-08-01,Tripura,2378516,785848,3164364
2021-08-01,West Bengal,21103280,8704093,29807373
2021-08-01,Total,367994586,104229053,472223639
2021-08-02,Andhra Pradesh,16571130,5733624,22304754
2021-08-02,Arunachal Pradesh,676044,176747,852791
2021-08-02,Haryana,9544153,2603329,12147482
2021-08-02,Himachal Pradesh,4010124,1291559,5301683
2021-08-02,Punjab,7851551,2050687,9902238
2021-08-02,Uttar Pradesh,40960377,7865902,48826279
2021-08-02,West Bengal,21459942,8789496,30249438
2021-08-03,Arunachal Pradesh,678343,178001,856344
2021-08-03,Lakshadweep,50511,16256,66767
2021-08-03,Mizoram,645846,198929,844775
2021-08-03,Miscellaneous,1744760,1546493,3291253
2021-08-04,Gujarat,26008632,8437176,34445808
2021-08-04,Madhya Pradesh,28300633,5400063,33700696
2021-08-04,Tamil Nadu,19764021,4438905,24202926
2021-08-04,Total,381126275,108216020,489342295
2021-08-05,Chhattisgarh,9809273,2490679,12299952
2021-08-05,Haryana,9794090,2755751,12549841
2021-08-05,Lakshadweep,50668,16587,67255
2021-08-05,Tamil Nadu,20013057,4498755,24511812
2021-08-05,Telangana,11485703,3752796,15238499
2021-08-06,Andaman and Nicobar Islands,214334,93845,308179
2021-08-06,Arunachal Pradesh,685988,182384,868372
2021-08-06,Delhi,7684071,2875606,10559677
2021-08-06,Karnataka,25190326,7159957,32350283
2021-08-06,Mizoram,651442,204046,855488
2021-08-06,Uttar Pradesh,44974649,8320884,53295533
2021-08-07,Karnataka,25473050,7297493,32770543
2021-08-07,Rajasthan,26715548,8245184,34960732
2021-08-08,Manipur,1153506,239140,1392646
2021-08-08,Nagaland,630259,157175,787434
2021-08-09,Jharkhand,8388534,1997186,10385720
2021-08-09,Madhya Pradesh,29752302,5736096,35488398
2021-08-09,Maharashtra,35044144,12114068,47158212
2021-08-09,Tripura,2411801,804137,3215938
2021-08-10,Dadra and Nagar Haveli and Daman and Diu,587610,81895,669505
2021-08-10,Total,403596088,115484436,519080524
2021-08-11,Bihar,23769695,4581137,28350832
2021-08-11,Chandigarh,711763,230298,942061
2021-08-11,Dadra and Nagar Haveli and Daman and Diu,590526,83057,673583
2021-08-11,Lakshadweep,51490,17447,68937
2021-08-11,Meghalaya,952021,243239,1195260
2021-08-11,Puducherry,607627,153355,760982
2021-08-11,Rajasthan,27421879,8553420,35975299
2021-08-11,Tamil Nadu,21146162,4763657,25909819
2021-08-11,Miscellaneous,1900491,1550381,3450872
2021-08-12,Haryana,10277501,3060679,13338180
2021-08-12,Kerala,16337734,6514254,22851988
2021-08-12,Madhya Pradesh,30853541,5921981,36775522
2021-08-12,Odisha,14584400,4352454,18936854
2021-08-12,Miscellaneous,1900736,1550910,3451646
2021-08-13,Bihar,24799803,4784937,29584740
2021-08-13,Dadra and Nagar Haveli and Daman and Diu,595648,86756,682404
2021-08-13,Delhi,8160786,3197487,11358273
2021-08-13,Himachal Pradesh,4765529,1487018,6252547
2021-08-13,Kerala,16824615,6586859,23411474
2021-08-13,Sikkim,500488,156964,657452
2021-08-14,Bihar,25175334,4860789,30036123
2021-08-14,Chandigarh,733579,244351,977930
2021-08-14,Delhi,8251002,3265001,11516003
2021-08-14,Tripura,2433700,826786,3260486
2021-08-14,Uttar Pradesh,48248445,9180335,57428780
2021-08-15,Bihar,25255011,4878031,30133042
2021-08-15,Chandigarh,738600,247413,986013
2021-08-15,Chhattisgarh,10157409,2801150,12958559
2021-08-15,Goa,1114583,332742,1447325
2021-08-15,Jharkhand,8825975,2144279,10970254
2021-08-15,Lakshadweep,51679,17892,69571
2021-08-15,Madhya Pradesh,31706217,6099643,37805860
2021-08-15,Punjab,8702980,2566103,11269083
2021-08-16,Gujarat,30865860,9900626,40766486
2021-08-16,Haryana,10651624,3270628,13922252
2021-08-16,Lakshadweep,51757,18154,69911
2021-08-16,Punjab,8837490,2629849,11467339
2021-08-16,Miscellaneous,1900807,1551347,3452154
2021-08-16,Total,431194809,123535800,554730609
2021-08-17,Bihar,25869605,5016297,30885902
2021-08-17,Chhattisgarh,10275076,2895040,13170116
2021-08-17,Jammu and Kashmir,5640258,1611149,7251407
2021-08-17,Madhya Pradesh,32259428,6244012,38503440
2021-08-17,Meghalaya,978876,263288,1242164
2021-08-18,Delhi,8579961,3391632,11971593
2021-08-18,Manipur,1178829,284176,1463005
2021-08-18,Total,440102169,126386264,566488433
2021-08-19,Dadra and Nagar Haveli and Daman and Diu,604984,101785,706769
2021-08-19,Himachal Pradesh,5184454,1589495,6773949
2021-08-19,Karnataka,27752732,8326627,36079359
2021-08-19,Ladakh,190166,75389,265555
2021-08-19,Lakshadweep,51934,18970,70904
2021-08-19,Odisha,15588129,4745702,20333831
2021-08-20,Dadra and Nagar Haveli and Daman and Diu,606155,105036,711191
2021-08-20,Delhi,8778224,3460511,12238735
2021-08-20,Kerala,18853752,6859519,25713271
2021-08-20,Nagaland,645828,179716,825544
2021-08-20,Puducherry,623835,164032,787867
2021-08-21,Uttar Pradesh,53347031,10092169,63439200
2021-08-22,Haryana,11157873,3527585,14685458
2021-08-22,Lakshadweep,52015,19412,71427
2021-08-22,Madhya Pradesh,33570004,6585575,40155579
2021-08-23,Andhra Pradesh,19537294,7080678,26617972
2021-08-23,Bihar,27418434,5390034,32808468
2021-08-23,Chandigarh,777153,276138,1053291
2021-08-23,Madhya Pradesh,33592729,6601502,40194231
2021-08-23,Mizoram,666271,227831,894102
2021-08-23,Odisha,15841387,4901145,20742532
2021-08-23,Sikkim,504063,165098,669161
2021-08-23,Miscellaneous,1901297,1553338,3454635
2021-08-23,Total,456151209,132846596,588997805
2021-08-24,Assam,13248139,2848557,16096696
2021-08-24,Delhi,9045549,3574598,12620147
2021-08-24,Karnataka,28941955,8978770,37920725
2021-08-24,Punjab,9745396,2994797,12740193
2021-08-24,Rajasthan,30757852,9841663,40599515
2021-08-24,Uttar Pradesh,54879964,10343473,65223437
2021-08-25,Himachal Pradesh,5356000,1673863,7029863
2021-08-25,Puducherry,630266,172739,803005
2021-08-25,Tamil Nadu,24033337,5757196,29790533
2021-08-26,Delhi,9223738,3654648,12878386
2021-08-26,Telangana,12921816,4411050,17332866
2021-08-26,Total,472838773,139369769,612208542
2021-08-27,Rajasthan,31981604,10251997,42233601
2021-08-27,Telangana,13022500,4457070,17479570
2021-08-27,Uttarakhand,6239680,1954548,8194228
2021-08-29,Tripura,2458222,878522,3336744
2021-08-29,Uttar Pradesh,59147931,11333234,70481165
2021-08-29,Uttarakhand,6385413,1997908,8383321
2021-08-29,Miscellaneous,1901778,1554591,3456369
2021-08-30,Arunachal Pradesh,723981,238143,962124
2021-08-30,Assam,14215451,3077839,17293290
2021-08-30,Delhi,9559709,3822954,13382663
2021-08-30,Jammu and Kashmir,6159275,1812630,7971905
2021-08-30,Karnataka,31582267,10191366,41773633
2021-08-30,West Bengal,28575948,11264794,39840742
2021-08-31,Chhattisgarh,10750668,3260138,14010806
2021-08-31,Dadra and Nagar Haveli and Daman and Diu,617181,141149,758330
2021-08-31,Himachal Pradesh,5492938,1749118,7242056
2021-08-31,Kerala,21286465,7805599,29092064
2021-08-31,Punjab,10413004,3255768,13668772
2021-08-31,Tamil Nadu,26131095,6516016,32647111
2021-09-01,Arunachal Pradesh,728217,246455,974672
2021-09-01,Himachal Pradesh,5506058,1762455,7268513
2021-09-01,Jammu and Kashmir,6326487,1874259,8200746
2021-09-01,Jharkhand,10500111,2663196,13163307
2021-09-02,Jammu and Kashmir,6363704,1897809,8261513
2021-09-02,Jharkhand,10617403,2701044,13318447
2021-09-02,Kerala,21489941,7933592,29423533
2021-09-02,Meghalaya,1030070,313363,1343433
2021-09-02,Nagaland,657004,209467,866471
2021-09-02,Odisha,17301538,5613629,22915167
2021-09-02,Punjab,10809766,3387477,14197243
2021-09-03,Nagaland,658225,213740,871965
2021-09-03,Miscellaneous,1902082,1555313,3457395
2021-09-04,Andaman and Nicobar Islands,262154,108224,370378
2021-09-04,Dadra and Nagar Haveli and Daman and Diu,621571,158661,780232
2021-09-04,Jharkhand,10879127,2791999,13671126
2021-09-04,Ladakh,195217,110968,306185
2021-09-04,Madhya Pradesh,39631693,8840018,48471711
2021-09-04,Rajasthan,35160461,11483961,46644422
2021-09-05,Dadra and Nagar Haveli and Daman and Diu,621727,159109,780836
2021-09-05,Delhi,10043337,4060977,14104314
2021-09-05,Kerala,21608979,8027122,29636101
2021-09-05,Odisha,17881661,5850492,23732153
2021-09-05,Tamil Nadu,28071442,7028034,35099476
2021-09-05,Uttarakhand,6749628,2161566,8911194
2021-09-06,Andaman and Nicobar Islands,263057,109226,372283
2021-09-06,Arunachal Pradesh,733780,264120,997900
2021-09-06,Goa,1178673,457466,1636139
2021-09-06,Lakshadweep,53029,26928,79957
2021-09-06,Manipur,1202000,368435,1570435
2021-09-06,Punjab,11419229,3629146,15048375
2021-09-06,Tamil Nadu,28428563,7144838,35573401
2021-09-07,Andhra Pradesh,22756066,9448882,32204948
2021-09-07,Nagaland,662497,230852,893349
2021-09-07,Odisha,18355951,6007465,24363416
2021-09-07,Puducherry,652584,203653,856237
2021-09-07,Sikkim,509361,201994,711355
2021-09-07,Total,540557826,166985192,707543018
2021-09-08,Tamil Nadu,29020727,7344888,36365615
2021-09-09,Rajasthan,36480293,12184364,48664657
2021-09-09,Uttarakhand,6915203,2281574,9196777
2021-09-10,Andhra Pradesh,22800819,9505988,32306807
2021-09-10,Kerala,22635197,8797842,31433039
2021-09-10,Mizoram,678245,295019,973264
2021-09-11,Bihar,36737537,7764862,44502399
2021-09-11,Dadra and Nagar Haveli and Daman and Diu,627251,181157,808408
2021-09-11,Himachal Pradesh,5578363,1928452,7506815
2021-09-11,Lakshadweep,53678,31981,85659
2021-09-11,Punjab,12233037,3881913,16114950
2021-09-12,Jammu and Kashmir,6842033,2492088,9334121
2021-09-12,Kerala,22755227,8963264,31718491
2021-09-12,Sikkim,510967,233281,744248
2021-09-13,Bihar,37614958,8063468,45678426
2021-09-13,Jharkhand,12005473,3213388,15218861
2021-09-13,Kerala,22804282,9028981,31833263
2021-09-13,Meghalaya,1048472,367630,1416102
2021-09-13,Nagaland,669449,263754,933203
2021-09-14,Assam,16773685,3868640,20642325
2021-09-14,Goa,1188394,500111,1688505
2021-09-14,Jharkhand,12111715,3262010,15373725
2021-09-14,Madhya Pradesh,42165735,10015255,52180990
2021-09-14,Punjab,12554977,4020246,16575223
2021-09-14,Telangana,14495056,5506846,20001902
2021-09-15,Himachal Pradesh,5597639,2057882,7655521
2021-09-15,Tamil Nadu,32206810,8385887,40592697
2021-09-15,Miscellaneous,1902540,1557571,3460111
2021-09-16,Chhattisgarh,11708502,3933569,15642071
2021-09-16,Himachal Pradesh,5601460,2088406,7689866
2021-09-16,Mizoram,682690,346555,1029245
2021-09-16,Miscellaneous,1902540,1557571,3460111
2021-09-17,Goa,1195071,532380,1727451
2021-09-17,Ladakh,200237,127304,327541
2021-09-17,Puducherry,666438,240522,906960
2021-09-17,Punjab,13180917,4257332,17438249
2021-09-17,Tripura,2482380,1139006,3621386
2021-09-17,West Bengal,35015423,14333719,49349142
2021-09-18,Andhra Pradesh,25380068,11768905,37148973
2021-09-18,Karnataka,37378105,14534679,51912784
2021-09-18,Lakshadweep,54310,36956,91266
2021-09-18,Manipur,1214100,411709,1625809
2021-09-18,Nagaland,674756,292278,967034
2021-09-18,Odisha,20321811,7127841,27449652
2021-09-18,Tamil Nadu,32769868,8767996,41537864
2021-09-19,Arunachal Pradesh,744261,329318,1073579
2021-09-19,Delhi,11203425,4801807,16005232
2021-09-19,Maharashtra,52766279,20673908,73440187
2021-09-19,Uttar Pradesh,77546189,16663030,94209219
2021-09-20,Himachal Pradesh,5622191,2290761,7912952
2021-09-20,Jammu and Kashmir,7250151,2945579,10195730
2021-09-21,Arunachal Pradesh,746444,349197,1095641
2021-09-21,Chhattisgarh,12351793,4505912,16857705
2021-09-21,Dadra and Nagar Haveli and Daman and Diu,637598,229417,867015
2021-09-21,Odisha,20816182,7496747,28312929
2021-09-21,Tamil Nadu,33929171,9430672,43359843
2021-09-21,Uttar Pradesh,79440480,17389284,96829764
2021-09-21,West Bengal,37684269,15262471,52946740
2021-09-22,Assam,17818370,4927877,22746247
2021-09-22,Bihar,41941731,9869566,51811297
2021-09-22,Maharashtra,54361465,21803462,76164927
2021-09-22,Mizoram,689432,393509,1082941
2021-09-23,Bihar,42108173,9983216,52091389
2021-09-24,Arunachal Pradesh,749994,376197,1126191
2021-09-24,Gujarat,41003530,17908922,58912452
2021-09-24,Haryana,16110488,5883958,21994446
2021-09-24,Kerala,24424425,10445703,34870128
2021-09-24,Meghalaya,1065290,439020,1504310
2021-09-24,Odisha,21461038,7951587,29412625
2021-09-24,West Bengal,39108233,15881712,54989945
2021-09-24,Total,627174874,221754286,848929160
2021-09-25,Andaman and Nicobar Islands,288494,148044,436538
2021-09-25,Chhattisgarh,12832830,4990533,17823363
2021-09-25,Delhi,11739928,5409223,17149151
2021-09-25,Goa,1215672,644827,1860499
2021-09-25,Odisha,21631807,8055219,29687026
2021-09-26,Delhi,11749447,5421597,17171044
2021-09-26,Gujarat,41318268,18214246,59532514
2021-09-26,Puducherry,690460,293671,984131
2021-09-26,Rajasthan,39960405,14949889,54910294
2021-09-26,Sikkim,517083,366159,883242
2021-09-26,Tamil Nadu,35449125,10700326,46149451
2021-09-26,West Bengal,39636898,16097103,55734001
2021-09-26,Miscellaneous,1902834,1559219,3462053
2021-09-27,Jammu and Kashmir,7720991,3358364,11079355
2021-09-27,Total,639614662,231093974,870708636
2021-09-28,Andaman and Nicobar Islands,289147,150661,439808
2021-09-28,Dadra and Nagar Haveli and Daman and Diu,644388,267739,912127
2021-09-28,Ladakh,204333,135080,339413
2021-09-28,Tripura,2493464,1353671,3847135
2021-09-29,Andaman and Nicobar Islands,289464,152144,441608
2021-09-29,Dadra and Nagar Haveli and Daman and Diu,645092,271374,916466
2021-09-29,Jammu and Kashmir,7853933,3482680,11336613
2021-09-29,Odisha,22016349,8371879,30388228
2021-09-30,Dadra and Nagar Haveli and Daman and Diu,645819,276491,922310
2021-09-30,Karnataka,39259907,17177792,56437699
2021-09-30,Manipur,1223626,479279,1702905
2021-09-30,Rajasthan,40435571,15640723,56076294
2021-10-01,Assam,18515122,5584903,24100025
2021-10-01,Jammu and Kashmir,8024352,3597367,11621719
2021-10-01,Meghalaya,1072834,478049,1550883
2021-10-01,Punjab,14545115,5052058,19597173
2021-10-02,Andaman and Nicobar Islands,289999,154338,444337
2021-10-02,Ladakh,205555,138763,344318
2021-10-02,Maharashtra,58553667,24978414,83532081
2021-10-02,Manipur,1225811,493071,1718882
2021-10-02,Nagaland,688453,374533,1062986
2021-10-02,Tripura,2496520,1410574,3907094
2021-10-03,Haryana,16840564,6559654,23400218
2021-10-03,Ladakh,205555,138763,344318
2021-10-03,Sikkim,518698,394808,913506
2021-10-04,Arunachal Pradesh,758531,436189,1194720
2021-10-04,Assam,18964302,6005228,24969530
2021-10-04,Bihar,45531554,12572023,58103577
2021-10-04,Goa,1232873,736096,1968969
2021-10-04,Kerala,24791628,11266017,36057645
2021-10-04,Odisha,22727351,8912655,31640006
2021-10-04,Sikkim,518936,399111,918047
2021-10-05,Andhra Pradesh,28327650,14494938,42822588
2021-10-05,Arunachal Pradesh,759539,442750,1202289
2021-10-05,Meghalaya,1076051,496945,1572996
2021-10-05,Tamil Nadu,37286475,12267323,49553798
2021-10-05,Telangana,19531253,7430992,26962245
2021-10-05,Uttarakhand,7390450,3250883,10641333
2021-10-05,Miscellaneous,1903002,1560345,3463347
2021-10-05,Total,667246479,254518926,921765405
2021-10-06,Assam,19107244,6111536,25218780
2021-10-06,Dadra and Nagar Haveli and Daman and Diu,650036,303688,953724
2021-10-06,Delhi,12381420,6277772,18659192
2021-10-06,Goa,1235627,752474,1988101
2021-10-06,Madhya Pradesh,48821499,15789581,64611080
2021-10-06,Telangana,19544334,7439067,26983401
2021-10-06,Tripura,2498635,1453031,3951666
2021-10-06,Uttarakhand,7395473,3269032,10664505
2021-10-07,Andhra Pradesh,28462559,14671297,43133856
2021-10-07,Dadra and Nagar Haveli and Daman and Diu,650638,307507,958145
2021-10-07,Ladakh,206599,142046,348645
2021-10-07,Maharashtra,59725431,25944283,85669714
2021-10-07,Punjab,14942042,5345773,20287815
2021-10-07,Uttar Pradesh,89612148,23181430,112793578
2021-10-08,Dadra and Nagar Haveli and Daman and Diu,651335,312217,963552
2021-10-08,Goa,1238037,766181,2004218
2021-10-08,Jharkhand,14162006,4518475,18680481
2021-10-08,Sikkim,519852,414063,933915
2021-10-09,Andaman and Nicobar Islands,291407,166657,458064
2021-10-09,Andhra Pradesh,29038528,15395373,44433901
2021-10-09,Dadra and Nagar Haveli and Daman and Diu,651983,317080,969063
2021-10-09,Delhi,12511988,6499860,19011848
2021-10-09,Goa,1239742,775432,2015174
2021-10-09,Mizoram,701296,469445,1170741
2021-10-10,Chandigarh,913737,486820,1400557
2021-10-10,Dadra and Nagar Haveli and Daman and Diu,652044,317510,969554
2021-10-10,Haryana,17139426,6893251,24032677
2021-10-10,Manipur,1231250,541754,1773004
2021-10-10,Nagaland,694747,409354,1104101
2021-10-10,Sikkim,519996,416372,936368
2021-10-11,Arunachal Pradesh,763867,473082,1236949
2021-10-11,Chandigarh,914824,490198,1405022
2021-10-11,Dadra and Nagar Haveli and Daman and Diu,652728,321662,974390
2021-10-11,Ladakh,207127,144309,351436
2021-10-11,Nagaland,696064,416789,1112853
2021-10-12,Assam,19690489,6501432,26191921
2021-10-12,Bihar,47169131,14080088,61249219
2021-10-12,Chandigarh,915613,493089,1408702
2021-10-12,Goa,1243250,795985,2039235
2021-10-12,Uttarakhand,7421385,3382023,10803408
2021-10-13,Andhra Pradesh,29691379,16185702,45877081
2021-10-13,Dadra and Nagar Haveli and Daman and Diu,653690,328158,981848
2021-10-13,Haryana,17296156,7113591,24409747
2021-10-13,Kerala,25029329,11940107,36969436
2021-10-13,Meghalaya,1085012,541987,1626999
2021-10-13,West Bengal,47396465,18124406,65520871
2021-10-13,Miscellaneous,1903082,1561621,3464703
2021-10-14,Himachal Pradesh,5686444,3005678,8692122
2021-10-14,Karnataka,40699973,19847890,60547863
2021-10-14,Nagaland,699101,431794,1130895
2021-10-14,Odisha,23985509,9803445,33788954
2021-10-14,Punjab,15384420,5686889,21071309
2021-10-14,Telangana,20509341,7965959,28475300
2021-10-15,Andaman and Nicobar Islands,292209,172364,464573
2021-10-15,Chhattisgarh,13765980,6169033,19935013
2021-10-15,Haryana,17361156,7221081,24582237
2021-10-15,Madhya Pradesh,49097786,16849927,65947713
2021-10-15,Meghalaya,1087415,552939,1640354
2021-10-15,Tamil Nadu,38821714,13841171,52662885
2021-10-15,Telangana,20510740,7966995,28477735
2021-10-16,Bihar,47277258,14269924,61547182
2021-10-16,Delhi,12725811,6830497,19556308
2021-10-16,Gujarat,43959220,22776438,66735658
2021-10-16,Kerala,25077135,12160553,37237688
2021-10-17,Himachal Pradesh,5689408,3047899,8737307
2021-10-17,Jammu and Kashmir,9404423,4335339,13739762
2021-10-17,Nagaland,699980,437398,1137378
2021-10-17,Punjab,15459462,5753799,21213261
2021-10-17,Uttarakhand,7433296,3472937,10906233
2021-10-18,Chhattisgarh,13881078,6351057,20232135
2021-10-18,Manipur,1237548,604460,1842008
2021-10-18,Tamil Nadu,39066258,14247675,53313933
2021-10-18,Telangana,20683262,8105403,28788665
2021-10-18,Uttarakhand,7435808,3492433,10928241
2021-10-18,Miscellaneous,1903144,1562810,3465954
2021-10-19,Delhi,12797955,6972806,19770761
2021-10-19,Madhya Pradesh,49178877,17613038,66791915
2021-10-19,Tripura,2502028,1507645,4009673
2021-10-20,Andhra Pradesh,31066825,17536976,48603801
2021-10-20,Chhattisgarh,14164471,6487360,20651831
2021-10-20,Karnataka,41245921,20530548,61776469
2021-10-20,Uttar Pradesh,94302130,27838784,122140914
2021-10-21,Andaman and Nicobar Islands,292802,183786,476588
2021-10-21,Chhattisgarh,14374496,6579342,20953838
2021-10-21,Delhi,12845186,7063620,19908806
2021-10-21,Meghalaya,1093173,586124,1679297
2021-10-21,Puducherry,723545,377521,1101066
2021-10-21,Tripura,2502782,1518769,4021551
2021-10-21,Uttar Pradesh,94861551,28386542,123248093
2021-10-22,Gujarat,44308197,24032589,68340786
2021-10-22,Jammu and Kashmir,9469202,4650081,14119283
2021-10-22,Madhya Pradesh,49722785,18380802,68103587
2021-10-22,Mizoram,707172,500507,1207679
2021-10-23,Bihar,48530918,16124528,64655446
2021-10-23,Haryana,17609045,7740640,25349685
2021-10-23,Ladakh,208273,150746,359019
2021-10-23,Maharashtra,65519863,29645650,95165513
2021-10-23,Mizoram,707294,500702,1207996
2021-10-23,Uttar Pradesh,95881826,29529689,125411515
2021-10-24,Haryana,17611599,7747322,25358921
2021-10-24,Total,716487728,306225167,1022712895
2021-10-25,Andhra Pradesh,31963308,18824843,50788151
2021-10-25,Jharkhand,14728098,5221511,19949609
2021-10-25,Rajasthan,42311917,19346560,61658477
2021-10-25,Sikkim,521146,441532,962678
2021-10-26,Chandigarh,923631,532586,1456217
2021-10-26,Himachal Pradesh,5704585,3284349,8988934
2021-10-26,Tamil Nadu,40657621,16338697,56996318
2021-10-26,Telangana,21688623,9104051,30792674
2021-10-27,Andhra Pradesh,32412881,19447737,51860618
2021-10-27,Arunachal Pradesh,770266,524207,1294473
2021-10-27,Assam,20011358,7615749,27627107
2021-10-27,Ladakh,208593,151601,360194
2021-10-27,Total,723497151,317002722,1040499873
2021-10-28,Madhya Pradesh,49853330,20002551,69855881
2021-10-28,Manipur,1246400,691682,1938082
2021-10-28,Uttarakhand,7469135,3798438,11267573
2021-10-29,Goa,1258903,892242,2151145
2021-10-29,Himachal Pradesh,5711374,3401299,9112673
2021-10-29,Lakshadweep,55086,45832,100918
2021-10-29,Punjab,15907330,6194617,22101947
2021-10-30,Chhattisgarh,14830370,7303880,22134250
2021-10-30,Lakshadweep,55129,45947,101076
2021-10-30,Maharashtra,67145633,30943704,98089337
2021-10-30,Mizoram,711587,511978,1223565
2021-10-30,Sikkim,521763,451509,973272
2021-10-31,Dadra and Nagar Haveli and Daman and Diu,660753,370255,1031008
2021-10-31,Goa,1262568,911114,2173682
2021-10-31,Gujarat,44735217,25972387,70707604
2021-10-31,Ladakh,208798,152280,361078
2021-10-31,Total,732371508,330752697,1063124205
2021-06-19,Bihar,11462769,2037514,13500283
2021-01-16,Chhattisgarh,5592,0,5592
2021-01-16,Gujarat,10787,0,10787
2021-01-16,Punjab,1319,0,1319
2021-01-18,Assam,5542,0,5542
2021-01-18,Karnataka,66392,0,66392
2021-01-18,Kerala,15477,0,15477
2021-01-18,Mizoram,554,0,554
2021-01-18,Sikkim,120,0,120
2021-01-18,Tripura,1736,0,1736
2021-01-18,Miscellaneous,14017,0,14017
2021-01-18,Total,454049,0,454049
2021-01-19,Bihar,42085,0,42085
2021-01-19,Maharashtra,30247,0,30247
2021-01-19,Punjab,5567,0,5567
2021-01-19,Rajasthan,30761,0,30761
2021-01-19,Telangana,69405,0,69405
2021-01-20,Meghalaya,1365,0,1365
2021-01-20,Mizoram,1508,0,1508
2021-01-20,Punjab,7607,0,7607
2021-01-20,Tamil Nadu,33670,0,33670
2021-01-21,Lakshadweep,369,0,369
2021-01-21,Puducherry,759,0,759
2021-01-21,Telangana,97087,0,97087
2021-01-22,Assam,13881,0,13881
2021-01-22,Chandigarh,1157,0,1157
2021-01-22,Chhattisgarh,22259,0,22259
2021-01-22,Goa,946,0,946
2021-01-22,Telangana,110031,0,110031
2021-01-23,Bihar,76125,0,76125
2021-01-23,Sikkim,960,0,960
2021-01-24,Bihar,76125,0,76125
2021-01-24,Delhi,25811,0,25811
2021-01-24,Jharkhand,14806,0,14806
2021-01-24,Maharashtra,99885,0,99885
2021-01-24,Puducherry,1478,0,1478
2021-01-24,Tamil Nadu,61720,0,61720
2021-01-24,Uttarakhand,10514,0,10514
2021-01-25,Karnataka,231172,0,231172
2021-01-25,Lakshadweep,676,0,676
2021-01-25,Odisha,177090,0,177090
2021-01-25,West Bengal,122851,0,122851
2021-01-26,Assam,19837,0,19837
2021-01-26,Lakshadweep,676,0,676
2021-01-26,Puducherry,1813,0,1813
2021-01-27,Gujarat,94524,0,94524
2021-01-27,Haryana,109782,0,109782
2021-01-27,Lakshadweep,746,0,746
2021-01-27,Mizoram,6142,0,6142
2021-01-27,Nagaland,3973,0,3973
2021-01-28,Andaman and Nicobar Islands,2656,0,2656
2021-01-28,Chhattisgarh,62115,0,62115
2021-01-28,Maharashtra,220587,0,220587
2021-01-28,Nagaland,3973,0,3973
2021-01-28,Rajasthan,257833,0,257833
2021-01-28,Telangana,151246,0,151246
2021-01-28,West Bengal,187485,0,187485
2021-01-29,Telangana,166606,0,166606
2021-01-29,Miscellaneous,50078,0,50078
2021-01-30,Ladakh,1128,0,1128
2021-01-30,Tripura,29796,0,29796
2021-01-30,Total,3744334,0,3744334
2021-01-31,Chandigarh,3447,0,3447
2021-01-31,Chhattisgarh,72704,0,72704
2021-01-31,Maharashtra,269064,0,269064
2021-01-31,Puducherry,2736,0,2736
2021-01-31,Punjab,57499,0,57499
2021-01-31,Sikkim,2020,0,2020
2021-02-01,Kerala,193925,0,193925
2021-02-01,Sikkim,2166,0,2166
2021-02-02,Andaman and Nicobar Islands,2727,0,2727
2021-02-02,Dadra and Nagar Haveli and Daman and Diu,1336,0,1336
2021-02-02,Delhi,74068,0,74068
2021-02-02,Maharashtra,318744,0,318744
2021-02-02,Manipur,4739,0,4739
2021-02-02,Punjab,61381,0,61381
2021-02-02,Tamil Nadu,120745,0,120745
2021-02-02,Telangana,170043,0,170043
2021-02-02,Tripura,32196,0,32196
2021-02-02,Total,4138918,0,4138918
2021-02-03,Chandigarh,4399,0,4399
2021-02-03,Kerala,246043,0,246043
2021-02-03,Uttarakhand,54153,0,54153
2021-02-04,Karnataka,330112,0,330112
2021-02-04,Manipur,6095,0,6095
2021-02-04,Tripura,35191,0,35191
2021-02-05,Chandigarh,5234,0,5234
2021-02-05,Total,5416849,0,5416849
2021-02-06,Arunachal Pradesh,12346,0,12346
2021-02-06,Bihar,374538,0,374538
2021-02-06,Goa,8257,0,8257
2021-02-06,Meghalaya,6859,0,6859
2021-02-07,Ladakh,1987,0,1987
2021-02-07,Maharashtra,473480,0,473480
2021-02-07,Puducherry,3532,0,3532
2021-02-07,Miscellaneous,62057,0,62057
2021-02-08,Assam,99889,0,99889
2021-02-08,Madhya Pradesh,379251,0,379251
2021-02-09,Chhattisgarh,198567,0,198567
2021-02-09,Punjab,87181,0,87181
2021-02-10,Delhi,146789,0,146789
2021-02-10,Goa,9961,0,9961
2021-02-10,Ladakh,2536,0,2536
2021-02-10,Manipur,13747,0,13747
2021-02-10,Telangana,258122,0,258122
2021-02-11,Andaman and Nicobar Islands,3454,0,3454
2021-02-11,Chandigarh,7374,0,7374
2021-02-11,Haryana,190390,0,190390
2021-02-11,Jharkhand,174080,0,174080
2021-02-11,Karnataka,477005,0,477005
2021-02-11,Ladakh,2761,0,2761
2021-02-11,Sikkim,8316,0,8316
2021-02-11,Uttarakhand,97618,0,97618
2021-02-11,Miscellaneous,84999,0,84999
2021-02-12,Jammu and Kashmir,111470,0,111470
2021-02-12,Kerala,345197,0,345197
2021-02-12,Miscellaneous,99509,0,99509
2021-02-13,Andaman and Nicobar Islands,3646,0,3646
2021-02-13,Chandigarh,8660,143,8803
2021-02-13,Haryana,195745,588,196333
2021-02-13,Madhya Pradesh,557105,0,557105
2021-02-13,Uttar Pradesh,858602,0,858602
2021-02-13,Miscellaneous,115057,215,115272
2021-02-13,Total,8240230,23628,8263858
2021-02-14,Himachal Pradesh,81482,475,81957
2021-02-14,Mizoram,11680,74,11754
2021-02-15,Chandigarh,9212,144,9356
2021-02-15,Goa,13166,517,13683
2021-02-15,Jharkhand,217610,4137,221747
2021-02-15,Madhya Pradesh,575728,0,575728
2021-02-15,Tamil Nadu,264283,4936,269219
2021-02-15,Tripura,73814,1491,75305
2021-02-16,Chandigarh,9756,252,10008
2021-02-16,Chhattisgarh,296308,6682,302990
2021-02-16,Ladakh,3421,228,3649
2021-02-16,Tripura,73924,1491,75415
2021-02-16,West Bengal,546433,10017,556450
2021-02-17,Tripura,75565,2361,77926
2021-02-17,Total,9053061,369167,9422228
2021-02-18,Arunachal Pradesh,18359,2941,21300
2021-02-18,Dadra and Nagar Haveli and Daman and Diu,6133,208,6341
2021-02-18,Kerala,386901,23948,410849
2021-02-18,Madhya Pradesh,611640,0,611640
2021-02-18,Telangana,279832,73281,353113
2021-02-18,Tripura,79030,6766,85796
2021-02-18,Uttarakhand,126454,4246,130700
2021-02-18,West Bengal,583613,23922,607535
2021-02-19,Manipur,38585,1434,40019
2021-02-19,Meghalaya,22285,616,22901
2021-02-19,Nagaland,20603,3419,24022
2021-02-19,Uttarakhand,129221,6231,135452
2021-02-20,Andhra Pradesh,407935,85536,493471
2021-02-20,Arunachal Pradesh,19702,4041,23743
2021-02-20,Bihar,522379,38964,561343
2021-02-20,Chandigarh,12953,795,13748
2021-02-20,Goa,15070,1113,16183
2021-02-20,Lakshadweep,1809,115,1924
2021-02-20,Manipur,40215,1711,41926
2021-02-20,Total,10124531,960642,11085173
2021-02-21,Meghalaya,23877,629,24506
2021-02-21,Nagaland,21526,3909,25435
2021-02-21,Tamil Nadu,339686,31160,370846
2021-02-22,Kerala,405697,56232,461929
2021-02-22,Uttar Pradesh,1140754,86021,1226775
2021-02-22,Miscellaneous,357164,35013,392177
2021-02-23,Andaman and Nicobar Islands,5565,2018,7583
2021-02-23,Andhra Pradesh,445327,111483,556810
2021-02-23,Goa,15804,1280,17084
2021-02-23,Jammu and Kashmir,217910,10285,228195
2021-02-23,Kerala,414509,62299,476808
2021-02-23,Meghalaya,28190,1200,29390
2021-02-23,Rajasthan,783205,94838,878043
2021-02-23,Uttarakhand,136058,11242,147300
2021-02-23,West Bengal,720569,81108,801677
2021-02-24,Madhya Pradesh,646766,77584,724350
2021-02-24,Rajasthan,783652,147570,931222
2021-02-24,Total,11054815,1616348,12671163
2021-02-25,Lakshadweep,2353,688,3041
2021-02-25,Manipur,48938,2239,51177
2021-02-25,Odisha,458368,154434,612802
2021-02-25,Sikkim,16630,1228,17858
2021-02-25,Tripura,88487,19527,108014
2021-02-26,Assam,195906,27675,223581
2021-02-26,Bihar,560158,79212,639370
2021-02-26,Dadra and Nagar Haveli and Daman and Diu,7723,719,8442
2021-02-26,Jharkhand,284371,23837,308208
2021-02-26,Madhya Pradesh,650684,160632,811316
2021-02-26,Meghalaya,30465,1726,32191
2021-02-26,Punjab,154449,36351,190800
2021-02-27,Delhi,372906,37053,409959
2021-02-27,Goa,18722,2072,20794
2021-02-27,Himachal Pradesh,101504,20924,122428
2021-02-27,Meghalaya,30465,1726,32191
2021-02-27,Odisha,460554,158267,618821
2021-02-27,Puducherry,9920,1224,11144
2021-03-01,Andaman and Nicobar Islands,6581,2556,9137
2021-03-01,Miscellaneous,708575,49083,757658
2021-03-02,Arunachal Pradesh,29580,7451,37031
2021-03-02,Himachal Pradesh,104268,29736,134004
2021-03-02,Mizoram,25374,8092,33466
2021-03-02,Puducherry,10994,1595,12589
2021-03-03,Bihar,583179,109203,692382
2021-03-03,Tamil Nadu,510361,78030,588391
2021-03-03,Miscellaneous,889695,52264,941959
2021-03-04,Gujarat,1156897,264864,1421761
2021-03-04,Karnataka,656627,222409,879036
2021-03-04,Lakshadweep,2413,803,3216
2021-03-04,Maharashtra,1254197,217253,1471450
2021-03-04,Puducherry,14542,2020,16562
2021-03-05,Dadra and Nagar Haveli and Daman and Diu,10563,1532,12095
2021-03-05,Lakshadweep,2482,818,3300
2021-03-05,West Bengal,1253831,233229,1487060
2021-03-06,Assam,343888,50513,394401
2021-03-06,Dadra and Nagar Haveli and Daman and Diu,11501,1725,13226
2021-03-06,Mizoram,32984,9213,42197
2021-03-06,Odisha,623512,198600,822112
2021-03-06,Telangana,378962,131942,510904
2021-03-06,Miscellaneous,1115834,56358,1172192
2021-03-07,Assam,354334,51060,405394
2021-03-07,Chandigarh,32210,3140,35350
2021-03-07,Jharkhand,342209,64047,406256
2021-03-08,Chandigarh,35181,3625,38806
2021-03-08,Dadra and Nagar Haveli and Daman and Diu,12139,1859,13998
2021-03-08,Karnataka,760524,252671,1013195
2021-03-08,Puducherry,18109,2509,20618
2021-03-08,Uttarakhand,206404,59922,266326
2021-03-09,Assam,404131,65256,469387
2021-03-09,Dadra and Nagar Haveli and Daman and Diu,12560,2092,14652
2021-03-09,Jharkhand,366244,88551,454795
2021-03-09,Mizoram,37761,9400,47161
2021-03-09,Puducherry,19275,2803,22078
2021-03-09,Uttarakhand,223578,65695,289273
2021-03-10,Andaman and Nicobar Islands,10749,3048,13797
2021-03-10,Lakshadweep,3066,902,3968
2021-03-10,Maharashtra,1981629,336067,2317696
2021-03-10,Odisha,744937,271999,1016936
2021-03-10,Tripura,116345,38565,154910
2021-03-11,Haryana,357300,104396,461696
2021-03-11,Himachal Pradesh,154957,59331,214288
2021-03-11,Punjab,271423,59522,330945
2021-03-12,Gujarat,1871835,476040,2347875
2021-03-12,Himachal Pradesh,170902,65691,236593
2021-03-12,Lakshadweep,3066,902,3968
2021-03-12,Uttarakhand,259612,78008,337620
2021-03-12,West Bengal,1940615,350871,2291486
2021-03-12,Total,23075504,5142953,28218457
2021-03-13,Andaman and Nicobar Islands,11921,3282,15203
2021-03-13,Arunachal Pradesh,44808,12248,57056
2021-03-13,Dadra and Nagar Haveli and Daman and Diu,14478,2688,17166
2021-03-13,Haryana,408138,112287,520425
2021-03-13,Puducherry,25487,3832,29319
2021-03-14,Andaman and Nicobar Islands,11921,3282,15203
2021-03-14,Arunachal Pradesh,44808,12248,57056
2021-03-14,Dadra and Nagar Haveli and Daman and Diu,14478,2688,17166
2021-03-14,Gujarat,1992286,504411,2496697
2021-03-14,Haryana,409956,112407,522363
2021-03-14,Jammu and Kashmir,385625,51026,436651
2021-03-14,Lakshadweep,3501,1592,5093
2021-03-14,Rajasthan,2440682,458218,2898900
2021-03-14,Telangana,502323,173593,675916
2021-03-14,West Bengal,2063801,372182,2435983
2021-03-15,Andhra Pradesh,917551,242265,1159816
2021-03-15,Arunachal Pradesh,47306,13014,60320
2021-03-15,Jharkhand,451667,146253,597920
2021-03-15,Miscellaneous,1311082,127134,1438216
2021-03-16,Andhra Pradesh,980819,254463,1235282
2021-03-16,Chhattisgarh,813033,222034,1035067
2021-03-16,Gujarat,2259206,552817,2812023
2021-03-17,Andaman and Nicobar Islands,12632,3562,16194
2021-03-17,Dadra and Nagar Haveli and Daman and Diu,16642,3241,19883
2021-03-17,Delhi,719872,147561,867433
2021-03-17,Punjab,365975,75415,441390
2021-03-17,West Bengal,2577103,439932,3017035
2021-03-17,Total,30600787,6542468,37143255
2021-03-18,Gujarat,2475269,575732,3051001
2021-03-18,Manipur,79414,16991,96405
2021-03-18,Mizoram,49814,11212,61026
2021-03-18,Odisha,1226047,355289,1581336
2021-03-18,Punjab,390837,78669,469506
2021-03-19,Chandigarh,54177,8065,62242
2021-03-19,Odisha,1326275,362407,1688682
2021-03-19,Puducherry,38880,5541,44421
2021-03-19,Punjab,422192,81924,504116
2021-03-19,Rajasthan,3407251,639945,4047196
2021-03-19,Telangana,671506,202129,873635
2021-03-19,Uttar Pradesh,3224855,783705,4008560
2021-03-19,West Bengal,3000505,481943,3482448
2021-03-19,Miscellaneous,1379747,242686,1622433
2021-03-19,Total,34842030,7221362,42063392
2021-03-20,Maharashtra,3670363,595149,4265512
2021-03-21,Andhra Pradesh,1312896,298188,1611084
2021-03-21,Jammu and Kashmir,494758,105157,599915
2021-03-22,Haryana,1016959,140404,1157363
2021-03-22,Himachal Pradesh,292939,84827,377766
2021-03-22,Maharashtra,3924766,630070,4554836
2021-03-22,Odisha,1508320,373594,1881914
2021-03-22,Tripura,305064,69359,374423
2021-03-22,Uttar Pradesh,3668823,865048,4533871
2021-03-23,Andhra Pradesh,1533631,316719,1850350
2021-03-23,Delhi,857007,212720,1069727
2021-03-23,Gujarat,3572189,614639,4186828
2021-03-23,Ladakh,38823,6059,44882
2021-03-24,Andaman and Nicobar Islands,14934,5068,20002
2021-03-24,Arunachal Pradesh,58119,17474,75593
2021-03-24,Chandigarh,59614,9719,69333
2021-03-24,Kerala,2260396,358455,2618851
2021-03-24,Meghalaya,64165,25049,89214
2021-03-24,Odisha,1640229,381808,2022037
2021-03-24,Tamil Nadu,2203535,234718,2438253
2021-03-25,Dadra and Nagar Haveli and Daman and Diu,21004,3843,24847
2021-03-25,Tripura,480134,73661,553795
2021-03-26,Chandigarh,62270,10444,72714
2021-03-26,Mizoram,52575,13156,65731
2021-03-26,Tamil Nadu,2398870,246944,2645814
2021-03-26,Telangana,903925,224707,1128632
2021-03-27,Andhra Pradesh,1974734,367221,2341955
2021-03-27,Bihar,2206580,427657,2634237
2021-03-27,Rajasthan,4806418,677766,5484184
2021-03-27,Telangana,944950,225457,1170407
2021-03-28,Jharkhand,1341869,221552,1563421
2021-03-28,Odisha,1844679,391944,2236623
2021-03-29,Bihar,2206580,427657,2634237
2021-03-29,Goa,92572,16030,108602
2021-03-29,Lakshadweep,4724,2076,6800
2021-03-29,Madhya Pradesh,2699003,489494,3188497
2021-03-29,Mizoram,52576,13272,65848
2021-03-29,Punjab,654673,99681,754354
2021-03-29,Rajasthan,4806418,677766,5484184
2021-03-29,Sikkim,60149,12160,72309
2021-03-29,Telangana,950014,225462,1175476
2021-03-30,Delhi,993695,244260,1237955
2021-03-31,Andaman and Nicobar Islands,16480,5608,22088
2021-03-31,Dadra and Nagar Haveli and Daman and Diu,23619,4447,28066
2021-03-31,Gujarat,5024412,675762,5700174
2021-03-31,Ladakh,39516,6494,46010
2021-03-31,Rajasthan,4999156,722156,5721312
2021-04-01,Andaman and Nicobar Islands,17208,5666,22874
2021-04-01,Madhya Pradesh,3220877,515109,3735986
2021-04-01,Manipur,86708,35827,122535
2021-04-01,Mizoram,53603,14421,68024
2021-04-01,Nagaland,65168,24347,89515
2021-04-01,Tripura,641213,78538,719751
2021-04-01,Total,59148798,9640340,68789138
2021-04-02,Assam,1003488,163636,1167124
2021-04-02,Bihar,2690447,430946,3121393
2021-04-02,Chandigarh,71745,13070,84815
2021-04-02,Odisha,2309764,389688,2699452
2021-04-02,West Bengal,5100255,672027,5772282
2021-04-02,Miscellaneous,1490081,784745,2274826
2021-04-02,Total,63081589,9972706,73054295
2021-04-03,Assam,1033247,172811,1206058
2021-04-03,Bihar,2795440,437120,3232560
2021-04-03,Gujarat,6127830,795178,6923008
2021-04-03,Ladakh,52961,6956,59917
2021-04-03,Tamil Nadu,2871776,279902,3151678
2021-04-03,Tripura,640102,81006,721108
2021-04-04,Chhattisgarh,2659230,351359,3010589
2021-04-04,Delhi,1296408,286639,1583047
2021-04-04,Jharkhand,1603481,264921,1868402
2021-04-04,Lakshadweep,6243,1846,8089
2021-04-04,Manipur,84572,34779,119351
2021-04-04,Tamil Nadu,2901208,285389,3186597
2021-04-04,Miscellaneous,1498594,841755,2340349
2021-04-05,Assam,1087024,189358,1276382
2021-04-05,Jharkhand,1685153,266344,1951497
2021-04-05,Maharashtra,7298206,829042,8127248
2021-04-05,Meghalaya,87720,33868,121588
2021-04-05,Mizoram,57835,15731,73566
2021-04-05,Telangana,1296813,257959,1554772
2021-04-06,Delhi,1445636,310353,1755989
2021-04-06,Rajasthan,6869590,945743,7815333
2021-04-06,Tamil Nadu,2935315,304106,3239421
2021-04-07,Chandigarh,86126,15613,101739
2021-04-07,Rajasthan,7303354,984486,8287840
2021-04-08,Chhattisgarh,3324849,383529,3708378
2021-04-08,Goa,128428,26948,155376
2021-04-08,Manipur,86907,41189,128096
2021-04-08,Nagaland,72339,25524,97863
2021-04-08,Puducherry,81412,8687,90099
2021-04-08,Punjab,1431295,139950,1571245
2021-04-09,Andaman and Nicobar Islands,27698,5519,33217
2021-04-09,Arunachal Pradesh,97952,28525,126477
2021-04-09,Manipur,88308,42653,130961
2021-04-09,Mizoram,71542,21136,92678
2021-04-09,Punjab,1527164,145704,1672868
2021-04-09,Tamil Nadu,3168084,365785,3533869
2021-04-09,Uttar Pradesh,7170213,1226991,8397204
2021-04-10,Andhra Pradesh,3284504,522204,3806708
2021-04-10,Rajasthan,8450218,1115090,9565308
2021-04-10,Miscellaneous,1591055,1050394,2641449
2021-04-10,Total,88885961,12709186,101595147
2021-04-11,Manipur,90439,43957,134396
2021-04-11,Telangana,1861828,299907,2161735
2021-04-11,West Bengal,7051379,931261,7982640
2021-04-11,Total,91587400,12941165,104528565
2021-04-12,Dadra and Nagar Haveli and Daman and Diu,64704,9407,74111
2021-04-12,Punjab,1776996,161992,1938988
2021-04-13,Goa,158199,34357,192556
2021-04-13,Jharkhand,2197836,308842,2506678
2021-04-13,Ladakh,66540,8779,75319
2021-04-13,Madhya Pradesh,5903109,658277,6561386
2021-04-13,Puducherry,118439,10832,129271
2021-04-13,Rajasthan,8886496,1194436,10080932
2021-04-13,Uttar Pradesh,8331287,1388612,9719899
2021-04-14,Bihar,4610622,617258,5227880
2021-04-14,Karnataka,5935232,615192,6550424
2021-04-14,Kerala,4730171,557313,5287484
2021-04-14,Puducherry,127079,11074,138153
2021-04-14,Punjab,1907757,172921,2080678
2021-04-14,Sikkim,124532,17245,141777
2021-04-14,Tripura,747029,98200,845229
2021-04-15,Andaman and Nicobar Islands,54819,6079,60898
2021-04-15,Himachal Pradesh,1070591,121952,1192543
2021-04-15,Kerala,4899857,597159,5497016
2021-04-15,Uttarakhand,1254098,212872,1466970
2021-04-16,Chhattisgarh,4280491,469569,4750060
2021-04-16,Madhya Pradesh,6392966,722771,7115737
2021-04-16,Total,104408484,15529157,119937641
2021-04-17,Arunachal Pradesh,134090,36852,170942
2021-04-17,Bihar,4896516,682953,5579469
2021-04-17,Dadra and Nagar Haveli and Daman and Diu,71964,11179,83143
2021-04-17,Goa,191878,45278,237156
2021-04-17,Himachal Pradesh,1143734,134355,1278089
2021-04-17,Puducherry,150083,13683,163766
2021-04-17,Sikkim,139394,20729,160123
2021-04-17,Uttar Pradesh,9102697,1610042,10712739
2021-04-17,Uttarakhand,1324657,240780,1565437
2021-04-18,Andaman and Nicobar Islands,71357,6879,78236
2021-04-18,Assam,1303062,294473,1597535
2021-04-18,Goa,198368,46209,244577
2021-04-18,Haryana,2740753,325563,3066316
2021-04-18,Maharashtra,10959587,1314386,12273973
2021-04-18,Rajasthan,9459005,1425801,10884806
2021-04-19,Goa,204861,48923,253784
2021-04-19,Haryana,2805495,357518,3163013
2021-04-19,Madhya Pradesh,6701986,805465,7507451
2021-04-19,Tripura,780220,130126,910346
2021-04-19,Uttar Pradesh,9225108,1684657,10909765
2021-04-19,West Bengal,7701573,1275170,8976743
2021-04-20,Andaman and Nicobar Islands,78989,7937,86926
2021-04-20,Assam,1416049,355511,1771560
2021-04-20,Himachal Pradesh,1225881,152805,1378686
2021-04-20,Jharkhand,2477789,371236,2849025
2021-04-21,Bihar,5265752,792059,6057811
2021-04-21,Delhi,2277806,509326,2787132
2021-04-21,Goa,218280,54563,272843
2021-04-21,Karnataka,7005121,953124,7958245
2021-04-21,Odisha,4579807,726445,5306252
2021-04-21,Tamil Nadu,4223499,742450,4965949
2021-04-22,Delhi,2326052,529698,2855750
2021-04-22,Gujarat,9329491,1770095,11099586
2021-04-22,Manipur,117491,54294,171785
2021-04-22,Meghalaya,144942,49834,194776
2021-04-22,Puducherry,158747,17811,176558
2021-04-22,Telangana,3150499,456422,3606921
2021-04-23,Rajasthan,10178267,1831977,12010244
2021-04-23,Sikkim,152278,30343,182621
2021-04-23,Telangana,3332794,479398,3812192
2021-04-23,Uttar Pradesh,9679894,1943801,11623695
2021-04-24,Andhra Pradesh,4543673,1126695,5670368
2021-04-24,Delhi,2395943,566310,2962253
2021-04-24,Lakshadweep,17300,3781,21081
2021-04-24,Meghalaya,157665,51857,209522
2021-04-25,Chandigarh,140795,37860,178655
2021-04-25,Karnataka,7495249,1178345,8673594
2021-04-25,Kerala,5801268,1045794,6847062
2021-04-25,Manipur,126565,55981,182546
2021-04-25,Uttarakhand,1530925,337062,1867987
2021-04-26,Gujarat,9634479,2086790,11721269
2021-04-26,Meghalaya,171821,53693,225514
2021-04-26,Punjab,2746960,339125,3086085
2021-04-27,Dadra and Nagar Haveli and Daman and Diu,77814,14486,92300
2021-04-27,Jammu and Kashmir,1848977,338553,2187530
2021-04-27,Uttarakhand,1585720,365797,1951517
2021-04-27,West Bengal,8467479,1970756,10438235
2021-04-28,Arunachal Pradesh,176893,50965,227858
2021-04-28,Ladakh,74000,31915,105915
2021-04-28,Manipur,155238,58999,214237
2021-04-28,Punjab,2837684,374137,3211821
2021-04-29,Karnataka,7940789,1459600,9400389
2021-04-29,Rajasthan,10745782,2191129,12936911
2021-04-29,Tripura,882553,308069,1190622
2021-04-29,Uttarakhand,1637791,395796,2033587
2021-04-30,Goa,277125,72593,349718
2021-04-30,Gujarat,9965898,2492610,12458508
2021-04-30,Jharkhand,2635990,478134,3114124
2021-04-30,Maharashtra,13562148,2622675,16184823
2021-04-30,Mizoram,211363,44733,256096
2021-04-30,Rajasthan,10797385,2224937,13022322
2021-04-30,Telangana,4152684,628544,4781228
2021-04-30,Uttar Pradesh,10241537,2317497,12559034
2021-05-01,Jharkhand,2650132,489441,3139573
2021-05-01,Karnataka,8182326,1599857,9782183
2021-05-01,Lakshadweep,19176,4279,23455
2021-05-01,Nagaland,159659,40327,199986
2021-05-01,Odisha,4938814,933924,5872738
2021-05-01,Rajasthan,10842068,2250711,13092779
2021-05-01,Total,128171153,28644878,156816031
2021-05-02,Andaman and Nicobar Islands,94126,11160,105286
2021-05-02,Chandigarh,165616,50277,215893
2021-05-02,Chhattisgarh,4887678,759407,5647085
2021-05-02,Meghalaya,237838,60571,298409
2021-05-02,Puducherry,170709,29317,200026
2021-05-02,Tamil Nadu,4679186,1367098,6046284
2021-05-03,Arunachal Pradesh,193635,58650,252285
2021-05-03,Tripura,912966,369401,1282367
2021-05-04,Andaman and Nicobar Islands,94939,11941,106880
2021-05-04,Chandigarh,171295,53483,224778
2021-05-04,Jharkhand,2667531,515071,3182602
2021-05-04,Mizoram,221756,45673,267429
2021-05-04,Sikkim,162323,47609,209932
2021-05-04,Miscellaneous,1680481,1334599,3015080
2021-05-04,Total,130044455,30449733,160494188
2021-05-05,Dadra and Nagar Haveli and Daman and Diu,80812,18320,99132
2021-05-05,Karnataka,8347732,1763750,10111482
2021-05-05,Lakshadweep,19750,4926,24676
2021-05-05,Maharashtra,13915088,2866631,16781719
2021-05-05,Telangana,4271681,685276,4956957
2021-05-06,Bihar,6149968,1388358,7538326
2021-05-06,Dadra and Nagar Haveli and Daman and Diu,81148,19134,100282
2021-05-06,Mizoram,228855,46324,275179
2021-05-06,Odisha,4995571,1021844,6017415
2021-05-07,Bihar,6185149,1432083,7617232
2021-05-07,Goa,304465,81236,385701
2021-05-07,Himachal Pradesh,1669330,349372,2018702
2021-05-07,Manipur,255855,66332,322187
2021-05-07,Rajasthan,11298842,2543148,13841990
2021-05-08,Assam,2334686,656209,2990895
2021-05-08,Bihar,6216512,1470862,7687374
2021-05-08,Karnataka,8469643,2018208,10487851
2021-05-08,Puducherry,175469,39978,215447
2021-05-08,Sikkim,163823,54363,218186
2021-05-08,Tamil Nadu,4835514,1644773,6480287
2021-05-08,Telangana,4373909,813954,5187863
2021-05-09,Chhattisgarh,4934246,892905,5827151
2021-05-09,Jharkhand,2706426,578882,3285308
2021-05-09,Lakshadweep,19970,5795,25765
2021-05-09,Meghalaya,274374,67911,342285
2021-05-09,Mizoram,230871,46989,277860
2021-05-09,Tripura,929101,466520,1395621
2021-05-10,Delhi,3130604,909119,4039723
2021-05-10,Goa,313476,85124,398600
2021-05-10,Jammu and Kashmir,2231970,500169,2732139
2021-05-10,Mizoram,232513,48687,281200
2021-05-10,Nagaland,174486,47871,222357
2021-05-11,Bihar,6546280,1609338,8155618
2021-05-11,Haryana,3721860,820235,4542095
2021-05-11,Karnataka,8550656,2241042,10791698
2021-05-12,Arunachal Pradesh,212634,76499,289133
2021-05-12,Bihar,6638656,1628241,8266897
2021-05-12,Delhi,3277102,966756,4243858
2021-05-12,Jammu and Kashmir,2251992,518548,2770540
2021-05-12,Meghalaya,302280,72250,374530
2021-05-13,Andhra Pradesh,5332845,2080601,7413446
2021-05-13,Gujarat,10945378,3815327,14760705
2021-05-13,Madhya Pradesh,7333275,1629753,8963028
2021-05-13,Odisha,5126334,1370906,6497240
2021-05-14,Jammu and Kashmir,2264605,526627,2791232
2021-05-14,Nagaland,180740,51642,232382
2021-05-14,Puducherry,179241,49101,228342
2021-05-14,Tripura,940372,503059,1443431
2021-05-14,Miscellaneous,1699273,1397541,3096814
2021-05-15,Karnataka,8677725,2491720,11169445
2021-05-15,Ladakh,86271,37249,123520
2021-05-15,Odisha,5174669,1402964,6577633
2021-05-15,Sikkim,164899,59584,224483
2021-05-15,Telangana,4385414,1062391,5447805
2021-05-16,Assam,2648044,730261,3378305
2021-05-16,Gujarat,11040205,3823346,14863551
2021-05-16,Himachal Pradesh,1748284,432715,2180999
2021-05-16,Karnataka,8691217,2500492,11191709
2021-05-16,Meghalaya,327661,74047,401708
2021-05-16,Sikkim,165261,59585,224846
2021-05-16,Tamil Nadu,5043505,1898439,6941944
2021-05-16,Tripura,942167,504009,1446176
2021-05-16,Uttarakhand,1941293,680073,2621366
2021-05-17,Goa,348457,94347,442804
2021-05-17,Kerala,6474733,2008215,8482948
2021-05-17,Tamil Nadu,5083368,1912112,6995480
2021-05-18,Arunachal Pradesh,228541,77880,306421
2021-05-18,Karnataka,8828574,2532660,11361234
2021-05-18,Madhya Pradesh,7468995,1711025,9180020
2021-05-18,Rajasthan,12411685,2987117,15398802
2021-05-18,Tamil Nadu,5118546,1922153,7040699
2021-05-19,Arunachal Pradesh,233711,77888,311599
2021-05-19,Himachal Pradesh,1808316,432947,2241263
2021-05-19,Maharashtra,15743864,4297784,20041648
2021-05-19,Manipur,328621,69915,398536
2021-05-19,Odisha,5395085,1424553,6819638
2021-05-19,Sikkim,168186,59610,227796
2021-05-19,Tripura,978951,504185,1483136
2021-05-19,Miscellaneous,1705244,1421121,3126365
2021-05-20,Jharkhand,3117897,672827,3790724
2021-05-20,Meghalaya,349881,74124,424005
2021-05-20,Odisha,5532422,1431856,6964278
2021-05-20,Puducherry,189089,50775,239864
2021-05-20,Tamil Nadu,5328541,1952159,7280700
2021-05-20,Total,149201320,42678183,191879503
2021-05-21,Chhattisgarh,5755505,1088949,6844454
2021-05-21,Kerala,6592745,2019936,8612681
2021-05-21,Ladakh,93205,37257,130462
2021-05-21,Tamil Nadu,5364809,1957146,7321955
2021-05-21,Uttarakhand,2077777,680831,2758608
2021-05-21,West Bengal,9201086,3802876,13003962
2021-05-22,Chandigarh,237552,74612,312164
2021-05-22,Haryana,4405946,945293,5351239
2021-05-22,Himachal Pradesh,1901107,433106,2334213
2021-05-22,Ladakh,94804,37257,132061
2021-05-22,Rajasthan,12914866,3025727,15940593
2021-05-23,Madhya Pradesh,8196353,1754446,9950799
2021-05-23,Meghalaya,361472,74149,435621
2021-05-23,Odisha,5675171,1440858,7116029
2021-05-23,Punjab,4021416,730329,4751745
2021-05-23,Total,152930249,43121713,196051962
2021-05-24,Chhattisgarh,5816399,1093424,6909823
2021-05-24,Dadra and Nagar Haveli and Daman and Diu,130906,25908,156814
2021-05-24,Karnataka,9611607,2631866,12243473
2021-05-24,Odisha,5782898,1445240,7228138
2021-05-25,Assam,3090486,808417,3898903
2021-05-25,Bihar,8238708,1747849,9986557
2021-05-25,Maharashtra,16791838,4420595,21212433
2021-05-25,Meghalaya,372110,74202,446312
2021-05-25,Miscellaneous,1713874,1445499,3159373
2021-05-26,Arunachal Pradesh,251246,78111,329357
2021-05-26,Rajasthan,13305224,3058955,16364179
2021-05-26,Sikkim,178314,59633,237947
2021-05-26,Tripura,1060345,507111,1567456
2021-05-26,Uttar Pradesh,13681405,3392753,17074158
2021-05-26,Total,159025328,43670546,202695874
2021-05-27,Bihar,8356625,1759568,10116193
2021-05-27,Nagaland,209583,51888,261471
2021-05-27,Uttar Pradesh,13948710,3406590,17355300
2021-05-27,Uttarakhand,2174819,682047,2856866
2021-05-28,Haryana,4769161,980559,5749720
2021-05-28,Karnataka,10390751,2698966,13089717
2021-05-28,Kerala,7021207,2024952,9046159
2021-05-28,Manipur,373859,70273,444132
2021-05-28,Odisha,6138143,1464054,7602197
2021-05-28,Tripura,1067107,507489,1574596
2021-05-28,Miscellaneous,1717716,1456140,3173856
2021-05-29,Chandigarh,264562,74854,339416
2021-05-29,Himachal Pradesh,1996121,433608,2429729
2021-05-29,Jharkhand,3423927,700325,4124252
2021-05-29,Ladakh,116833,37279,154112
2021-05-29,Punjab,4216868,761752,4978620
2021-05-30,Arunachal Pradesh,254719,78272,332991
2021-05-30,Delhi,4147862,1204281,5352143
2021-05-30,Lakshadweep,25903,6945,32848
2021-05-30,Rajasthan,13763262,3098305,16861567
2021-05-30,Tamil Nadu,6872673,2018876,8891549
2021-05-30,Telangana,4731033,1248050,5979083
2021-05-31,Goa,433834,95100,528934
2021-05-31,Tamil Nadu,7061570,2032685,9094255
2021-06-01,Andhra Pradesh,7543454,2529929,10073383
2021-06-02,Meghalaya,395157,74399,469556
2021-06-03,Chandigarh,291534,74991,366525
2021-06-03,Himachal Pradesh,2060033,433909,2493942
2021-06-03,Mizoram,267025,51171,318196
2021-06-03,Nagaland,227781,51998,279779
2021-06-04,Arunachal Pradesh,284306,78575,362881
2021-06-04,Dadra and Nagar Haveli and Daman and Diu,189705,26035,215740
2021-06-04,Karnataka,11889838,2835591,14725429
2021-06-04,Madhya Pradesh,10395417,1818238,12213655
2021-06-04,West Bengal,11789618,3930952,15720570
2021-06-05,Tripura,1127414,508044,1635458
2021-06-06,Arunachal Pradesh,298065,78613,376678
2021-06-06,Chhattisgarh,5947825,1132647,7080472
2021-06-06,Punjab,4499267,794838,5294105
2021-06-07,Bihar,9267055,1857120,11124175
2021-06-07,Jharkhand,3858263,748926,4607189
2021-06-07,Miscellaneous,1725996,1479867,3205863
2021-06-08,Andhra Pradesh,8449909,2587502,11037411
2021-06-08,Kerala,8488444,2188119,10676563
2021-06-08,Meghalaya,404751,74530,479281
2021-06-08,Nagaland,249337,52134,301471
2021-06-08,Tripura,1135563,508430,1643993
2021-06-08,Uttar Pradesh,17471652,3678606,21150258
2021-06-09,Himachal Pradesh,2122847,434946,2557793
2021-06-09,Tamil Nadu,8107953,2110972,10218925
2021-06-10,Sikkim,192499,59773,252272
2021-06-10,Tamil Nadu,8146496,2114309,10260805
2021-06-10,Telangana,6057522,1328962,7386484
2021-06-11,Maharashtra,20404510,5116063,25520573
2021-06-11,Meghalaya,417657,74661,492318
2021-06-11,Telangana,6259168,1335190,7594358
2021-06-11,Uttar Pradesh,18705919,3763040,22468959
2021-06-12,Chhattisgarh,6048340,1157096,7205436
2021-06-12,Manipur,465952,71428,537380
2021-06-12,Rajasthan,16255404,3333728,19589132
2021-06-13,Jammu and Kashmir,3093150,582955,3676105
2021-06-13,Jharkhand,4299448,798358,5097806
2021-06-13,Karnataka,13943769,3011942,16955711
2021-06-13,Meghalaya,428457,74696,503153
2021-06-14,Himachal Pradesh,2178527,435974,2614501
2021-06-14,Manipur,472041,71562,543603
2021-06-14,Rajasthan,16541044,3347037,19888081
2021-06-14,Uttarakhand,2670335,705783,3376118
2021-06-14,Total,210166746,48877326,259044072
2021-06-15,Chandigarh,342716,76037,418753
2021-06-15,Delhi,4715919,1488293,6204212
2021-06-15,Lakshadweep,41774,7099,48873
2021-06-15,Tripura,1184687,520273,1704960
2021-06-16,Meghalaya,469938,74826,544764
2021-06-16,Sikkim,257427,59845,317272
2021-06-17,Andhra Pradesh,9797330,2645044,12442374
2021-06-17,Arunachal Pradesh,374323,79433,453756
2021-06-17,Assam,4081464,1002414,5083878
2021-06-17,Haryana,6013041,1116401,7129442
2021-06-17,Kerala,9484076,2387717,11871793
2021-06-17,Tripura,1262230,526702,1788932
2021-06-17,Uttar Pradesh,20667368,3947686,24615054
2021-06-17,Total,218873616,50086783,268960399
2021-06-18,Andhra Pradesh,9816779,2648335,12465114
2021-06-18,Chandigarh,363100,76617,439717
2021-06-18,Haryana,6091570,1131018,7222588
2021-06-18,Puducherry,329411,55101,384512
2021-06-18,Punjab,5212094,842827,6054921
2021-06-18,Telangana,7470427,1372240,8842667
2021-06-19,Assam,4264324,1055182,5319506
2021-06-19,Gujarat,17096195,4785035,21881230
2021-06-19,Haryana,6169988,1142847,7312835
2021-06-19,Rajasthan,17470356,3388466,20858822
2021-06-20,Andaman and Nicobar Islands,121198,15497,136695
2021-06-20,Chhattisgarh,6346953,1216523,7563476
2021-06-20,Goa,659065,100873,759938
2021-06-20,Haryana,6206268,1148374,7354642
2021-06-20,Maharashtra,22216217,5483182,27699399
2021-06-20,Mizoram,376024,52652,428676
2021-06-20,Nagaland,346305,53011,399316
2021-06-20,Odisha,8029756,1808411,9838167
2021-06-21,Chhattisgarh,6424457,1230303,7654760
2021-06-21,Delhi,5006896,1595966,6602862
2021-06-21,Tripura,1549970,544039,2094009
2021-06-22,Andhra Pradesh,11288086,2750996,14039082
2021-06-22,Chhattisgarh,6517732,1247171,7764903
2021-06-22,Delhi,5072902,1614554,6687456
2021-06-22,Meghalaya,541675,75392,617067
2021-06-23,Andaman and Nicobar Islands,128612,15591,144203
2021-06-23,Chhattisgarh,6661351,1269668,7931019
2021-06-23,Delhi,5172626,1625636,6798262
2021-06-23,Kerala,10098458,2715927,12814385
2021-06-23,Ladakh,166158,37551,203709
2021-06-23,Madhya Pradesh,15733116,2198101,17931217
2021-06-24,Kerala,10234797,2797468,13032265
2021-06-24,Odisha,9106505,1926180,11032685
2021-06-24,Tripura,1831611,562472,2394083
2021-06-24,Uttarakhand,3273006,750877,4023883
2021-06-24,Total,253737871,54210873,307948744
2021-06-25,Chhattisgarh,7022150,1355541,8377691
2021-06-25,Haryana,7043821,1271698,8315519
2021-06-26,Assam,5659088,1182871,6841959
2021-06-26,Bihar,13509449,2175209,15684658
2021-06-26,Jharkhand,5537691,1011406,6549097
2021-06-26,Tamil Nadu,12423144,2470145,14893289
2021-06-26,Uttar Pradesh,26132272,4321651,30453923
2021-06-27,Maharashtra,25145226,6014297,31159523
2021-06-28,Assam,5765634,1211485,6977119
2021-06-28,Delhi,5801127,1742820,7543947
2021-06-28,Gujarat,19683579,5458033,25141612
2021-06-28,Puducherry,427892,64671,492563
2021-06-28,Miscellaneous,1735385,1517666,3253051
2021-06-29,Andhra Pradesh,12347245,3042318,15389563
2021-06-29,Sikkim,394505,67949,462454
2021-06-29,West Bengal,16729599,4982743,21712342
2021-06-30,Assam,5792114,1230867,7022981
2021-06-30,Bihar,13684112,2215545,15899657
2021-06-30,Ladakh,170902,56034,226936
2021-06-30,Manipur,581261,74141,655402
2021-06-30,Punjab,6112362,1002728,7115090
2021-06-30,Uttarakhand,3579840,821974,4401814
2021-06-30,Total,276099880,59616139,335716019
2021-07-01,Chandigarh,444544,89353,533897
2021-07-01,Ladakh,171445,57372,228817
2021-07-01,Odisha,9899724,2155500,12055224
2021-07-01,Tripura,1969633,599487,2569120
2021-07-02,Assam,6171965,1275928,7447893
2021-07-02,Goa,837780,122950,960730
2021-07-02,Lakshadweep,47042,8252,55294
2021-07-02,Maharashtra,26512936,6597723,33110659
2021-07-02,Odisha,9927389,2162831,12090220
2021-07-02,West Bengal,17019201,5301150,22320351
2021-07-03,Andaman and Nicobar Islands,159330,24773,184103
2021-07-03,Goa,852875,127808,980683
2021-07-03,Maharashtra,27074275,6856957,33931232
2021-07-03,Odisha,9996014,2206539,12202553
2021-07-03,West Bengal,17135555,5455784,22591339
2021-07-04,Andhra Pradesh,13188396,3271472,16459868
2021-07-04,Jammu and Kashmir,4052689,754724,4807413
2021-07-04,Karnataka,19704272,4086710,23790982
2021-07-05,Jharkhand,6127715,1174660,7302375
2021-07-05,Maharashtra,27418684,6986438,34405122
2021-07-05,Uttarakhand,3774468,913800,4688268
2021-07-06,Chhattisgarh,8323609,1763217,10086826
2021-07-06,Dadra and Nagar Haveli and Daman and Diu,437342,52908,490250
2021-07-06,Karnataka,20170366,4307475,24477841
2021-07-06,Lakshadweep,47468,9288,56756
2021-07-06,Telangana,10173757,1792592,11966349
2021-07-07,Bihar,15114284,2497336,17611620
2021-07-07,Lakshadweep,47562,9763,57325
2021-07-07,Madhya Pradesh,18988628,3498980,22487608
2021-07-07,Maharashtra,28046874,7398150,35445024
2021-07-07,Puducherry,467857,90138,557995
2021-07-07,Miscellaneous,1737305,1527259,3264564
2021-07-08,Andhra Pradesh,13347424,3368492,16715916
2021-07-08,Bihar,15484440,2584950,18069390
2021-07-08,Kerala,11393121,3828293,15221414
2021-07-08,Punjab,6792574,1323363,8115937
2021-07-09,Bihar,15746006,2639043,18385049
2021-07-09,Ladakh,180257,60561,240818
2021-07-09,Meghalaya,706033,96032,802065
2021-07-09,Nagaland,500265,86701,586966
2021-07-09,Tripura,2043421,637853,2681274
2021-07-10,Delhi,6814195,2076571,8890766
2021-07-10,Haryana,8104874,1743422,9848296
2021-07-10,Himachal Pradesh,3423175,857856,4281031
2021-07-10,Jammu and Kashmir,4293976,821422,5115398
2021-07-10,Kerala,11544603,4122660,15667263
2021-07-10,Lakshadweep,47936,10670,58606
2021-07-10,Odisha,10727017,2716948,13443965
2021-07-10,Uttarakhand,3899305,990048,4889353
2021-07-11,Assam,6664502,1352045,8016547
2021-07-11,Chandigarh,494636,117097,611733
2021-07-11,Ladakh,181815,60730,242545
2021-07-11,Manipur,781273,84767,866040
2021-07-11,Meghalaya,712955,97618,810573
2021-07-12,Andhra Pradesh,13680584,3677411,17357995
2021-07-12,Dadra and Nagar Haveli and Daman and Diu,476043,61578,537621
2021-07-12,Delhi,6843441,2094499,8937940
2021-07-12,Jammu and Kashmir,4339497,857065,5196562
2021-07-12,Kerala,11633745,4277703,15911448
2021-07-12,Punjab,6986755,1428792,8415547
2021-07-12,Rajasthan,21746650,4702524,26449174
2021-07-12,Total,306612781,74854865,381467646
2021-07-13,Goa,948191,184671,1132862
2021-07-13,Jharkhand,6525383,1348348,7873731
2021-07-13,Nagaland,521140,99423,620563
2021-07-14,Andaman and Nicobar Islands,177014,69670,246684
2021-07-14,Lakshadweep,48684,11884,60568
2021-07-14,Tamil Nadu,15323595,3226031,18549626
2021-07-14,West Bengal,18136408,6898498,25034906
2021-07-15,Gujarat,22155924,6606578,28762502
2021-07-16,Himachal Pradesh,3498848,1001930,4500778
2021-07-16,Jharkhand,6727894,1460240,8188134
2021-07-16,Manipur,901374,100173,1001547
2021-07-16,Rajasthan,22426945,5214913,27641858
2021-07-16,West Bengal,18379958,7230472,25610430
2021-07-17,Jammu and Kashmir,4513138,969375,5482513
2021-07-17,Punjab,7248541,1550517,8799058
2021-07-17,Sikkim,464383,136099,600482
2021-07-17,Telangana,10868400,2399366,13267766
2021-07-18,Haryana,8558973,2019623,10578596
2021-07-18,Maharashtra,30417049,9096030,39513079
2021-07-18,Puducherry,518970,128154,647124
2021-07-18,Sikkim,464508,136108,600616
2021-07-19,Andaman and Nicobar Islands,181725,79542,261267
2021-07-19,Goa,985642,216947,1202589
2021-07-19,Himachal Pradesh,3542306,1065433,4607739
2021-07-19,Mizoram,614394,137962,752356
2021-07-20,Gujarat,23145616,7019612,30165228
2021-07-20,Tamil Nadu,16353113,3568532,19921645
2021-07-20,Uttar Pradesh,34795562,6764570,41560132
2021-07-20,Miscellaneous,1743023,1539520,3282543
2021-07-21,Bihar,18282317,3267577,21549894
2021-07-21,Chhattisgarh,9126854,2146750,11273604
2021-07-21,Gujarat,23152231,7022578,30174809
2021-07-21,Puducherry,529718,132725,662443
2021-07-21,Total,330259212,87591939,417851151
2021-07-22,Andhra Pradesh,14818865,4506214,19325079
2021-07-22,Chhattisgarh,9161816,2160208,11322024
2021-07-22,Karnataka,22570999,5677694,28248693
2021-07-22,Mizoram,624169,161962,786131
2021-07-22,Punjab,7406702,1674872,9081574
2021-07-23,Andhra Pradesh,14871913,4601809,19473722
2021-07-23,Karnataka,22756318,5803394,28559712
2021-07-23,Odisha,11694674,3550110,15244784
2021-07-23,Punjab,7417484,1686921,9104405
2021-07-23,Tamil Nadu,17004414,3723525,20727939
2021-07-23,West Bengal,19262049,8079439,27341488
2021-07-23,Total,336819816,91062445,427882261
2021-07-24,Puducherry,545610,138543,684153
2021-07-25,Kerala,12972163,5622271,18594434
2021-07-25,Puducherry,546390,138781,685171
2021-07-26,Chhattisgarh,9309149,2225271,11534420
2021-07-26,Himachal Pradesh,3779130,1186148,4965278
2021-07-26,Maharashtra,31669069,10100624,41769693
2021-07-26,Odisha,11940683,3679339,15620022
2021-07-26,Telangana,11107975,3059381,14167356
2021-07-26,Uttar Pradesh,37897452,7335881,45233333
2021-07-27,Chandigarh,592744,178913,771657
2021-07-27,Haryana,8927718,2282737,11210455
2021-07-27,Madhya Pradesh,24331468,4741027,29072495
2021-07-28,Assam,8476245,1865465,10341710
2021-07-28,Maharashtra,32189237,10518075,42707312
2021-07-28,Punjab,7562498,1830886,9393384
2021-07-29,Bihar,19912638,3752836,23665474
2021-07-29,Nagaland,611482,147091,758573
2021-07-29,Tamil Nadu,18311781,4016258,22328039
2021-07-29,Total,356140739,99893015,456033754
2021-07-30,Andaman and Nicobar Islands,206031,90865,296896
2021-07-30,Dadra and Nagar Haveli and Daman and Diu,550146,74152,624298
2021-07-30,Goa,1046130,268339,1314469
2021-07-30,Haryana,9225127,2455477,11680604
2021-07-30,Ladakh,186894,67030,253924
2021-07-30,Tripura,2343384,781356,3124740
2021-07-30,Total,359820313,101698166,461518479
2021-07-31,Haryana,9360154,2509706,11869860
2021-07-31,Maharashtra,33381464,11201257,44582721
2021-07-31,Rajasthan,25250384,7499341,32749725
2021-07-31,Sikkim,491205,148120,639325
2021-08-01,Assam,8878074,1949091,10827165
2021-08-01,Himachal Pradesh,3968676,1273577,5242253
2021-08-01,Jammu and Kashmir,4981321,1324274,6305595
2021-08-01,Nagaland,617903,149873,767776
2021-08-01,Sikkim,491204,148121,639325
2021-08-01,Miscellaneous,1744376,1545196,3289572
2021-08-02,Chandigarh,651891,200327,852218
2021-08-02,Chhattisgarh,9676922,2377418,12054340
2021-08-02,Dadra and Nagar Haveli and Daman and Diu,561632,75344,636976
2021-08-02,Telangana,11391724,3569232,14960956
2021-08-02,Miscellaneous,1744632,1546029,3290661
2021-08-03,Andaman and Nicobar Islands,211569,92591,304160
2021-08-03,Delhi,7533336,2762066,10295402
2021-08-03,Jammu and Kashmir,5073021,1380324,6453345
2021-08-03,Nagaland,623359,152765,776124
2021-08-03,Tripura,2389535,791715,3181250
2021-08-03,Uttar Pradesh,43576972,8071927,51648899
2021-08-03,Uttarakhand,4682678,1483173,6165851
2021-08-04,Assam,9536378,2045789,11582167
2021-08-04,Bihar,21325253,4080382,25405635
2021-08-04,Himachal Pradesh,4083812,1321716,5405528
2021-08-04,Manipur,1135285,222872,1358157
2021-08-04,Telangana,11446097,3649818,15095915
2021-08-05,Andhra Pradesh,16890073,5933974,22824047
2021-08-05,Chandigarh,669284,209048,878332
2021-08-05,Dadra and Nagar Haveli and Daman and Diu,572246,76700,648946
2021-08-05,Karnataka,25063401,7065860,32129261
2021-08-05,Madhya Pradesh,28655862,5509960,34165822
2021-08-05,Uttar Pradesh,44606802,8242205,52849007
2021-08-05,Uttarakhand,4842769,1527641,6370410
2021-08-06,Haryana,9866525,2787979,12654504
2021-08-06,Jammu and Kashmir,5175592,1428185,6603777
2021-08-06,Madhya Pradesh,28719654,5519239,34238893
2021-08-06,Telangana,11548293,3828778,15377071
2021-08-06,West Bengal,22747208,9028218,31775426
2021-08-07,Gujarat,27466682,8751706,36218388
2021-08-07,Sikkim,497154,150743,647897
2021-08-07,Uttarakhand,5025325,1575317,6600642
2021-08-08,Himachal Pradesh,4190561,1360987,5551548
2021-08-08,Jharkhand,8317319,1977828,10295147
2021-08-08,Kerala,15472773,6370804,21843577
2021-08-08,Maharashtra,34789942,11968889,46758831
2021-08-08,Sikkim,497154,150743,647897
2021-08-08,Uttarakhand,5042017,1583476,6625493
2021-08-09,Andaman and Nicobar Islands,216053,94601,310654
2021-08-09,Arunachal Pradesh,692532,186724,879256
2021-08-09,Dadra and Nagar Haveli and Daman and Diu,584400,80828,665228
2021-08-09,Goa,1094394,302521,1396915
2021-08-10,Rajasthan,27226185,8464839,35691024
2021-08-11,Delhi,8002412,3101586,11103998
2021-08-11,Goa,1101631,311955,1413586
2021-08-11,Manipur,1167348,257276,1424624
2021-08-11,Punjab,8319026,2360089,10679115
2021-08-11,West Bengal,23818895,9229370,33048265
2021-08-12,Delhi,8086022,3151675,11237697
2021-08-12,Karnataka,26266430,7663080,33929510
2021-08-12,Maharashtra,35554925,12383314,47938239
2021-08-12,Meghalaya,959301,248117,1207418
2021-08-12,Nagaland,637206,165937,803143
2021-08-12,Tamil Nadu,21253260,4789216,26042476
2021-08-12,Uttarakhand,5338887,1672280,7011167
2021-08-13,Haryana,10390872,3129831,13520703
2021-08-13,Jammu and Kashmir,5512717,1560204,7072921
2021-08-13,Jharkhand,8695183,2100982,10796165
2021-08-13,Puducherry,612535,155477,768012
2021-08-13,Total,416846115,119343788,536189903
2021-08-14,Andaman and Nicobar Islands,232709,97287,329996
2021-08-15,Assam,11556079,2468281,14024360
2021-08-15,Delhi,8253109,3266946,11520055
2021-08-15,Karnataka,26771563,7875704,34647267
2021-08-15,Odisha,15032989,4479729,19512718
2021-08-15,Rajasthan,28563999,8993813,37557812
2021-08-15,Telangana,12076505,4154717,16231222
2021-08-15,West Bengal,24878940,9396251,34275191
2021-08-16,Chandigarh,746589,252052,998641
2021-08-16,Dadra and Nagar Haveli and Daman and Diu,600165,93608,693773
2021-08-16,Jharkhand,8927266,2175198,11102464
2021-08-16,Ladakh,189769,73545,263314
2021-08-16,Manipur,1176119,273479,1449598
2021-08-16,Odisha,15222985,4546284,19769269
2021-08-16,Puducherry,617839,158716,776555
2021-08-17,Dadra and Nagar Haveli and Daman and Diu,602301,96508,698809
2021-08-17,Goa,1122216,342609,1464825
2021-08-17,Lakshadweep,51809,18408,70217
2021-08-17,Odisha,15351717,4612351,19964068
2021-08-17,Telangana,12313591,4222707,16536298
2021-08-17,Tripura,2438542,833679,3272221
2021-08-18,Andhra Pradesh,19112443,6717911,25830354
2021-08-18,Bihar,26440375,5145554,31585929
2021-08-18,Dadra and Nagar Haveli and Daman and Diu,603824,99226,703050
2021-08-18,Odisha,15489879,4684785,20174664
2021-08-18,Rajasthan,29252296,9266105,38518401
2021-08-19,Arunachal Pradesh,707244,208394,915638
2021-08-19,Bihar,26846382,5236341,32082723
2021-08-19,Chhattisgarh,10373446,2968914,13342360
2021-08-19,Meghalaya,989794,272981,1262775
2021-08-20,Andaman and Nicobar Islands,238192,99659,337851
2021-08-20,Chandigarh,768189,268210,1036399
2021-08-20,Madhya Pradesh,33201741,6486540,39688281
2021-08-20,Punjab,9250044,2807869,12057913
2021-08-20,Tamil Nadu,22819618,5215511,28035129
2021-08-21,Jharkhand,9282236,2304638,11586874
2021-08-21,Rajasthan,30119596,9612108,39731704
2021-08-22,Jharkhand,9321625,2316912,11638537
2021-08-22,Ladakh,190402,77093,267495
2021-08-22,Maharashtra,39069171,14040408,53109579
2021-08-22,Telangana,12571034,4297875,16868909
2021-08-22,Tripura,2446263,846727,3292990
2021-08-23,Jharkhand,9446948,2356283,11803231
2021-08-23,Kerala,19323498,6948318,26271816
2021-08-23,Meghalaya,1003694,287084,1290778
2021-08-23,Nagaland,647598,183813,831411
2021-08-24,Arunachal Pradesh,712975,215096,928071
2021-08-24,Himachal Pradesh,5317700,1655069,6972769
2021-08-24,Kerala,19547235,7049010,26596245
2021-08-24,Meghalaya,1007785,290695,1298480
2021-08-24,Mizoram,667563,229581,897144
2021-08-24,Telangana,12774060,4360097,17134157
2021-08-24,Uttarakhand,6025170,1891225,7916395
2021-08-25,Bihar,28156188,5570320,33726508
2021-08-25,Kerala,19852729,7160242,27012971
2021-08-25,Lakshadweep,52229,20715,72944
2021-08-25,Maharashtra,40270837,14594471,54865308
2021-08-25,Punjab,9817886,3027458,12845344
2021-08-25,Uttar Pradesh,55594890,10487559,66082449
2021-08-25,Miscellaneous,1901587,1554136,3455723
2021-08-25,Total,466880859,136965616,603846475
2021-08-26,Himachal Pradesh,5395597,1693435,7089032
2021-08-26,Jharkhand,9805160,2452620,12257780
2021-08-26,Rajasthan,31612667,10120229,41732896
2021-08-27,Arunachal Pradesh,718289,225272,943561
2021-08-27,Dadra and Nagar Haveli and Daman and Diu,613532,128838,742370
2021-08-27,Mizoram,669369,233563,902932
2021-08-27,Tamil Nadu,24728772,6045765,30774537
2021-08-27,West Bengal,27755795,10876093,38631888
2021-08-29,Arunachal Pradesh,721074,232059,953133
2021-08-29,Assam,14069853,3041679,17111532
2021-08-29,Haryana,12127047,4064907,16191954
2021-08-29,Ladakh,192771,96671,289442
2021-08-29,Nagaland,652658,194931,847589
2021-08-29,Odisha,16528398,5265747,21794145
2021-08-30,Andhra Pradesh,21143068,8187068,29330136
2021-08-30,Chhattisgarh,10712560,3236095,13948655
2021-08-30,Lakshadweep,52520,23372,75892
2021-08-30,Maharashtra,42437256,15768004,58205260
2021-08-30,Tripura,2459025,879902,3338927
2021-08-30,Miscellaneous,1901778,1554591,3456369
2021-08-30,Total,493020765,147507879,640528644
2021-08-31,Andhra Pradesh,21985105,8594335,30579440
2021-08-31,Puducherry,639752,185678,825430
2021-08-31,Rajasthan,33894711,10902114,44796825
2021-08-31,West Bengal,29543733,11555735,41099468
2021-09-01,Andhra Pradesh,22205617,8696516,30902133
2021-09-01,Haryana,12330520,4164361,16494881
2021-09-01,Meghalaya,1027651,311139,1338790
2021-09-01,Total,509799626,153237708,663037334
2021-09-02,Madhya Pradesh,39220217,8609212,47829429
2021-09-02,Sikkim,506887,171774,678661
2021-09-02,Tamil Nadu,26963346,6704744,33668090
2021-09-03,Maharashtra,44771037,16745100,61516137
2021-09-03,Sikkim,507525,178714,686239
2021-09-03,Tamil Nadu,27364627,6804356,34168983
2021-09-03,Uttarakhand,6665305,2111460,8776765
2021-09-04,Arunachal Pradesh,731911,257781,989692
2021-09-04,Assam,15100780,3322532,18423312
2021-09-04,Gujarat,36131059,12524914,48655973
2021-09-04,Jammu and Kashmir,6434920,1936979,8371899
2021-09-04,Punjab,11166067,3506068,14672135
2021-09-04,Total,524546930,160122591,684669521
2021-09-05,Chandigarh,827452,328720,1156172
2021-09-05,Gujarat,36390999,12757581,49148580
2021-09-05,Nagaland,659112,216175,875287
2021-09-05,Sikkim,508026,184865,692891
2021-09-05,Telangana,13742158,4925838,18667996
2021-09-05,Uttar Pradesh,64767451,12766680,77534131
2021-09-06,Himachal Pradesh,5550531,1827309,7377840
2021-09-06,Kerala,21616740,8042827,29659567
2021-09-06,Odisha,18137967,5934138,24072105
2021-09-06,Sikkim,508844,193521,702365
2021-09-06,Uttar Pradesh,67673551,13204584,80878135
2021-09-07,Arunachal Pradesh,734660,267459,1002119
2021-09-07,Chandigarh,835465,337151,1172616
2021-09-07,Punjab,11493314,3659619,15152933
2021-09-07,West Bengal,32023124,12657854,44680978
2021-09-08,Karnataka,34904099,11951707,46855806
2021-09-09,Haryana,13245533,4624983,17870516
2021-09-09,Kerala,22233714,8534028,30767742
2021-09-09,Maharashtra,48333216,18262678,66595894
2021-09-09,Odisha,18814411,6187972,25002383
2021-09-09,Telangana,14102360,5182972,19285332
2021-09-09,Miscellaneous,1902322,1556469,3458791
2021-09-09,Total,551843120,171941466,723784586
2021-09-10,Arunachal Pradesh,737712,283040,1020752
2021-09-10,Delhi,10554086,4326718,14880804
2021-09-10,Ladakh,197492,118488,315980
2021-09-10,Nagaland,666906,251640,918546
2021-09-10,Uttar Pradesh,72068749,14169133,86237882
2021-09-11,Arunachal Pradesh,738584,287527,1026111
2021-09-11,Ladakh,197819,119611,317430
2021-09-11,Tamil Nadu,29465249,7568946,37034195
2021-09-11,Telangana,14212849,5293627,19506476
2021-09-11,Uttarakhand,6990832,2342255,9333087
2021-09-11,Miscellaneous,1902322,1556469,3458791
2021-09-12,Andhra Pradesh,24075307,10663304,34738611
2021-09-12,Assam,16455548,3700160,20155708
2021-09-12,Jharkhand,11877491,3154239,15031730
2021-09-12,Tamil Nadu,31100538,7991867,39092405
2021-09-12,Uttar Pradesh,72257443,14659873,86917316
2021-09-13,Assam,16648201,3793647,20441848
2021-09-13,Chhattisgarh,11478822,3756568,15235390
2021-09-13,Gujarat,38326690,14263508,52590198
2021-09-13,Haryana,13922478,4925147,18847625
2021-09-13,Karnataka,35402071,12495692,47897763
2021-09-13,Tamil Nadu,31579196,8126861,39706057
2021-09-13,Tripura,2474866,994835,3469701
2021-09-13,Miscellaneous,1902449,1556975,3459424
2021-09-14,Arunachal Pradesh,741067,303519,1044586
2021-09-14,Odisha,19513895,6543966,26057861
2021-09-14,Uttarakhand,7070268,2434640,9504908
2021-09-14,West Bengal,34373312,13756291,48129603
2021-09-15,Arunachal Pradesh,741944,310846,1052790
2021-09-15,Kerala,23090007,9274596,32364603
2021-09-15,Ladakh,199036,124600,323636
2021-09-15,Manipur,1211693,401282,1612975
2021-09-15,Rajasthan,38043691,13172282,51215973
2021-09-15,Uttar Pradesh,74813403,15365885,90179288
2021-09-16,Dadra and Nagar Haveli and Daman and Diu,631041,198880,829921
2021-09-16,Lakshadweep,54130,36098,90228
2021-09-16,Rajasthan,38245897,13303331,51549228
2021-09-16,Tamil Nadu,32408264,8489999,40898263
2021-09-17,Andhra Pradesh,25213043,11614813,36827856
2021-09-17,Himachal Pradesh,5608109,2144877,7752986
2021-09-17,Uttar Pradesh,77351323,16153353,93504676
2021-09-18,Goa,1198071,549674,1747745
2021-09-18,Kerala,23780637,9810425,33591062
2021-09-18,Punjab,13363233,4348241,17711474
2021-09-18,Sikkim,514426,309417,823843
2021-09-19,Assam,17424256,4580328,22004584
2021-09-19,Chhattisgarh,12038691,4202834,16241525
2021-09-19,Goa,1199656,559777,1759433
2021-09-19,Punjab,13420326,4388568,17808894
2021-09-19,Tripura,2483504,1158811,3642315
2021-09-20,Assam,17586145,4733884,22320029
2021-09-20,Dadra and Nagar Haveli and Daman and Diu,636358,222963,859321
2021-09-20,Maharashtra,53277645,21051146,74328791
2021-09-20,Punjab,13492893,4443866,17936759
2021-09-20,Tamil Nadu,33850889,9359425,43210314
2021-09-20,Uttar Pradesh,78733864,17084035,95817899
2021-09-20,Uttarakhand,7243882,2787816,10031698
2021-09-21,Himachal Pradesh,5627468,2364779,7992247
2021-09-21,Nagaland,677807,311031,988838
2021-09-21,Total,614390226,212125528,826515754
2021-09-22,Jharkhand,12955561,3698915,16654476
2021-09-22,Lakshadweep,54560,38896,93456
2021-09-22,Madhya Pradesh,45985252,13188327,59173579
2021-09-22,Sikkim,515750,339422,855172
2021-09-23,Ladakh,202848,132008,334856
2021-09-23,Rajasthan,39544905,14512093,54056998
2021-09-24,Bihar,42390257,10146829,52537086
2021-09-24,Jammu and Kashmir,7518522,3186371,10704893
2021-09-24,Tripura,2489764,1281243,3771007
2021-09-24,Uttar Pradesh,81451866,18264565,99716431
2021-09-25,Jammu and Kashmir,7592040,3252355,10844395
2021-09-25,Jharkhand,13265776,3879256,17145032
2021-09-25,Punjab,14280942,4858030,19138972
2021-09-26,Bihar,42944235,10436129,53380364
2021-09-26,Haryana,16273989,6026036,22300025
2021-09-26,Jharkhand,13347697,3929764,17277461
2021-09-26,Manipur,1219634,451505,1671139
2021-09-26,Meghalaya,1066267,444518,1510785
2021-09-27,Dadra and Nagar Haveli and Daman and Diu,643397,262123,905520
2021-09-27,Gujarat,41570847,18487944,60058791
2021-09-27,Haryana,16339480,6083764,22423244
2021-09-27,Manipur,1220725,461120,1681845
2021-09-27,Tripura,2492448,1331076,3823524
2021-09-28,Chandigarh,897312,441328,1338640
2021-09-28,Haryana,16410426,6145233,22555659
2021-09-28,Telangana,18304448,6889840,25194288
2021-09-28,Uttarakhand,7343596,3080236,10423832
2021-09-28,West Bengal,40350088,16421238,56771326
2021-09-28,Miscellaneous,1902879,1559455,3462334
2021-09-29,Chandigarh,899124,445090,1344214
2021-09-29,Kerala,24648964,10855893,35504857
2021-09-29,Lakshadweep,54806,41352,96158
2021-09-29,Meghalaya,1070474,465682,1536156
2021-09-30,Arunachal Pradesh,755872,417765,1173637
2021-09-30,Chhattisgarh,13084430,5279100,18363530
2021-09-30,Goa,1225782,698900,1924682
2021-09-30,Haryana,16607328,6324180,22931508
2021-09-30,Jharkhand,13617294,4106235,17723529
2021-09-30,Ladakh,205284,137943,343227
2021-09-30,Sikkim,518477,390253,908730
2021-09-30,Miscellaneous,1902903,1559581,3462484
2021-10-01,Dadra and Nagar Haveli and Daman and Diu,646842,284835,931677
2021-10-01,Nagaland,688096,372531,1060627
2021-10-01,Sikkim,518638,393687,912325
2021-10-01,Miscellaneous,1902947,1559822,3462769
2021-10-02,Chhattisgarh,13150946,5370749,18521695
2021-10-02,Dadra and Nagar Haveli and Daman and Diu,646876,285133,932009
2021-10-02,Meghalaya,1073325,480878,1554203
2021-10-02,Odisha,22471483,8736656,31208139
2021-10-02,Sikkim,518698,394808,913506
2021-10-02,Total,658277760,246897588,905175348
2021-10-03,Meghalaya,1073366,481118,1554484
2021-10-03,Punjab,14560388,5065860,19626248
2021-10-04,Manipur,1227361,504278,1731639
2021-10-04,Meghalaya,1074757,489036,1563793
2021-10-04,Punjab,14695359,5169576,19864935
2021-10-04,Tamil Nadu,37189005,12167438,49356443
2021-10-05,Chhattisgarh,13339960,5585409,18925369
2021-10-05,Dadra and Nagar Haveli and Daman and Diu,649205,299745,948950
2021-10-05,Haryana,16948796,6672101,23620897
2021-10-05,Puducherry,708207,332023,1040230
2021-10-05,Punjab,14824061,5263921,20087982
2021-10-05,Rajasthan,40794830,16204033,56998863
2021-10-05,Tripura,2498591,1451300,3949891
2021-10-06,Chhattisgarh,13392359,5653194,19045553
2021-10-06,Gujarat,42731522,20153351,62884873
2021-10-06,Karnataka,39645796,17869496,57515292
2021-10-06,Tamil Nadu,37358962,12343102,49702064
2021-10-07,Jharkhand,14089234,4466950,18556184
2021-10-07,Karnataka,39695148,17967410,57662558
2021-10-07,Odisha,23100194,9197162,32297356
2021-10-07,Rajasthan,41054187,16657271,57711458
2021-10-07,Sikkim,519617,409896,929513
2021-10-08,Tripura,2499855,1475687,3975542
2021-10-09,Arunachal Pradesh,762697,464916,1227613
2021-10-09,Gujarat,43150617,21040577,64191194
2021-10-09,Ladakh,206959,143869,350828
2021-10-09,Maharashtra,60652624,26640659,87293283
2021-10-09,Sikkim,519996,416372,936368
2021-10-09,Tamil Nadu,37582421,12592567,50174988
2021-10-09,Uttar Pradesh,90777695,24244637,115022332
2021-10-09,Total,680516158,266494017,947010175
2021-10-10,Assam,19566032,6405202,25971234
2021-10-10,Goa,1240661,781473,2022134
2021-10-10,Kerala,24941763,11677296,36619059
2021-10-10,Maharashtra,60926983,26795780,87722763
2021-10-10,Uttarakhand,7412369,3336666,10749035
2021-10-11,Goa,1242054,789010,2031064
2021-10-11,Punjab,15207993,5551688,20759681
2021-10-11,Tamil Nadu,38611741,13589356,52201097
2021-10-11,Uttarakhand,7418049,3362309,10780358
2021-10-11,Total,686580570,272397479,958978049
2021-10-12,Andhra Pradesh,29510237,15960401,45470638
2021-10-12,Chhattisgarh,13715345,6076172,19791517
2021-10-12,Punjab,15266190,5593566,20859756
2021-10-12,Sikkim,520231,420705,940936
2021-10-12,Total,689377384,275001828,964379212
2021-10-13,Assam,19694613,6506410,26201023
2021-10-13,Goa,1244336,802123,2046459
2021-10-13,Ladakh,207342,146073,353415
2021-10-13,Madhya Pradesh,49081871,16730047,65811918
2021-10-13,Maharashtra,62441116,27622083,90063199
2021-10-13,Nagaland,698876,430208,1129084
2021-10-14,Jammu and Kashmir,9337723,4186527,13524250
2021-10-14,Mizoram,704239,486995,1191234
2021-10-14,Total,692623237,278815316,971438553
2021-10-15,Goa,1245726,809813,2055539
2021-10-15,Jammu and Kashmir,9365618,4228137,13593755
2021-10-15,Maharashtra,62922552,27864832,90787384
2021-10-15,Punjab,15390384,5690732,21081116
2021-10-15,Uttarakhand,7428681,3436257,10864938
2021-10-15,West Bengal,47473125,18141842,65614967
2021-10-16,Andaman and Nicobar Islands,292321,174797,467118
2021-10-16,Andhra Pradesh,30022920,16635685,46658605
2021-10-16,Dadra and Nagar Haveli and Daman and Diu,654800,335427,990227
2021-10-16,Himachal Pradesh,5689038,3043508,8732546
2021-10-16,Jharkhand,14380093,4717877,19097970
2021-10-16,Lakshadweep,55037,44723,99760
2021-10-17,Karnataka,40810169,20084994,60895163
2021-10-17,Telangana,20517162,7974559,28491721
2021-10-18,Andhra Pradesh,30308618,17141018,47449636
2021-10-18,Dadra and Nagar Haveli and Daman and Diu,655480,339898,995378
2021-10-18,Delhi,12773217,6922765,19695982
2021-10-19,Andhra Pradesh,30425612,17303081,47728693
2021-10-19,Kerala,25115770,12364284,37480054
2021-10-19,Odisha,24501933,10165604,34667537
2021-10-19,West Bengal,49572095,18662726,68234821
2021-10-19,Total,701144631,290137652,991282283
2021-10-20,Jammu and Kashmir,9450816,4526499,13977315
2021-10-20,Kerala,25130853,12437190,37568043
2021-10-20,Sikkim,520553,428628,949181
2021-10-20,Telangana,20952815,8315144,29267959
2021-10-21,Nagaland,703555,459021,1162576
2021-10-21,West Bengal,50442830,18994656,69437486
2021-10-22,Chandigarh,921706,521520,1443226
2021-10-22,Delhi,12867945,7104856,19972801
2021-10-22,Meghalaya,1094538,594239,1688777
2021-10-23,Andaman and Nicobar Islands,293112,189393,482505
2021-10-23,Chandigarh,922279,524862,1447141
2021-10-23,Karnataka,41851568,21448318,63299886
2021-10-24,Chhattisgarh,14472308,6739013,21211321
2021-10-24,Karnataka,41874170,21484523,63358693
2021-10-24,Mizoram,707295,500767,1208062
2021-10-24,Miscellaneous,2237409,1563456,3800865
2021-10-25,Arunachal Pradesh,769198,515725,1284923
2021-10-25,Gujarat,44457340,24544895,69002235
2021-10-25,Himachal Pradesh,5702335,3244969,8947304
2021-10-25,Jammu and Kashmir,9483886,4795626,14279512
2021-10-25,Mizoram,708353,503555,1211908
2021-10-25,Uttarakhand,7457426,3680900,11138326
2021-10-25,Total,719186075,310215044,1029401119
2021-10-26,Arunachal Pradesh,769750,519916,1289666
2021-10-26,Dadra and Nagar Haveli and Daman and Diu,659285,362724,1022009
2021-10-26,Jammu and Kashmir,9489226,4849174,14338400
2021-10-26,Ladakh,208526,151369,359895
2021-10-26,Manipur,1244261,671798,1916059
2021-10-26,West Bengal,53668714,20361803,74030517
2021-10-27,Chandigarh,924247,535861,1460108
2021-10-27,Dadra and Nagar Haveli and Daman and Diu,659864,365195,1025059
2021-10-27,Delhi,12971656,7291824,20263480
2021-10-27,Jammu and Kashmir,9495116,4911862,14406978
2021-10-27,Mizoram,710306,508228,1218534
2021-10-28,Andhra Pradesh,32641518,19771115,52412633
2021-10-28,Bihar,49507976,17800854,67308830
2021-10-28,Jammu and Kashmir,9501078,4980506,14481584
2021-10-28,Odisha,25497527,11237319,36734846
2021-10-28,West Bengal,54524323,20878857,75403180
2021-10-29,Chhattisgarh,14777967,7226577,22004544
2021-10-29,Jammu and Kashmir,9505385,5039761,14545146
2021-10-29,Nagaland,709066,488677,1197743
2021-10-29,Puducherry,733096,401638,1134734
2021-10-30,Jammu and Kashmir,9509489,5104269,14613758
2021-10-30,Madhya Pradesh,49906225,20760983,70667208
2021-10-30,Manipur,1248731,715130,1963861
2021-10-30,Meghalaya,1103237,641616,1744853
2021-10-30,Tripura,2508474,1620679,4129153
2021-10-31,Assam,20172463,8068795,28241258
2021-10-31,Himachal Pradesh,5713695,3443823,9157518
2021-10-31,Tripura,2508477,1621329,4129806
2021-09-01,Ladakh,194086,104068,298154
2021-10-22,Tamil Nadu,39779159,14726638,54505797
2021-01-16,Andhra Pradesh,18412,0,18412
2021-01-16,Maharashtra,18328,0,18328
2021-01-16,Odisha,13746,0,13746
2021-01-18,Andaman and Nicobar Islands,442,0,442
2021-01-18,Delhi,7968,0,7968
2021-01-18,Maharashtra,18582,0,18582
2021-01-18,Meghalaya,530,0,530
2021-01-19,Sikkim,350,0,350
2021-01-19,Tamil Nadu,25251,0,25251
2021-01-19,West Bengal,42093,0,42093
2021-01-20,Assam,7585,0,7585
2021-01-20,Bihar,47433,0,47433
2021-01-20,Maharashtra,52055,0,52055
2021-01-20,Miscellaneous,26940,0,26940
2021-01-21,Andaman and Nicobar Islands,1032,0,1032
2021-01-21,Dadra and Nagar Haveli and Daman and Diu,278,0,278
2021-01-21,Odisha,113623,0,113623
2021-01-21,Tamil Nadu,42947,0,42947
2021-01-21,Tripura,9272,0,9272
2021-01-21,Uttarakhand,8206,0,8206
2021-01-21,Miscellaneous,32297,0,32297
2021-01-22,Andhra Pradesh,133298,0,133298
2021-01-22,Jammu and Kashmir,9827,0,9827
2021-01-22,Nagaland,3443,0,3443
2021-01-22,Punjab,21340,0,21340
2021-01-23,Andhra Pradesh,147030,0,147030
2021-01-23,Goa,1561,0,1561
2021-01-23,Jammu and Kashmir,11647,0,11647
2021-01-23,Jharkhand,14806,0,14806
2021-01-23,Miscellaneous,40144,0,40144
2021-01-24,Dadra and Nagar Haveli and Daman and Diu,628,0,628
2021-01-24,Goa,1561,0,1561
2021-01-24,Punjab,31327,0,31327
2021-01-25,Arunachal Pradesh,7307,0,7307
2021-01-25,Chandigarh,1928,0,1928
2021-01-25,Nagaland,3675,0,3675
2021-01-25,Total,2023809,0,2023809
2021-01-26,Bihar,88450,0,88450
2021-01-26,Goa,1796,0,1796
2021-01-26,Gujarat,91927,0,91927
2021-01-26,Miscellaneous,43675,0,43675
2021-01-27,Jammu and Kashmir,16331,0,16331
2021-01-27,Jharkhand,24020,0,24020
2021-01-27,Odisha,178227,0,178227
2021-01-27,Tamil Nadu,82039,0,82039
2021-01-28,Andhra Pradesh,171683,0,171683
2021-01-28,Punjab,50977,0,50977
2021-01-29,Andaman and Nicobar Islands,2727,0,2727
2021-01-29,Delhi,48008,0,48008
2021-01-29,Meghalaya,4200,0,4200
2021-01-29,Tripura,27617,0,27617
2021-01-30,Arunachal Pradesh,9651,0,9651
2021-01-30,Goa,4117,0,4117
2021-01-30,Kerala,158687,0,158687
2021-01-30,Madhya Pradesh,298376,0,298376
2021-01-30,Maharashtra,269064,0,269064
2021-02-01,Gujarat,256097,0,256097
2021-02-01,Rajasthan,333930,0,333930
2021-02-01,Uttar Pradesh,463793,0,463793
2021-02-02,Haryana,127893,0,127893
2021-02-02,Kerala,224846,0,224846
2021-02-03,Bihar,264097,0,264097
2021-02-03,Jammu and Kashmir,26634,0,26634
2021-02-03,Nagaland,4244,0,4244
2021-02-03,Puducherry,3222,0,3222
2021-02-03,Miscellaneous,57212,0,57212
2021-02-04,Assam,60556,0,60556
2021-02-04,Sikkim,4264,0,4264
2021-02-05,Dadra and Nagar Haveli and Daman and Diu,1888,0,1888
2021-02-05,Lakshadweep,831,0,831
2021-02-05,Madhya Pradesh,340625,0,340625
2021-02-05,Meghalaya,6213,0,6213
2021-02-05,Sikkim,5139,0,5139
2021-02-05,Tamil Nadu,157324,0,157324
2021-02-05,Uttarakhand,70292,0,70292
2021-02-06,Gujarat,438573,0,438573
2021-02-06,Jammu and Kashmir,49419,0,49419
2021-02-06,Jharkhand,95934,0,95934
2021-02-06,Karnataka,386186,0,386186
2021-02-06,Rajasthan,459652,0,459652
2021-02-07,Andaman and Nicobar Islands,3397,0,3397
2021-02-07,Nagaland,4535,0,4535
2021-02-08,Andhra Pradesh,314316,0,314316
2021-02-08,Arunachal Pradesh,13479,0,13479
2021-02-08,Himachal Pradesh,58031,0,58031
2021-02-08,Karnataka,415403,0,415403
2021-02-08,Manipur,9989,0,9989
2021-02-08,Puducherry,3881,0,3881
2021-02-09,Andhra Pradesh,325538,0,325538
2021-02-09,Delhi,132046,0,132046
2021-02-09,Haryana,180663,0,180663
2021-02-09,Madhya Pradesh,380285,0,380285
2021-02-10,Andhra Pradesh,335268,0,335268
2021-02-10,Bihar,430307,0,430307
2021-02-10,Madhya Pradesh,431702,0,431702
2021-02-10,Punjab,91669,0,91669
2021-02-10,Uttar Pradesh,673542,0,673542
2021-02-11,Puducherry,4780,0,4780
2021-02-11,Total,7505010,0,7505010
2021-02-12,Arunachal Pradesh,15098,0,15098
2021-02-12,Goa,12949,0,12949
2021-02-12,Meghalaya,12797,0,12797
2021-02-13,Delhi,189351,1856,191207
2021-02-13,Jammu and Kashmir,128822,807,129629
2021-02-13,Puducherry,5953,71,6024
2021-02-13,Punjab,103799,59,103858
2021-02-13,Uttarakhand,108974,0,108974
2021-02-13,West Bengal,512772,2345,515117
2021-02-14,Andhra Pradesh,356521,5820,362341
2021-02-14,Assam,127658,2215,129873
2021-02-14,Madhya Pradesh,557105,0,557105
2021-02-14,Rajasthan,610088,0,610088
2021-02-14,West Bengal,514570,2382,516952
2021-02-15,Gujarat,690074,9278,699352
2021-02-15,Jammu and Kashmir,145600,1849,147449
2021-02-15,Maharashtra,708276,4857,713133
2021-02-15,Punjab,106797,1057,107854
2021-02-16,Himachal Pradesh,84225,2907,87132
2021-02-16,Madhya Pradesh,576610,0,576610
2021-02-16,Rajasthan,622374,14647,637021
2021-02-17,Jharkhand,232671,7541,240212
2021-02-17,Manipur,32748,777,33525
2021-02-18,Goa,13862,356,14218
2021-02-18,Ladakh,4436,290,4726
2021-02-18,Lakshadweep,1809,115,1924
2021-02-18,Meghalaya,21674,607,22281
2021-02-18,Nagaland,18398,2661,21059
2021-02-18,Sikkim,10143,357,10500
2021-02-19,Kerala,392993,32060,425053
2021-02-19,Puducherry,8481,645,9126
2021-02-19,Punjab,120015,9455,129470
2021-02-19,Tamil Nadu,324537,25746,350283
2021-02-20,Chhattisgarh,340557,20668,361225
2021-02-20,Jammu and Kashmir,200695,6731,207426
2021-02-20,Karnataka,540868,113430,654298
2021-02-20,Kerala,399064,38829,437893
2021-02-20,Punjab,122429,13859,136288
2021-02-20,Tripura,82369,11587,93956
2021-02-21,Andaman and Nicobar Islands,4846,1306,6152
2021-02-21,Goa,15070,1113,16183
2021-02-21,Karnataka,541332,114043,655375
2021-02-21,Lakshadweep,1809,115,1924
2021-02-21,Maharashtra,878829,47637,926466
2021-02-22,Gujarat,824119,73547,897666
2021-02-22,Manipur,41799,1798,43597
2021-02-22,Uttarakhand,133636,9682,143318
2021-02-23,Lakshadweep,2343,621,2964
2021-02-23,Madhya Pradesh,644431,32529,676960
2021-02-23,Uttar Pradesh,1140754,86021,1226775
2021-02-24,Haryana,216422,55075,271497
2021-02-24,Ladakh,8199,748,8947
2021-02-24,Nagaland,27195,5141,32336
2021-02-24,Sikkim,15875,1056,16931
2021-02-25,Andhra Pradesh,503858,130591,634449
2021-02-25,Himachal Pradesh,100723,17041,117764
2021-02-25,West Bengal,872999,120107,993106
2021-02-26,Andhra Pradesh,529607,139337,668944
2021-02-26,Chhattisgarh,377834,51791,429625
2021-02-26,Manipur,52420,2545,54965
2021-02-26,Mizoram,21997,5659,27656
2021-02-26,Puducherry,9920,1224,11144
2021-02-26,Tamil Nadu,388896,56432,445328
2021-02-27,Andhra Pradesh,529607,139337,668944
2021-02-27,Gujarat,833722,167448,1001170
2021-02-27,Jammu and Kashmir,240817,16255,257072
2021-02-27,Rajasthan,798447,224760,1023207
2021-02-27,Tripura,89449,21529,110978
2021-02-27,Total,11845075,2456191,14301266
2021-02-28,Haryana,221841,71983,293824
2021-02-28,Himachal Pradesh,101504,20924,122428
2021-02-28,Manipur,52420,2545,54965
2021-03-01,Gujarat,889167,180941,1070108
2021-03-01,Jharkhand,288240,28056,316296
2021-03-01,Maharashtra,1063187,173817,1237004
2021-03-01,Tamil Nadu,414032,66379,480411
2021-03-01,Uttar Pradesh,1178302,310119,1488421
2021-03-01,Total,12256337,2597799,14854136
2021-03-02,Andaman and Nicobar Islands,6912,2589,9501
2021-03-02,Haryana,231579,76796,308375
2021-03-02,Kerala,541951,120762,662713
2021-03-02,Nagaland,31432,5678,37110
2021-03-03,Chhattisgarh,419066,71624,490690
2021-03-03,Dadra and Nagar Haveli and Daman and Diu,8915,1090,10005
2021-03-03,Maharashtra,1168251,200658,1368909
2021-03-03,Sikkim,19675,2243,21918
2021-03-03,Uttarakhand,154382,31411,185793
2021-03-03,Total,13739121,2876927,16616048
2021-03-04,Manipur,62649,3774,66423
2021-03-05,Chandigarh,29803,2816,32619
2021-03-05,Haryana,268976,84784,353760
2021-03-05,Total,15996683,3501021,19497704
2021-03-06,Delhi,494939,65135,560074
2021-03-06,Goa,36733,6318,43051
2021-03-06,Kerala,819410,183899,1003309
2021-03-06,Ladakh,14599,2135,16734
2021-03-06,Maharashtra,1482838,261582,1744420
2021-03-06,Meghalaya,40902,3981,44883
2021-03-06,Rajasthan,1802425,329018,2131443
2021-03-06,Sikkim,24714,4148,28862
2021-03-07,Gujarat,1421113,344594,1765707
2021-03-07,Madhya Pradesh,858101,234666,1092767
2021-03-07,Meghalaya,40902,4048,44950
2021-03-07,Miscellaneous,1120975,56647,1177622
2021-03-08,Andhra Pradesh,686405,195839,882244
2021-03-08,Jharkhand,354915,74678,429593
2021-03-08,Ladakh,17072,2236,19308
2021-03-08,Manipur,70581,6248,76829
2021-03-08,Rajasthan,1979962,347013,2326975
2021-03-09,Andhra Pradesh,721786,208374,930160
2021-03-09,Meghalaya,44814,5534,50348
2021-03-09,Rajasthan,2019948,367849,2387797
2021-03-09,West Bengal,1596083,292981,1889064
2021-03-10,Haryana,348452,103317,451769
2021-03-10,Meghalaya,46525,6390,52915
2021-03-10,Puducherry,20967,3040,24007
2021-03-10,Tamil Nadu,1005619,119105,1124724
2021-03-11,Delhi,593382,97050,690432
2021-03-11,Gujarat,1744972,428773,2173745
2021-03-11,Rajasthan,2102606,408812,2511418
2021-03-11,West Bengal,1768499,323763,2092262
2021-03-12,Dadra and Nagar Haveli and Daman and Diu,14038,2650,16688
2021-03-12,Jammu and Kashmir,356564,37255,393819
2021-03-12,Jharkhand,404078,115956,520034
2021-03-12,Kerala,1211414,257856,1469270
2021-03-12,Rajasthan,2258451,439812,2698263
2021-03-13,Gujarat,1981447,503706,2485153
2021-03-13,Jharkhand,418414,128045,546459
2021-03-13,Manipur,76055,10636,86691
2021-03-13,Meghalaya,50568,9346,59914
2021-03-13,Sikkim,39100,7429,46529
2021-03-13,Telangana,478458,168709,647167
2021-03-13,Total,24307635,5430774,29738409
2021-03-14,Chhattisgarh,700293,192375,892668
2021-03-14,Goa,55691,10452,66143
2021-03-15,Assam,478158,84368,562526
2021-03-15,Bihar,1168540,322637,1491177
2021-03-15,West Bengal,2286467,402288,2688755
2021-03-15,Total,27079484,5867948,32947432
2021-03-16,Andaman and Nicobar Islands,12632,3562,16194
2021-03-16,Arunachal Pradesh,48684,13484,62168
2021-03-16,Dadra and Nagar Haveli and Daman and Diu,15997,3035,19032
2021-03-16,Haryana,623504,125392,748896
2021-03-16,Mizoram,48736,10608,59344
2021-03-17,Himachal Pradesh,229726,76099,305825
2021-03-17,Jharkhand,508663,172019,680682
2021-03-17,Mizoram,49392,10671,60063
2021-03-17,Odisha,1123080,348236,1471316
2021-03-17,Puducherry,33239,4530,37769
2021-03-18,Bihar,1362861,362520,1725381
2021-03-18,Chhattisgarh,946520,247354,1193874
2021-03-18,Jharkhand,531027,181874,712901
2021-03-19,Andhra Pradesh,1216366,287421,1503787
2021-03-19,Gujarat,2682122,589846,3271968
2021-03-19,Sikkim,50280,9409,59689
2021-03-20,Manipur,81251,20928,102179
2021-03-20,Mizoram,50501,11746,62247
2021-03-20,Uttar Pradesh,3336540,789966,4126506
2021-03-21,Bihar,1531693,386252,1917945
2021-03-21,Chhattisgarh,1073250,268250,1341500
2021-03-21,Delhi,797941,186714,984655
2021-03-21,Gujarat,3120338,601245,3721583
2021-03-21,Haryana,774304,133697,908001
2021-03-21,Punjab,461475,84777,546252
2021-03-22,Meghalaya,60935,21630,82565
2021-03-22,Nagaland,54152,18819,72971
2021-03-22,Miscellaneous,1401610,324749,1726359
2021-03-23,Andaman and Nicobar Islands,14751,5001,19752
2021-03-23,Chandigarh,58336,9368,67704
2021-03-23,Lakshadweep,4346,2050,6396
2021-03-23,Nagaland,56667,20013,76680
2021-03-23,Uttar Pradesh,3779843,873862,4653705
2021-03-24,Dadra and Nagar Haveli and Daman and Diu,20566,3772,24338
2021-03-24,Delhi,874509,219920,1094429
2021-03-24,Goa,84491,14521,99012
2021-03-24,Gujarat,3759854,621960,4381814
2021-03-24,Madhya Pradesh,2453554,478784,2932338
2021-03-24,Nagaland,57853,20994,78847
2021-03-25,Andaman and Nicobar Islands,15377,5295,20672
2021-03-25,Arunachal Pradesh,60663,18230,78893
2021-03-25,Chandigarh,60997,10039,71036
2021-03-25,Himachal Pradesh,363414,88676,452090
2021-03-25,Karnataka,2721173,402779,3123952
2021-03-25,Madhya Pradesh,2590041,484883,3074924
2021-03-25,Meghalaya,66335,27072,93407
2021-03-26,Bihar,2096425,423448,2519873
2021-03-26,Meghalaya,67821,28103,95924
2021-03-26,Punjab,598789,96887,695676
2021-03-27,Chhattisgarh,1423884,305953,1729837
2021-03-27,Gujarat,4524687,633743,5158430
2021-03-27,Jharkhand,1334882,221450,1556332
2021-03-27,Meghalaya,68232,28183,96415
2021-03-27,Puducherry,61157,6823,67980
2021-03-27,Tripura,576738,75192,651930
2021-03-27,West Bengal,4229323,636122,4865445
2021-03-28,Andaman and Nicobar Islands,15989,5372,21361
2021-03-28,Chhattisgarh,1456510,306665,1763175
2021-03-28,Gujarat,4616750,634130,5250880
2021-03-28,Maharashtra,5023688,722914,5746602
2021-03-28,Manipur,85717,32505,118222
2021-03-28,Uttar Pradesh,4393145,910385,5303530
2021-03-29,Himachal Pradesh,404269,90426,494695
2021-03-30,Karnataka,3242113,427360,3669473
2021-03-30,Puducherry,63342,6916,70258
2021-03-30,Tamil Nadu,2684001,268310,2952311
2021-03-31,Arunachal Pradesh,65951,19938,85889
2021-03-31,Jharkhand,1369270,227163,1596433
2021-03-31,Karnataka,3374768,436239,3811007
2021-03-31,Nagaland,63473,23774,87247
2021-03-31,Uttarakhand,577234,121665,698899
2021-03-31,West Bengal,4561135,669031,5230166
2021-04-01,Andhra Pradesh,2328950,406552,2735502
2021-04-01,Gujarat,5459159,706017,6165176
2021-04-01,Meghalaya,74888,30714,105602
2021-04-01,Rajasthan,5249027,756876,6005903
2021-04-01,West Bengal,4733333,685936,5419269
2021-04-02,Andaman and Nicobar Islands,17669,5198,22867
2021-04-02,Haryana,1558348,156222,1714570
2021-04-02,Manipur,83274,32270,115544
2021-04-03,Andhra Pradesh,2585721,421747,3007468
2021-04-03,Delhi,1217323,281444,1498767
2021-04-03,Himachal Pradesh,524093,90771,614864
2021-04-03,Uttar Pradesh,5571181,1071915,6643096
2021-04-04,Karnataka,4123367,484817,4608184
2021-04-04,Sikkim,67561,13295,80856
2021-04-04,Uttarakhand,773465,143083,916548
2021-04-05,Andaman and Nicobar Islands,19927,5290,25217
2021-04-05,Andhra Pradesh,2739725,439362,3179087
2021-04-05,Bihar,3128321,452993,3581314
2021-04-05,Jammu and Kashmir,815056,166590,981646
2021-04-05,Manipur,84333,36339,120672
2021-04-05,Puducherry,77398,8023,85421
2021-04-06,Andaman and Nicobar Islands,21509,5341,26850
2021-04-06,Chandigarh,83325,14968,98293
2021-04-06,Gujarat,7110160,907581,8017741
2021-04-06,Ladakh,61203,6859,68062
2021-04-06,Mizoram,60838,17526,78364
2021-04-06,Tripura,676313,83527,759840
2021-04-07,Jharkhand,1804732,275586,2080318
2021-04-07,Ladakh,62881,7140,70021
2021-04-07,Madhya Pradesh,4402970,570428,4973398
2021-04-07,Manipur,86069,39543,125612
2021-04-07,Nagaland,69379,24845,94224
2021-04-07,Telangana,1414009,271233,1685242
2021-04-08,Arunachal Pradesh,93105,27292,120397
2021-04-08,Jharkhand,1855334,279814,2135148
2021-04-08,Karnataka,4936828,526946,5463774
2021-04-08,Maharashtra,8435010,903521,9338531
2021-04-09,Andhra Pradesh,3081189,490044,3571233
2021-04-09,Bihar,3721925,511864,4233789
2021-04-09,Himachal Pradesh,788371,102907,891278
2021-04-09,Sikkim,97386,15028,112414
2021-04-09,Telangana,1611571,286803,1898374
2021-04-10,Bihar,3956794,537610,4494404
2021-04-10,Chandigarh,96744,18264,115008
2021-04-10,Dadra and Nagar Haveli and Daman and Diu,59130,8778,67908
2021-04-10,Haryana,2089324,194630,2283954
2021-04-10,Karnataka,5502677,564422,6067099
2021-04-10,Ladakh,64518,7913,72431
2021-04-10,Lakshadweep,10148,2555,12703
2021-04-10,Tripura,721022,91266,812288
2021-04-10,Uttarakhand,1104878,178795,1283673
2021-04-11,Haryana,2182047,200626,2382673
2021-04-11,Kerala,4333801,496868,4830669
2021-04-11,Lakshadweep,10693,2591,13284
2021-04-11,Nagaland,79484,26370,105854
2021-04-11,Rajasthan,8582526,1133826,9716352
2021-04-12,Jammu and Kashmir,1191248,199688,1390936
2021-04-12,Jharkhand,2127740,302145,2429885
2021-04-12,Meghalaya,107587,39039,146626
2021-04-12,Puducherry,104246,10305,114551
2021-04-12,Tripura,737756,95179,832935
2021-04-12,Uttar Pradesh,8016090,1343474,9359564
2021-04-13,Arunachal Pradesh,118869,33024,151893
2021-04-13,Tamil Nadu,3567442,453618,4021060
2021-04-14,Assam,1276967,276936,1553903
2021-04-14,Chhattisgarh,4186976,447798,4634774
2021-04-14,Gujarat,8623246,1244295,9867541
2021-04-14,Haryana,2544910,260930,2805840
2021-04-14,Maharashtra,10039359,1086075,11125434
2021-04-14,Mizoram,94675,28385,123060
2021-04-14,Nagaland,98959,29173,128132
2021-04-14,West Bengal,7398835,1044502,8443337
2021-04-15,Chhattisgarh,4224216,456370,4680586
2021-04-15,Gujarat,8730225,1298617,10028842
2021-04-15,Madhya Pradesh,6350073,708665,7058738
2021-04-15,Puducherry,136469,11920,148389
2021-04-16,Jammu and Kashmir,1322237,222437,1544674
2021-04-16,Jharkhand,2351741,330299,2682040
2021-04-16,Meghalaya,124096,43457,167553
2021-04-16,Nagaland,107194,30445,137639
2021-04-16,Sikkim,135545,19751,155296
2021-04-16,Miscellaneous,1618362,1149157,2767519
2021-04-17,Gujarat,8921816,1415632,10337448
2021-04-17,Maharashtra,10850268,1289185,12139453
2021-04-17,Odisha,4262088,603177,4865265
2021-04-18,Delhi,2162311,458984,2621295
2021-04-18,Karnataka,6532579,764192,7296771
2021-04-18,Sikkim,140119,20939,161058
2021-04-18,Telangana,2591197,369108,2960305
2021-04-18,Uttar Pradesh,9106356,1612019,10718375
2021-04-18,West Bengal,7593079,1171094,8764173
2021-04-18,Total,107371770,16480796,123852566
2021-04-19,Assam,1352132,325637,1677769
2021-04-19,Gujarat,9083441,1537391,10620832
2021-04-19,Himachal Pradesh,1184947,143716,1328663
2021-04-19,Jharkhand,2449355,358538,2807893
2021-04-19,Maharashtra,11240723,1409543,12650266
2021-04-20,West Bengal,7831331,1379825,9211156
2021-04-21,Ladakh,70012,18441,88453
2021-04-22,Andhra Pradesh,4337751,992329,5330080
2021-04-22,Goa,224566,56863,281429
2021-04-22,Ladakh,70599,20711,91310
2021-04-22,Uttarakhand,1461335,306216,1767551
2021-04-23,Assam,1557736,404015,1961751
2021-04-23,Jharkhand,2533003,402509,2935512
2021-04-23,Lakshadweep,16836,3711,20547
2021-04-23,Odisha,4721327,788530,5509857
2021-04-24,Jharkhand,2550919,414256,2965175
2021-04-24,Manipur,124605,55774,180379
2021-04-24,Mizoram,170791,40351,211142
2021-04-24,West Bengal,8227260,1711451,9938711
2021-04-25,Andhra Pradesh,4547958,1130670,5678628
2021-04-25,Jharkhand,2558664,419195,2977859
2021-04-25,Lakshadweep,17492,3807,21299
2021-04-25,Telangana,3559283,512340,4071623
2021-04-25,Tripura,824664,196271,1020935
2021-04-25,Uttar Pradesh,9783416,2000464,11783880
2021-04-26,Delhi,2461953,599601,3061554
2021-04-26,Jharkhand,2574795,430672,3005467
2021-04-26,Lakshadweep,17863,3892,21755
2021-04-26,Mizoram,181154,42285,223439
2021-04-26,Sikkim,155696,34257,189953
2021-04-26,Total,121361009,23910177,145271186
2021-04-27,Delhi,2495694,619171,3114865
2021-04-27,Jharkhand,2589163,439999,3029162
2021-04-27,Meghalaya,187428,55167,242595
2021-04-27,Tripura,856929,257028,1113957
2021-04-28,Andhra Pradesh,4955417,1327070,6282487
2021-04-28,Bihar,5752806,1009704,6762510
2021-04-28,Dadra and Nagar Haveli and Daman and Diu,78216,14973,93189
2021-04-28,Jammu and Kashmir,1905011,351789,2256800
2021-04-28,Odisha,4868475,874980,5743455
2021-04-28,Telangana,3956425,586863,4543288
2021-04-29,Arunachal Pradesh,182172,52555,234727
2021-04-29,Assam,1848344,502816,2351160
2021-04-29,Bihar,5822440,1048471,6870911
2021-04-29,Chandigarh,155687,46218,201905
2021-04-29,Goa,269799,70944,340743
2021-04-29,Haryana,3177616,545954,3723570
2021-04-29,Madhya Pradesh,7022410,1054584,8076994
2021-04-29,Total,125486929,26758250,152245179
2021-04-30,Nagaland,158599,40215,198814
2021-04-30,Sikkim,161083,42883,203966
2021-05-01,Bihar,5929577,1119367,7048944
2021-05-01,Goa,282295,73435,355730
2021-05-01,Haryana,3213944,565780,3779724
2021-05-01,Himachal Pradesh,1562625,261351,1823976
2021-05-01,Puducherry,170748,29158,199906
2021-05-02,Bihar,5965700,1145575,7111275
2021-05-02,Goa,284559,73720,358279
2021-05-02,Gujarat,10160860,2641791,12802651
2021-05-02,Maharashtra,13677535,2665223,16342758
2021-05-02,Sikkim,161376,43614,204990
2021-05-02,Miscellaneous,1674132,1315998,2990130
2021-05-03,Ladakh,75687,35326,111013
2021-05-03,Meghalaya,245169,61901,307070
2021-05-03,Mizoram,218489,45096,263585
2021-05-03,Nagaland,163471,41698,205169
2021-05-03,Punjab,3070416,461813,3532229
2021-05-03,Rajasthan,10995522,2342871,13338393
2021-05-03,Sikkim,161782,45732,207514
2021-05-03,Uttarakhand,1677190,433875,2111065
2021-05-04,Kerala,6105329,1466846,7572175
2021-05-04,Manipur,228147,63753,291900
2021-05-05,Andaman and Nicobar Islands,95314,12442,107756
2021-05-05,Arunachal Pradesh,198919,62436,261355
2021-05-05,Chhattisgarh,4911837,820441,5732278
2021-05-05,Kerala,6112746,1482075,7594821
2021-05-05,West Bengal,8733710,2741661,11475371
2021-05-05,Total,130974851,31538488,162513339
2021-05-06,Andhra Pradesh,5275927,1794315,7070242
2021-05-06,Haryana,3440581,646093,4086674
2021-05-06,Jammu and Kashmir,2152632,443821,2596453
2021-05-06,Jharkhand,2683024,541344,3224368
2021-05-06,Madhya Pradesh,7118526,1343950,8462476
2021-05-06,Nagaland,170091,45612,215703
2021-05-06,Telangana,4321827,715976,5037803
2021-05-06,Tripura,922039,425865,1347904
2021-05-07,Assam,2267864,641676,2909540
2021-05-07,Madhya Pradesh,7123166,1356097,8479263
2021-05-07,Meghalaya,270542,67200,337742
2021-05-07,Puducherry,174721,38136,212857
2021-05-07,Uttar Pradesh,10745272,2725710,13470982
2021-05-08,Madhya Pradesh,7163413,1431775,8595188
2021-05-08,Manipur,262930,66875,329805
2021-05-08,Nagaland,171744,46344,218088
2021-05-08,Odisha,5026362,1133636,6159998
2021-05-08,Punjab,3251966,584564,3836530
2021-05-09,Andaman and Nicobar Islands,97284,13456,110740
2021-05-09,Dadra and Nagar Haveli and Daman and Diu,82202,21057,103259
2021-05-09,Delhi,3036965,862006,3898971
2021-05-10,Karnataka,8500925,2129813,10630738
2021-05-10,Ladakh,83808,36741,120549
2021-05-10,Madhya Pradesh,7201837,1512397,8714234
2021-05-10,Maharashtra,14776548,3487664,18264212
2021-05-10,Meghalaya,283318,69641,352959
2021-05-11,Arunachal Pradesh,211059,76144,287203
2021-05-11,Delhi,3214877,954260,4169137
2021-05-11,Goa,317060,87136,404196
2021-05-11,Himachal Pradesh,1701198,394726,2095924
2021-05-12,Andaman and Nicobar Islands,98564,14245,112809
2021-05-12,Dadra and Nagar Haveli and Daman and Diu,83082,22822,105904
2021-05-12,Rajasthan,11793385,2898602,14691987
2021-05-12,Tamil Nadu,4937244,1801679,6738923
2021-05-13,Lakshadweep,20554,6485,27039
2021-05-13,Nagaland,179882,51321,231203
2021-05-13,Total,138719426,40579158,179298584
2021-05-14,Chandigarh,201426,72118,273544
2021-05-14,Ladakh,85330,37110,122440
2021-05-15,Dadra and Nagar Haveli and Daman and Diu,90469,25850,116319
2021-05-15,Delhi,3444325,1046467,4490792
2021-05-15,Kerala,6391566,1990802,8382368
2021-05-15,Lakshadweep,20566,6490,27056
2021-05-15,Mizoram,238195,50900,289095
2021-05-15,Puducherry,180433,50370,230803
2021-05-15,Uttarakhand,1923811,679909,2603720
2021-05-16,Andaman and Nicobar Islands,99085,14921,114006
2021-05-16,Andhra Pradesh,5337775,2175256,7513031
2021-05-16,Arunachal Pradesh,217451,77805,295256
2021-05-16,Dadra and Nagar Haveli and Daman and Diu,93571,25866,119437
2021-05-16,Goa,342573,94247,436820
2021-05-16,Ladakh,86271,37249,123520
2021-05-16,Manipur,306746,69699,376445
2021-05-16,Rajasthan,12128406,2978191,15106597
2021-05-16,West Bengal,8850282,3716314,12566596
2021-05-17,Chhattisgarh,4988526,1080104,6068630
2021-05-17,Madhya Pradesh,7465455,1708577,9174032
2021-05-17,Odisha,5228704,1410472,6639176
2021-05-18,Haryana,4066917,915973,4982890
2021-05-19,Andhra Pradesh,5356609,2303986,7660595
2021-05-19,Dadra and Nagar Haveli and Daman and Diu,99699,25880,125579
2021-05-19,Delhi,3767910,1101743,4869653
2021-05-19,Gujarat,11042079,3823515,14865594
2021-05-19,Karnataka,8896780,2546400,11443180
2021-05-19,Punjab,3477087,708758,4185845
2021-05-19,Telangana,4386757,1066629,5453386
2021-05-19,Uttar Pradesh,12091369,3298622,15389991
2021-05-20,Kerala,6578076,2019206,8597282
2021-05-20,Mizoram,250241,50978,301219
2021-05-20,West Bengal,9145516,3787295,12932811
2021-05-21,Andhra Pradesh,5548611,2339645,7888256
2021-05-21,Dadra and Nagar Haveli and Daman and Diu,114093,25901,139994
2021-05-21,Sikkim,173078,59627,232705
2021-05-22,Andaman and Nicobar Islands,103602,15152,118754
2021-05-22,Delhi,3934347,1151356,5085703
2021-05-22,Mizoram,252195,50982,303177
2021-05-22,Punjab,3964961,726121,4691082
2021-05-22,Telangana,4452963,1073098,5526061
2021-05-22,Uttarakhand,2091453,680913,2772366
2021-05-22,West Bengal,9272120,3814427,13086547
2021-05-23,Arunachal Pradesh,245968,78008,323976
2021-05-23,Himachal Pradesh,1903308,433118,2336426
2021-05-23,Maharashtra,16370365,4389828,20760193
2021-05-23,Tripura,1046759,506808,1553567
2021-05-23,Uttar Pradesh,12910356,3344794,16255150
2021-05-24,Bihar,8125409,1740475,9865884
2021-05-24,Gujarat,11760578,3941698,15702276
2021-05-24,Kerala,6681079,2020084,8701163
2021-05-25,Delhi,4014576,1176447,5191023
2021-05-25,Jammu and Kashmir,2506549,540117,3046666
2021-05-25,Ladakh,99023,37264,136287
2021-05-25,Nagaland,207799,51861,259660
2021-05-25,Odisha,5876860,1448470,7325330
2021-05-25,Rajasthan,13232595,3050825,16283420
2021-05-26,Andhra Pradesh,6076647,2383116,8459763
2021-05-26,Dadra and Nagar Haveli and Daman and Diu,142759,25919,168678
2021-05-26,Nagaland,208821,51875,260696
2021-05-26,Tamil Nadu,5940657,1973620,7914277
2021-05-27,Andaman and Nicobar Islands,106543,15157,121700
2021-05-27,Andhra Pradesh,6646051,2394589,9040640
2021-05-27,Dadra and Nagar Haveli and Daman and Diu,148522,25937,174459
2021-05-27,Telangana,4494535,1208309,5702844
2021-05-27,Total,161850092,43870568,205720660
2021-05-28,Delhi,4099366,1188733,5288099
2021-05-28,Lakshadweep,24725,6941,31666
2021-05-28,Nagaland,210301,51920,262221
2021-05-29,Chhattisgarh,5878553,1102124,6980677
2021-05-29,Dadra and Nagar Haveli and Daman and Diu,160637,25958,186595
2021-05-29,Jammu and Kashmir,2699374,542836,3242210
2021-05-29,Uttarakhand,2207776,683083,2890859
2021-05-29,Miscellaneous,1717716,1456140,3173856
2021-05-30,Chandigarh,268422,74857,343279
2021-05-30,Dadra and Nagar Haveli and Daman and Diu,163805,25959,189764
2021-05-30,Haryana,4839906,990430,5830336
2021-05-30,Jammu and Kashmir,2721398,543404,3264802
2021-05-30,Jharkhand,3450499,704510,4155009
2021-05-30,Ladakh,116853,37279,154132
2021-05-30,Odisha,6255145,1470658,7725803
2021-05-31,Kerala,7334216,2068520,9402736
2021-05-31,Mizoram,264123,51117,315240
2021-05-31,Tripura,1103052,507671,1610723
2021-06-01,Delhi,4219039,1241241,5460280
2021-06-01,Himachal Pradesh,2037219,433763,2470982
2021-06-01,Ladakh,126904,37291,164195
2021-06-01,Uttar Pradesh,15173873,3505447,18679320
2021-06-02,Karnataka,11351062,2790867,14141929
2021-06-02,Lakshadweep,28367,6949,35316
2021-06-02,Odisha,6545385,1486865,8032250
2021-06-03,Lakshadweep,29382,6951,36333
2021-06-03,Madhya Pradesh,10038819,1812241,11851060
2021-06-03,Meghalaya,397435,74433,471868
2021-06-03,Puducherry,227735,51443,279178
2021-06-03,Rajasthan,14166855,3164778,17331633
2021-06-03,Uttarakhand,2276549,685595,2962144
2021-06-04,Chandigarh,296949,75043,371992
2021-06-04,Delhi,4323413,1269663,5593076
2021-06-04,Himachal Pradesh,2075437,434078,2509515
2021-06-04,Jammu and Kashmir,2867361,561218,3428579
2021-06-04,Ladakh,137687,37301,174988
2021-06-04,Telangana,5122466,1294817,6417283
2021-06-05,Chandigarh,302559,75096,377655
2021-06-05,Himachal Pradesh,2088829,434189,2523018
2021-06-05,Puducherry,234681,51628,286309
2021-06-05,Telangana,5260886,1301765,6562651
2021-06-06,Dadra and Nagar Haveli and Daman and Diu,197387,26065,223452
2021-06-06,Gujarat,14110492,4299370,18409862
2021-06-06,Ladakh,140358,37306,177664
2021-06-07,Gujarat,14337549,4326696,18664245
2021-06-07,Jammu and Kashmir,2929158,569222,3498380
2021-06-07,Karnataka,12587116,2891221,15478337
2021-06-07,Manipur,433393,70995,504388
2021-06-07,Mizoram,276294,51410,327704
2021-06-07,Punjab,4540077,799057,5339134
2021-06-08,Chandigarh,309316,75305,384621
2021-06-08,Odisha,7058166,1545369,8603535
2021-06-08,Punjab,4596510,803134,5399644
2021-06-09,Bihar,9524795,1878731,11403526
2021-06-09,Delhi,4467395,1363193,5830588
2021-06-09,Gujarat,14787186,4401328,19188514
2021-06-09,Karnataka,13045252,2933353,15978605
2021-06-09,Madhya Pradesh,11703033,1875515,13578548
2021-06-09,Uttarakhand,2465354,690452,3155806
2021-06-09,Miscellaneous,1726826,1482420,3209246
2021-06-10,Chandigarh,313830,75504,389334
2021-06-10,Maharashtra,20199896,5066556,25266452
2021-06-10,Mizoram,287688,51887,339575
2021-06-11,Dadra and Nagar Haveli and Daman and Diu,228400,26289,254689
2021-06-11,Haryana,5597402,1054411,6651813
2021-06-11,Jharkhand,4118741,772972,4891713
2021-06-11,Ladakh,151773,37357,189130
2021-06-12,Goa,523488,97839,621327
2021-06-12,Tamil Nadu,8486924,2142315,10629239
2021-06-12,Telangana,6463957,1341443,7805400
2021-06-13,Arunachal Pradesh,335535,79041,414576
2021-06-13,Bihar,10106377,1912589,12018966
2021-06-13,Haryana,5704961,1064765,6769726
2021-06-13,Tripura,1147923,512652,1660575
2021-06-13,Total,206369672,48479629,254849301
2021-06-14,Karnataka,14202383,3040727,17243110
2021-06-14,Madhya Pradesh,12441146,1990371,14431517
2021-06-14,Nagaland,297138,52396,349534
2021-06-14,Uttar Pradesh,19576091,3836897,23412988
2021-06-15,Himachal Pradesh,2222368,436282,2658650
2021-06-15,Madhya Pradesh,12484938,1996686,14481624
2021-06-15,Uttar Pradesh,19953946,3875540,23829486
2021-06-15,Miscellaneous,1730270,1497881,3228151
2021-06-16,Assam,4012662,980081,4992743
2021-06-16,Dadra and Nagar Haveli and Daman and Diu,258147,26605,284752
2021-06-16,Himachal Pradesh,2262289,436606,2698895
2021-06-16,Ladakh,157066,37414,194480
2021-06-16,Puducherry,298786,53957,352743
2021-06-16,Rajasthan,16672209,3359935,20032144
2021-06-16,Tripura,1212328,522437,1734765
2021-06-16,Miscellaneous,1730270,1497881,3228151
2021-06-16,Total,215848080,49671171,265519251
2021-06-17,Jharkhand,4567033,858242,5425275
2021-06-17,Ladakh,159251,37436,196687
2021-06-17,Lakshadweep,43215,7109,50324
2021-06-17,Puducherry,313751,54602,368353
2021-06-17,Telangana,7301566,1364764,8666330
2021-06-17,West Bengal,14256345,4147260,18403605
2021-06-17,Miscellaneous,1730270,1497881,3228151
2021-06-18,Arunachal Pradesh,389574,79504,469078
2021-06-18,Chhattisgarh,6230986,1207020,7438006
2021-06-18,Gujarat,16814426,4739896,21554322
2021-06-18,Madhya Pradesh,12928437,2043101,14971538
2021-06-18,Meghalaya,503099,74990,578089
2021-06-18,Odisha,7849507,1773752,9623259
2021-06-18,Uttar Pradesh,21096533,3986514,25083047
2021-06-19,Chandigarh,372352,76971,449323
2021-06-19,Karnataka,15180562,3211747,18392309
2021-06-19,Lakshadweep,44109,7143,51252
2021-06-19,Madhya Pradesh,12956680,2053412,15010092
2021-06-19,Meghalaya,514824,75061,589885
2021-06-19,Punjab,5323319,849259,6172578
2021-06-20,Telangana,7767600,1385008,9152608
2021-06-20,Uttarakhand,2821308,733986,3555294
2021-06-21,Gujarat,17705548,4885905,22591453
2021-06-21,Ladakh,163237,37482,200719
2021-06-21,Tamil Nadu,10787914,2290247,13078161
2021-06-22,Dadra and Nagar Haveli and Daman and Diu,297597,27240,324837
2021-06-22,Jharkhand,5042667,944328,5986995
2021-06-22,Ladakh,164789,37523,202312
2021-06-22,Puducherry,386817,57866,444683
2021-06-22,Punjab,5602397,878545,6480942
2021-06-23,Dadra and Nagar Haveli and Daman and Diu,304463,27471,331934
2021-06-23,Gujarat,18445685,5032349,23478034
2021-06-23,Puducherry,394557,59158,453715
2021-06-23,West Bengal,15517555,4483433,20000988
2021-06-24,Chandigarh,402042,78621,480663
2021-06-24,Karnataka,17456601,3417534,20874135
2021-06-24,Lakshadweep,45812,7293,53105
2021-06-24,Telangana,8400813,1429474,9830287
2021-06-24,Miscellaneous,1733741,1513885,3247626
2021-06-25,Arunachal Pradesh,460067,80744,540811
2021-06-25,Tamil Nadu,12060839,2422366,14483205
2021-06-25,Telangana,8633026,1449466,10082492
2021-06-26,Chandigarh,417304,81558,498862
2021-06-26,Maharashtra,25047327,5985707,31033034
2021-06-26,Tripura,1894052,573672,2467724
2021-06-27,Arunachal Pradesh,475959,81866,557825
2021-06-27,Delhi,5636415,1702823,7339238
2021-06-27,Lakshadweep,46340,7516,53856
2021-06-28,Arunachal Pradesh,490293,82977,573270
2021-06-28,Haryana,7268912,1347754,8616666
2021-06-28,Kerala,10649645,3099039,13748684
2021-06-28,Mizoram,506474,53460,559934
2021-06-28,Odisha,9734916,2100480,11835396
2021-06-28,Uttar Pradesh,26594487,4410414,31004901
2021-06-28,Total,271131337,57898173,329029510
2021-06-29,Haryana,7366120,1388784,8754904
2021-06-29,Jammu and Kashmir,3802068,666012,4468080
2021-06-29,Mizoram,514605,53993,568598
2021-06-29,Odisha,9824280,2136843,11961123
2021-06-29,Punjab,6093007,996051,7089058
2021-06-30,Chandigarh,439301,87576,526877
2021-06-30,Maharashtra,26067919,6371846,32439765
2021-06-30,Tamil Nadu,13073449,2569324,15642773
2021-07-01,Arunachal Pradesh,518578,85707,604285
2021-07-02,Andaman and Nicobar Islands,158335,22887,181222
2021-07-02,Andhra Pradesh,13099421,3233212,16332633
2021-07-02,Chhattisgarh,8107149,1630971,9738120
2021-07-02,Manipur,620461,75100,695561
2021-07-02,Meghalaya,641758,82654,724412
2021-07-03,Gujarat,20653202,5899773,26552975
2021-07-03,Jharkhand,5949645,1111158,7060803
2021-07-03,Lakshadweep,47084,8548,55632
2021-07-03,Uttar Pradesh,27780215,4820131,32600346
2021-07-04,Andaman and Nicobar Islands,159342,25173,184515
2021-07-04,Arunachal Pradesh,538852,90277,629129
2021-07-04,Meghalaya,650477,83879,734356
2021-07-04,Punjab,6607383,1217548,7824931
2021-07-05,Dadra and Nagar Haveli and Daman and Diu,430106,50866,480972
2021-07-05,Himachal Pradesh,3387800,659342,4047142
2021-07-05,Nagaland,469988,68975,538963
2021-07-05,Tamil Nadu,14154348,2767357,16921705
2021-07-05,Telangana,10077503,1752938,11830441
2021-07-05,Tripura,2009334,620862,2630196
2021-07-05,West Bengal,17286349,5674459,22960808
2021-07-06,Assam,6396900,1315716,7712616
2021-07-06,Goa,880174,141261,1021435
2021-07-06,Gujarat,21181276,6150594,27331870
2021-07-06,Jammu and Kashmir,4149494,780541,4930035
2021-07-06,Sikkim,428512,98958,527470
2021-07-06,Uttarakhand,3821396,941582,4762978
2021-07-06,West Bengal,17382766,5822638,23205404
2021-07-07,Chandigarh,476076,104659,580735
2021-07-07,Gujarat,21186487,6153541,27340028
2021-07-07,Haryana,7967969,1649543,9617512
2021-07-07,Jammu and Kashmir,4210635,794594,5005229
2021-07-07,Meghalaya,684412,90901,775313
2021-07-08,Arunachal Pradesh,574763,104981,679744
2021-07-08,Himachal Pradesh,3414094,806114,4220208
2021-07-08,Mizoram,572405,77211,649616
2021-07-08,Telangana,10249542,1856644,12106186
2021-07-08,West Bengal,17550459,6062514,23612973
2021-07-08,Miscellaneous,1738410,1529424,3267834
2021-07-09,Gujarat,21193413,6159886,27353299
2021-07-09,Sikkim,440417,115683,556100
2021-07-10,Chandigarh,490212,115043,605255
2021-07-10,Goa,917320,166208,1083528
2021-07-10,Karnataka,20854334,4664767,25519101
2021-07-10,Manipur,776564,84614,861178
2021-07-10,Puducherry,479916,107073,586989
2021-07-11,Andhra Pradesh,13530304,3524470,17054774
2021-07-11,Gujarat,21524646,6341638,27866284
2021-07-11,Uttar Pradesh,31381029,5801264,37182293
2021-07-12,Andaman and Nicobar Islands,168329,62169,230498
2021-07-12,Chhattisgarh,8525185,1876146,10401331
2021-07-12,Gujarat,21694626,6428436,28123062
2021-07-12,Haryana,8153323,1776998,9930321
2021-07-12,Karnataka,21087588,4795478,25883066
2021-07-12,Ladakh,182438,61118,243556
2021-07-12,Mizoram,588467,96562,685029
2021-07-13,Dadra and Nagar Haveli and Daman and Diu,486920,62607,549527
2021-07-13,Kerala,11741150,4366383,16107533
2021-07-13,Manipur,823351,90079,913430
2021-07-13,Rajasthan,22085820,4933431,27019251
2021-07-13,Uttar Pradesh,32468531,6084096,38552627
2021-07-14,Andhra Pradesh,14191226,3849058,18040284
2021-07-14,Jammu and Kashmir,4412222,875881,5288103
2021-07-14,Jharkhand,6585589,1384907,7970496
2021-07-14,Nagaland,528588,104707,633295
2021-07-14,Puducherry,506962,121654,628616
2021-07-15,Bihar,16851101,2936264,19787365
2021-07-15,Chhattisgarh,8739390,1933214,10672604
2021-07-15,Delhi,7023654,2163251,9186905
2021-07-15,Kerala,11856127,4504145,16360272
2021-07-15,Maharashtra,29723378,8544945,38268323
2021-07-15,Nagaland,534677,109121,643798
2021-07-16,Madhya Pradesh,21039211,3988845,25028056
2021-07-16,Odisha,11147349,2996773,14144122
2021-07-16,Telangana,10833370,2315143,13148513
2021-07-16,Uttarakhand,4014370,1130985,5145355
2021-07-17,Bihar,17558850,3110684,20669534
2021-07-17,Maharashtra,30339937,9042920,39382857
2021-07-17,Total,321893762,83037953,404931715
2021-07-18,Bihar,17763091,3153703,20916794
2021-07-18,Ladakh,185017,62182,247199
2021-07-18,Manipur,929565,104465,1034030
2021-07-18,Nagaland,550505,114773,665278
2021-07-19,Andhra Pradesh,14559253,4238908,18798161
2021-07-19,Jammu and Kashmir,4586665,1036891,5623556
2021-07-19,Ladakh,185146,62381,247527
2021-07-19,Lakshadweep,49064,13282,62346
2021-07-19,Nagaland,560660,118686,679346
2021-07-19,Tamil Nadu,16214280,3536983,19751263
2021-07-19,Tripura,2153732,702134,2855866
2021-07-19,Total,326392783,85453618,411846401
2021-07-20,Odisha,11442447,3348631,14791078
2021-07-20,Telangana,10956108,2545983,13502091
2021-07-21,Goa,994834,227163,1221997
2021-07-21,Haryana,8709635,2118554,10828189
2021-07-21,Ladakh,185298,62526,247824
2021-07-21,Maharashtra,30819381,9398141,40217522
2021-07-21,Sikkim,474356,140802,615158
2021-07-22,Andaman and Nicobar Islands,187006,83658,270664
2021-07-22,Arunachal Pradesh,646169,152550,798719
2021-07-22,Jammu and Kashmir,4628687,1070146,5698833
2021-07-22,West Bengal,19069675,7927787,26997462
2021-07-23,Chandigarh,569452,161939,731391
2021-07-23,Himachal Pradesh,3697712,1143545,4841257
2021-07-23,Jharkhand,7008369,1568872,8577241
2021-07-23,Madhya Pradesh,22489601,4369689,26859290
2021-07-23,Manipur,1010781,145103,1155884
2021-07-23,Puducherry,538161,136379,674540
2021-07-24,Andaman and Nicobar Islands,192718,86477,279195
2021-07-24,Jharkhand,7120610,1608615,8729225
2021-07-24,Kerala,12878310,5587270,18465580
2021-07-24,Ladakh,185770,63271,249041
2021-07-24,Lakshadweep,49638,14442,64080
2021-07-24,Tamil Nadu,17247095,3783423,21030518
2021-07-25,Assam,8008537,1725004,9733541
2021-07-25,Himachal Pradesh,3740953,1166811,4907764
2021-07-25,Jammu and Kashmir,4711795,1150609,5862404
2021-07-25,Sikkim,482041,144504,626545
2021-07-25,Tripura,2226540,746270,2972810
2021-07-26,Chandigarh,587081,174914,761995
2021-07-26,Rajasthan,24031046,6570232,30601278
2021-07-27,Assam,8395375,1840878,10236253
2021-07-28,Andaman and Nicobar Islands,201244,89557,290801
2021-07-28,Dadra and Nagar Haveli and Daman and Diu,542315,73151,615466
2021-07-28,Madhya Pradesh,25242258,4908290,30150548
2021-07-28,Manipur,1079704,187563,1267267
2021-07-28,Mizoram,633507,188079,821586
2021-07-28,Rajasthan,24360122,6948450,31308572
2021-07-29,Assam,8561411,1888652,10450063
2021-07-29,Haryana,9129894,2398465,11528359
2021-07-29,Madhya Pradesh,25909051,5001877,30910928
2021-07-29,Uttarakhand,4346685,1396549,5743234
2021-07-29,West Bengal,20302311,8524617,28826928
2021-07-30,Andhra Pradesh,15950895,5463942,21414837
2021-07-30,Lakshadweep,50168,15821,65989
2021-07-30,Puducherry,565669,144330,709999
2021-07-30,Sikkim,490105,147845,637950
2021-07-30,Uttar Pradesh,39911639,7697281,47608920
2021-07-30,Miscellaneous,1744376,1545196,3289572
2021-07-31,Andhra Pradesh,16286343,5574356,21860699
2021-07-31,Arunachal Pradesh,671928,174567,846495
2021-07-31,Gujarat,25450906,7942122,33393028
2021-07-31,Madhya Pradesh,27007725,5172668,32180393
2021-07-31,Nagaland,617214,149233,766447
2021-07-31,Tamil Nadu,18965422,4211196,23176618
2021-07-31,Uttar Pradesh,40631196,7792225,48423421
2021-07-31,West Bengal,20972394,8685073,29657467
2021-07-31,Total,366806160,103492436,470298596
2021-08-01,Andhra Pradesh,16301408,5586517,21887925
2021-08-01,Delhi,7435141,2671573,10106714
2021-08-01,Punjab,7807511,2018435,9825946
2021-08-02,Lakshadweep,50484,16165,66649
2021-08-02,Meghalaya,898677,202890,1101567
2021-08-02,Odisha,12874877,3960859,16835736
2021-08-02,Rajasthan,25554988,7749393,33304381
2021-08-03,Kerala,14805279,6204071,21009350
2021-08-03,Ladakh,187750,68451,256201
2021-08-03,Madhya Pradesh,27866771,5303395,33170166
2021-08-03,Meghalaya,906139,207287,1113426
2021-08-03,Punjab,7888965,2075548,9964513
2021-08-04,Lakshadweep,50596,16436,67032
2021-08-05,Gujarat,26472457,8549816,35022273
2021-08-05,Ladakh,188002,69038,257040
2021-08-05,Odisha,13410210,4081043,17491253
2021-08-05,West Bengal,22407281,8971103,31378384
2021-08-06,Goa,1081299,288891,1370190
2021-08-06,Gujarat,26979294,8652182,35631476
2021-08-06,Himachal Pradesh,4155025,1347806,5502831
2021-08-06,Kerala,15231555,6329067,21560622
2021-08-06,Lakshadweep,50772,16719,67491
2021-08-06,Nagaland,629122,156391,785513
2021-08-06,Odisha,13596312,4118650,17714962
2021-08-06,Tripura,2402133,798053,3200186
2021-08-07,Arunachal Pradesh,688074,183403,871477
2021-08-07,Chhattisgarh,9951155,2587136,12538291
2021-08-07,Delhi,7744261,2935475,10679736
2021-08-07,Goa,1087386,295061,1382447
2021-08-07,Jammu and Kashmir,5237597,1456341,6693938
2021-08-07,Lakshadweep,50878,16861,67739
2021-08-07,West Bengal,22961883,9070602,32032485
2021-08-08,Andaman and Nicobar Islands,215077,94272,309349
2021-08-08,Chandigarh,690815,220658,911473
2021-08-09,Andhra Pradesh,17633289,6216600,23849889
2021-08-09,Assam,10510804,2209605,12720409
2021-08-09,Karnataka,25860894,7437119,33298013
2021-08-09,Ladakh,188699,70337,259036
2021-08-09,Manipur,1159499,246753,1406252
2021-08-09,Sikkim,497851,151538,649389
2021-08-09,Telangana,11649833,3966309,15616142
2021-08-09,Total,400158057,114342211,514500268
2021-08-10,Assam,10706685,2259908,12966593
2021-08-10,Jharkhand,8450135,2018319,10468454
2021-08-10,Karnataka,26000864,7509346,33510210
2021-08-10,Uttarakhand,5171059,1622492,6793551
2021-08-10,West Bengal,23559058,9184539,32743597
2021-08-11,Gujarat,28640061,9342352,37982413
2021-08-11,Kerala,15982626,6461405,22444031
2021-08-11,Mizoram,657301,212015,869316
2021-08-11,Tripura,2420681,812468,3233149
2021-08-12,Arunachal Pradesh,698332,195573,893905
2021-08-12,Chandigarh,717457,234115,951572
2021-08-12,Chhattisgarh,10078686,2717125,12795811
2021-08-12,Dadra and Nagar Haveli and Daman and Diu,593183,84741,677924
2021-08-12,Sikkim,499800,155283,655083
2021-08-12,West Bengal,24098951,9279837,33378788
2021-08-13,Andhra Pradesh,18354335,6444730,24799065
2021-08-13,Assam,11144693,2386260,13530953
2021-08-13,Gujarat,29708805,9524932,39233737
2021-08-13,Lakshadweep,51602,17658,69260
2021-08-13,Manipur,1171910,263362,1435272
2021-08-13,Punjab,8479254,2455934,10935188
2021-08-13,Miscellaneous,1900736,1550910,3451646
2021-08-14,Chhattisgarh,10155111,2797801,12952912
2021-08-14,Mizoram,660143,217691,877834
2021-08-14,Puducherry,616248,157201,773449
2021-08-14,Sikkim,500829,158042,658871
2021-08-14,Total,422575401,121270889,543846290
2021-08-15,Gujarat,30411557,9794402,40205959
2021-08-15,Kerala,17584121,6687817,24271938
2021-08-15,Mizoram,660326,217853,878179
2021-08-15,Sikkim,500829,158042,658871
2021-08-15,Tamil Nadu,21860307,4919900,26780207
2021-08-15,Uttarakhand,5502399,1724273,7226672
2021-08-16,Chhattisgarh,10228239,2854535,13082774
2021-08-16,Kerala,17888020,6735933,24623953
2021-08-16,Madhya Pradesh,32204213,6228434,38432647
2021-08-16,Mizoram,661354,220146,881500
2021-08-17,Arunachal Pradesh,704206,204773,908979
2021-08-17,Manipur,1177344,277036,1454380
2021-08-17,Sikkim,501993,161143,663136
2021-08-18,Gujarat,31490761,10157470,41648231
2021-08-18,Ladakh,190083,74851,264934
2021-08-18,Lakshadweep,51869,18757,70626
2021-08-18,Tripura,2440148,835860,3276008
2021-08-18,Uttar Pradesh,51806164,9597189,61403353
2021-08-19,Chandigarh,763758,264434,1028192
2021-08-19,Kerala,18696599,6839152,25535751
2021-08-19,Maharashtra,37951602,13539557,51491159
2021-08-19,Manipur,1179893,287834,1467727
2021-08-19,Telangana,12444220,4256273,16700493
2021-08-20,Assam,12668471,2687233,15355704
2021-08-20,Jharkhand,9242886,2287166,11530052
2021-08-20,Mizoram,665666,225827,891493
2021-08-20,Rajasthan,29817145,9489481,39306626
2021-08-20,Tripura,2444101,842471,3286572
2021-08-20,Uttar Pradesh,53315030,9834701,63149731
2021-08-20,Uttarakhand,5830322,1826284,7656606
2021-08-21,Andhra Pradesh,19398072,6979149,26377221
2021-08-21,Arunachal Pradesh,709556,211368,920924
2021-08-21,Haryana,11151583,3524011,14675594
2021-08-21,Meghalaya,998799,282489,1281288
2021-08-21,Puducherry,624859,165626,790485
2021-08-22,Chandigarh,772206,272194,1044400
2021-08-22,Manipur,1182619,297944,1480563
2021-08-22,Mizoram,665740,225941,891681
2021-08-22,Nagaland,646381,180500,826881
2021-08-22,Punjab,9434218,2882556,12316774
2021-08-22,Uttar Pradesh,53392600,10097742,63490342
2021-08-22,West Bengal,26272395,9917517,36189912
2021-08-22,Miscellaneous,1901257,1553074,3454331
2021-08-23,Chhattisgarh,10458702,3047371,13506073
2021-08-23,Dadra and Nagar Haveli and Daman and Diu,608777,113668,722445
2021-08-23,Puducherry,627049,168711,795760
2021-08-23,Tripura,2448217,853705,3301922
2021-08-23,Uttar Pradesh,54026148,10201807,64227955
2021-08-23,West Bengal,26583407,10126854,36710261
2021-08-24,Goa,1145426,376407,1521833
2021-08-24,Gujarat,32935352,10732644,43667996
2021-08-24,Nagaland,649055,187263,836318
2021-08-25,Andhra Pradesh,19797328,7300663,27097991
2021-08-25,Chhattisgarh,10504132,3088462,13592594
2021-08-25,Haryana,11473920,3687734,15161654
2021-08-25,Madhya Pradesh,35489380,7148583,42637963
2021-08-25,Manipur,1186693,313345,1500038
2021-08-25,Nagaland,650207,189789,839996
2021-08-26,Andaman and Nicobar Islands,249788,103491,353279
2021-08-26,Goa,1151573,385896,1537469
2021-08-26,Kerala,20012643,7252572,27265215
2021-08-26,Nagaland,650884,191746,842630
2021-08-27,Andhra Pradesh,20166963,7630986,27797949
2021-08-27,Haryana,11962765,3960191,15922956
2021-08-27,Manipur,1189275,322107,1511382
2021-08-27,Puducherry,633067,176557,809624
2021-08-27,Uttar Pradesh,58903342,10948748,69852090
2021-08-29,Dadra and Nagar Haveli and Daman and Diu,615190,135647,750837
2021-08-29,Gujarat,34146871,11361112,45507983
2021-08-29,Himachal Pradesh,5466716,1730543,7197259
2021-08-29,Maharashtra,41731841,15434981,57166822
2021-08-29,Manipur,1191378,328652,1520030
2021-08-29,Total,488506288,145875070,634381358
2021-08-30,Goa,1163632,413219,1576851
2021-08-30,Madhya Pradesh,37597750,7963043,45560793
2021-08-31,Chandigarh,807066,308389,1115455
2021-08-31,Gujarat,34696836,11687614,46384450
2021-08-31,Haryana,12254363,4124552,16378915
2021-08-31,Jharkhand,10335935,2614284,12950219
2021-08-31,Maharashtra,43068668,15997164,59065832
2021-08-31,Sikkim,506274,167464,673738
2021-08-31,Uttar Pradesh,61439591,11702670,73142261
2021-08-31,Uttarakhand,6484731,2031134,8515865
2021-09-01,Chhattisgarh,10829109,3312792,14141901
2021-09-01,Madhya Pradesh,38843395,8433073,47276468
2021-09-01,Tripura,2461354,888642,3349996
2021-09-02,Lakshadweep,52734,24952,77686
2021-09-02,Uttar Pradesh,63688853,12128425,75817278
2021-09-02,West Bengal,30365143,11881117,42246260
2021-09-03,Andaman and Nicobar Islands,261134,107514,368648
2021-09-03,Andhra Pradesh,22311184,8825473,31136657
2021-09-03,Assam,14907567,3263502,18171069
2021-09-03,Bihar,32331445,6459557,38791002
2021-09-03,Goa,1172466,437223,1609689
2021-09-03,Himachal Pradesh,5528720,1792813,7321533
2021-09-03,Manipur,1198554,355902,1554456
2021-09-03,Odisha,17563893,5728830,23292723
2021-09-03,Tripura,2463855,896930,3360785
2021-09-04,Chandigarh,824569,326038,1150607
2021-09-04,Chhattisgarh,11036481,3447118,14483599
2021-09-04,Delhi,10040997,4054808,14095805
2021-09-04,Telangana,13722847,4895330,18618177
2021-09-04,Uttarakhand,6713619,2141039,8854658
2021-09-05,Andhra Pradesh,22370089,8929757,31299846
2021-09-05,Haryana,12727755,4391377,17119132
2021-09-05,Jammu and Kashmir,6451281,1944438,8395719
2021-09-05,Karnataka,33749856,11250704,45000560
2021-09-05,Ladakh,195221,111021,306242
2021-09-05,Manipur,1200546,361867,1562413
2021-09-06,Andhra Pradesh,22673258,9349704,32022962
2021-09-06,Chandigarh,831673,332951,1164624
2021-09-06,Chhattisgarh,11114713,3507887,14622600
2021-09-06,Dadra and Nagar Haveli and Daman and Diu,622934,163666,786600
2021-09-06,Delhi,10150005,4117239,14267244
2021-09-06,Puducherry,651499,201416,852915
2021-09-06,Rajasthan,35426570,11616041,47042611
2021-09-06,Miscellaneous,1902152,1555730,3457882
2021-09-07,Goa,1180115,465169,1645284
2021-09-07,Himachal Pradesh,5556903,1843909,7400812
2021-09-07,Jharkhand,11342098,2941422,14283520
2021-09-07,Ladakh,196133,114551,310684
2021-09-07,Madhya Pradesh,40343309,9176931,49520240
2021-09-07,Mizoram,675308,265818,941126
2021-09-07,Telangana,13940684,5072505,19013189
2021-09-08,Arunachal Pradesh,735800,272483,1008283
2021-09-08,Bihar,35540837,7387538,42928375
2021-09-08,Gujarat,37390654,13482531,50873185
2021-09-08,Maharashtra,47595826,17986150,65581976
2021-09-08,Meghalaya,1040723,337210,1377933
2021-09-08,Puducherry,653763,205964,859727
2021-09-08,West Bengal,32522234,12856143,45378377
2021-09-09,Jharkhand,11528949,3005470,14534419
2021-09-09,Meghalaya,1042841,344028,1386869
2021-09-09,Uttar Pradesh,70826725,13893983,84720708
2021-09-10,Andaman and Nicobar Islands,268265,112802,381067
2021-09-10,Maharashtra,48415321,18301192,66716513
2021-09-10,Tamil Nadu,29337821,7483661,36821482
2021-09-10,Tripura,2470655,935850,3406505
2021-09-10,Total,556541427,174048261,730589688
2021-09-11,Jammu and Kashmir,6801788,2442893,9244681
2021-09-11,Puducherry,656726,215061,871787
2021-09-11,Rajasthan,37148474,12557462,49705936
2021-09-11,Tripura,2471952,950279,3422231
2021-09-11,West Bengal,33750742,13422829,47173571
2021-09-12,Chhattisgarh,11391385,3701753,15093138
2021-09-12,Gujarat,38249006,14194969,52443975
2021-09-12,Nagaland,667893,255765,923658
2021-09-12,Odisha,19124510,6314478,25438988
2021-09-12,Puducherry,657236,216676,873912
2021-09-12,Total,564834748,179002895,743837643
2021-09-13,Ladakh,198198,121484,319682
2021-09-13,Puducherry,659286,221827,881113
2021-09-13,Sikkim,511851,249158,761009
2021-09-13,Uttarakhand,7041342,2393882,9435224
2021-09-14,Karnataka,35544380,12672118,48216498
2021-09-14,Maharashtra,49917440,18982391,68899831
2021-09-14,Mizoram,680500,320197,1000697
2021-09-14,Rajasthan,37745950,12970196,50716146
2021-09-14,Uttar Pradesh,74535619,15236150,89771769
2021-09-15,Assam,16831970,3912410,20744380
2021-09-15,Dadra and Nagar Haveli and Daman and Diu,629843,193566,823409
2021-09-15,Goa,1190188,508574,1698762
2021-09-15,Mizoram,681705,335688,1017393
2021-09-15,Puducherry,662500,230713,893213
2021-09-15,Tripura,2480912,1114656,3595568
2021-09-15,Total,578646751,187070386,765717137
2021-09-16,Assam,16938541,3973122,20911663
2021-09-16,Gujarat,38762096,14843184,53605280
2021-09-16,Ladakh,199878,126257,326135
2021-09-17,Chhattisgarh,11805405,4012379,15817784
2021-09-17,Haryana,15165345,5400515,20565860
2021-09-17,Jharkhand,12383942,3394968,15778910
2021-09-17,Maharashtra,51866440,20071190,71937630
2021-09-17,Uttarakhand,7184454,2652529,9836983
2021-09-18,Bihar,40657341,9276334,49933675
2021-09-18,Madhya Pradesh,44961857,12295930,57257787
2021-09-19,Gujarat,39956774,16748118,56704892
2021-09-19,Haryana,15433941,5513373,20947314
2021-09-19,Ladakh,200754,128241,328995
2021-09-19,Manipur,1214276,412294,1626570
2021-09-19,Meghalaya,1057602,402231,1459833
2021-09-19,Nagaland,675073,295380,970453
2021-09-20,Bihar,41383492,9582026,50965518
2021-09-20,Manipur,1215273,418725,1633998
2021-09-20,Meghalaya,1059268,411244,1470512
2021-09-20,Mizoram,686094,372751,1058845
2021-09-20,Rajasthan,39412560,14334862,53747422
2021-09-20,Miscellaneous,1902673,1558301,3460974
2021-09-21,Andaman and Nicobar Islands,287185,138962,426147
2021-09-21,Goa,1205186,588347,1793533
2021-09-21,Gujarat,40263741,17117927,57381668
2021-09-21,Karnataka,37701020,14972570,52673590
2021-09-21,Mizoram,687871,383502,1071373
2021-09-22,Andhra Pradesh,26024860,12509779,38534639
2021-09-22,Chhattisgarh,12478668,4636719,17115387
2021-09-22,Manipur,1216639,429011,1645650
2021-09-22,Rajasthan,39525987,14485390,54011377
2021-09-23,Andhra Pradesh,26157271,12660529,38817800
2021-09-23,Chhattisgarh,12613660,4770505,17384165
2021-09-23,Gujarat,40742081,17628651,58370732
2021-09-23,Karnataka,38271800,15677221,53949021
2021-09-24,Chandigarh,888315,421039,1309354
2021-09-24,Delhi,11657446,5281839,16939285
2021-09-24,Uttarakhand,7307760,2962316,10270076
2021-09-25,Kerala,24494078,10570799,35064877
2021-09-25,Ladakh,203581,133410,336991
2021-09-25,Nagaland,681468,334869,1016337
2021-09-25,Tamil Nadu,34320092,9832376,44152468
2021-09-26,Arunachal Pradesh,751290,385774,1137064
2021-09-26,Karnataka,38531913,16088421,54620334
2021-09-26,Uttar Pradesh,81608288,18701290,100309578
2021-09-27,Andaman and Nicobar Islands,288878,149622,438500
2021-09-27,Chandigarh,895064,436655,1331719
2021-09-27,Delhi,11840383,5536668,17377051
2021-09-27,Mizoram,693977,419676,1113653
2021-09-27,Odisha,21698089,8109323,29807412
2021-09-27,Sikkim,517475,372746,890221
2021-09-27,Uttarakhand,7334465,3049787,10384252
2021-09-27,Miscellaneous,1902869,1559358,3462227
2021-09-28,Andhra Pradesh,26823104,13239125,40062229
2021-09-28,Assam,18338787,5460229,23799016
2021-09-28,Bihar,43391149,10680410,54071559
2021-09-28,Delhi,11921965,5635787,17557752
2021-09-28,Jharkhand,13507050,4028528,17535578
2021-09-28,Meghalaya,1069206,459479,1528685
2021-09-28,Nagaland,684749,352747,1037496
2021-09-29,Chhattisgarh,13018404,5204244,18222648
2021-09-29,Delhi,11993231,5716816,17710047
2021-09-30,Andaman and Nicobar Islands,289728,153214,442942
2021-09-30,Gujarat,42022310,19003089,61025399
2021-09-30,Mizoram,696934,441294,1138228
2021-09-30,Uttar Pradesh,86138105,20706553,106844658
2021-09-30,Total,650229045,239978962,890208007
2021-10-01,Gujarat,42120069,19112604,61232673
2021-10-01,Puducherry,703438,320230,1023668
2021-10-01,Telangana,18872216,7135027,26007243
2021-10-01,Uttarakhand,7367956,3167086,10535042
2021-10-01,Total,654331744,243149810,897481554
2021-10-02,Goa,1229753,718995,1948748
2021-10-02,Uttarakhand,7373114,3186653,10559767
2021-10-03,Nagaland,688641,376524,1065165
2021-10-06,Andaman and Nicobar Islands,290847,161573,452420
2021-10-06,Meghalaya,1077266,503001,1580267
2021-10-06,Puducherry,709532,335283,1044815
2021-10-06,Rajasthan,41019169,16595729,57614898
2021-10-06,Sikkim,519270,404862,924132
2021-10-06,Uttar Pradesh,89261805,22897302,112159107
2021-10-06,Miscellaneous,1903002,1560345,3463347
2021-10-07,Gujarat,42891704,20472732,63364436
2021-10-07,Meghalaya,1078697,510125,1588822
2021-10-07,Mizoram,700477,463257,1163734
2021-10-07,Tamil Nadu,37438662,12428056,49866718
2021-10-07,Total,672529456,259187735,931717191
2021-10-08,Himachal Pradesh,5677721,2904503,8582224
2021-10-08,Madhya Pradesh,48925451,16046466,64971917
2021-10-08,Mizoram,701243,468842,1170085
2021-10-08,Puducherry,712116,341861,1053977
2021-10-08,Miscellaneous,1903044,1560952,3463996
2021-10-08,Total,676837943,263077380,939915323
2021-10-09,Assam,19458049,6345607,25803656
2021-10-09,Jharkhand,14210701,4559398,18770099
2021-10-09,Nagaland,694479,407039,1101518
2021-10-09,Tripura,2500459,1486643,3987102
2021-10-09,Uttarakhand,7410725,3328222,10738947
2021-10-10,Andhra Pradesh,29100066,15467102,44567168
2021-10-10,Madhya Pradesh,48988310,16258680,65246990
2021-10-10,Rajasthan,41478621,17448695,58927316
2021-10-10,Tripura,2500507,1487101,3987608
2021-10-11,Gujarat,43591077,21826031,65417108
2021-10-11,Jammu and Kashmir,9162264,4046393,13208657
2021-10-11,Maharashtra,61448058,27107108,88555166
2021-10-11,Sikkim,520150,418932,939082
2021-10-11,Uttar Pradesh,91657826,24897205,116555031
2021-10-12,Haryana,17241343,7026624,24267967
2021-10-12,Jharkhand,14338106,4666181,19004287
2021-10-12,Kerala,25011531,11884967,36896498
2021-10-12,Maharashtra,61951614,27382102,89333716
2021-10-12,Tamil Nadu,38696086,13683784,52379870
2021-10-12,Telangana,20394885,7913123,28308008
2021-10-12,Uttar Pradesh,91975762,25185050,117160812
2021-10-13,Andaman and Nicobar Islands,292067,170712,462779
2021-10-13,Chhattisgarh,13745160,6127768,19872928
2021-10-13,Jharkhand,14353048,4682365,19035413
2021-10-13,Lakshadweep,55012,44113,99125
2021-10-13,Punjab,15311776,5628823,20940599
2021-10-13,Tamil Nadu,38769592,13768241,52537833
2021-10-14,Andaman and Nicobar Islands,292202,172247,464449
2021-10-14,Arunachal Pradesh,764965,481564,1246529
2021-10-14,Dadra and Nagar Haveli and Daman and Diu,654096,331204,985300
2021-10-14,Haryana,17355044,7205534,24560578
2021-10-14,Jharkhand,14359017,4688382,19047399
2021-10-14,Kerala,25038801,11979441,37018242
2021-10-14,Lakshadweep,55027,44413,99440
2021-10-14,Manipur,1234670,574926,1809596
2021-10-15,Lakshadweep,55027,44506,99533
2021-10-15,Miscellaneous,1903123,1562435,3465558
2021-10-16,Chhattisgarh,13797738,6224047,20021785
2021-10-16,Ladakh,207615,147080,354695
2021-10-16,Madhya Pradesh,49111722,16961261,66072983
2021-10-16,Maharashtra,63193785,28111580,91305365
2021-10-16,Punjab,15447005,5742528,21189533
2021-10-16,Tripura,2501320,1497350,3998670
2021-10-17,Chandigarh,918635,505782,1424417
2021-10-17,Maharashtra,63269965,28164403,91434368
2021-10-18,Himachal Pradesh,5691394,3079999,8771393
2021-10-18,Jharkhand,14446922,4806845,19253767
2021-10-19,Assam,19777732,6769175,26546907
2021-10-19,Bihar,47790810,15259452,63050262
2021-10-19,Goa,1249646,835076,2084722
2021-10-19,Lakshadweep,55040,44828,99868
2021-10-19,Meghalaya,1090713,572167,1662880
2021-10-19,Nagaland,701850,448508,1150358
2021-10-19,Puducherry,721660,371153,1092813
2021-10-19,Sikkim,520441,425282,945723
2021-10-19,Telangana,20835665,8224052,29059717
2021-10-20,Chandigarh,920455,515152,1435607
2021-10-20,Dadra and Nagar Haveli and Daman and Diu,656214,345401,1001615
2021-10-20,Ladakh,208022,148143,356165
2021-10-20,Tripura,2502033,1508076,4010109
2021-10-21,Karnataka,41518680,20650541,62169221
2021-10-21,Sikkim,520703,432345,953048
2021-10-22,Arunachal Pradesh,768011,507279,1275290
2021-10-22,Jharkhand,14616783,5048257,19665040
2021-10-22,Manipur,1240398,635831,1876229
2021-10-22,Sikkim,520901,436481,957382
2021-10-22,Miscellaneous,2237405,1563279,3800684
2021-10-23,Assam,19884281,7186338,27070619
2021-10-23,Chhattisgarh,14460737,6716089,21176826
2021-10-23,Dadra and Nagar Haveli and Daman and Diu,657914,355836,1013750
2021-10-23,Kerala,25194796,12850111,38044907
2021-10-23,Lakshadweep,55060,45145,100205
2021-10-23,Odisha,24985986,10623708,35609694
2021-10-23,Tamil Nadu,40389100,15898199,56287299
2021-10-23,Tripura,2504205,1544615,4048820
2021-10-23,West Bengal,52173222,19630641,71803863
2021-10-24,Andaman and Nicobar Islands,293117,189517,482634
2021-10-24,Chandigarh,922355,525340,1447695
2021-10-24,Dadra and Nagar Haveli and Daman and Diu,657951,356011,1013962
2021-10-24,Delhi,12895313,7156258,20051571
2021-10-24,Gujarat,44400045,24312005,68712050
2021-10-24,Nagaland,704847,467035,1171882
2021-10-25,Chandigarh,923021,528977,1451998
2021-10-25,Chhattisgarh,14550032,6865942,21415974
2021-10-25,Dadra and Nagar Haveli and Daman and Diu,658674,359482,1018156
2021-10-25,Delhi,12923071,7205493,20128564
2021-10-25,Lakshadweep,55068,45317,100385
2021-10-25,Puducherry,729109,390943,1120052
2021-10-25,Telangana,21554948,8957385,30512333
2021-10-26,Andaman and Nicobar Islands,293512,194041,487553
2021-10-26,Assam,19977534,7519601,27497135
2021-10-26,Chhattisgarh,14596591,6947808,21544399
2021-10-26,Kerala,25237254,13191129,38428383
2021-10-26,Maharashtra,66133506,30149602,96283108
2021-10-26,Sikkim,521288,444281,965569
2021-10-26,Uttarakhand,7461709,3722730,11184439
2021-10-26,Miscellaneous,2237409,1563456,3800865
2021-10-26,Total,721557725,313767852,1035325577
2021-10-27,Lakshadweep,55076,45521,100597
2021-10-28,Assam,20057641,7762292,27819933
2021-10-28,Rajasthan,42434148,19713672,62147820
2021-10-28,Miscellaneous,2237414,1563890,3801304
2021-10-28,Total,726445742,321755224,1048200966
2021-10-29,Andaman and Nicobar Islands,293904,198731,492635
2021-10-29,Andhra Pradesh,32814038,20072881,52886919
2021-10-29,Bihar,49637936,18014002,67651938
2021-10-29,Gujarat,44673748,25591720,70265468
2021-10-29,Kerala,25281051,13499908,38780959
2021-10-29,Uttar Pradesh,97888816,32239878,130128694
2021-10-29,Miscellaneous,2237436,1564383,3801819
2021-10-30,Chandigarh,925824,545699,1471523
2021-10-30,Gujarat,44720532,25910291,70630823
2021-10-30,Himachal Pradesh,5713324,3435631,9148955
2021-10-30,Puducherry,733751,403823,1137574
2021-10-30,Uttar Pradesh,98125464,32624339,130749803
2021-10-31,Bihar,49874828,18346781,68221609
2021-10-31,Chhattisgarh,14851682,7343273,22194955
2021-10-31,Jharkhand,14986646,5585648,20572294
2021-10-31,Lakshadweep,55129,45951,101080
2021-10-31,Puducherry,733922,404355,1138277
2021-08-24,Ladakh,191241,84465,275706
2021-09-09,Tamil Nadu,29231306,7433396,36664702
2021-10-25,Bihar,48674897,16337769,65012666
2021-01-16,Bihar,18169,0,18169
2021-01-16,Delhi,4319,0,4319
2021-01-16,Jharkhand,3096,0,3096
2021-01-16,Karnataka,13594,0,13594
2021-01-16,Rajasthan,9279,0,9279
2021-01-18,Lakshadweep,201,0,201
2021-01-18,Nagaland,1436,0,1436
2021-01-18,Rajasthan,23546,0,23546
2021-01-18,West Bengal,29866,0,29866
2021-01-19,Delhi,12441,0,12441
2021-01-19,Miscellaneous,14017,0,14017
2021-01-20,Gujarat,21832,0,21832
2021-01-20,Karnataka,121466,0,121466
2021-01-20,Manipur,1454,0,1454
2021-01-20,Tripura,3734,0,3734
2021-01-21,Chhattisgarh,22171,0,22171
2021-01-21,Haryana,45893,0,45893
2021-01-21,Meghalaya,1785,0,1785
2021-01-21,Uttar Pradesh,22644,0,22644
2021-01-22,Arunachal Pradesh,5956,0,5956
2021-01-22,Bihar,63620,0,63620
2021-01-22,Dadra and Nagar Haveli and Daman and Diu,356,0,356
2021-01-22,Manipur,1923,0,1923
2021-01-22,Meghalaya,2078,0,2078
2021-01-22,Puducherry,1097,0,1097
2021-01-22,Uttar Pradesh,123761,0,123761
2021-01-23,Ladakh,558,0,558
2021-01-23,Tripura,14252,0,14252
2021-01-23,Total,1582201,0,1582201
2021-01-24,Andhra Pradesh,147030,0,147030
2021-01-24,Arunachal Pradesh,6511,0,6511
2021-01-24,Madhya Pradesh,38278,0,38278
2021-01-24,Miscellaneous,40284,0,40284
2021-01-25,Jharkhand,18413,0,18413
2021-01-25,Ladakh,670,0,670
2021-01-25,Maharashtra,136901,0,136901
2021-01-25,Meghalaya,2748,0,2748
2021-01-26,Andhra Pradesh,156129,0,156129
2021-01-26,Dadra and Nagar Haveli and Daman and Diu,665,0,665
2021-01-26,Jammu and Kashmir,16173,0,16173
2021-01-26,Maharashtra,136901,0,136901
2021-01-26,Nagaland,3675,0,3675
2021-01-26,Rajasthan,161332,0,161332
2021-01-26,Telangana,130425,0,130425
2021-01-26,Tripura,19698,0,19698
2021-01-26,Uttarakhand,14546,0,14546
2021-01-26,Total,2029480,0,2029480
2021-01-27,Chandigarh,2355,0,2355
2021-01-27,Chhattisgarh,51647,0,51647
2021-01-27,Himachal Pradesh,14054,0,14054
2021-01-27,Manipur,2855,0,2855
2021-01-27,Rajasthan,237137,0,237137
2021-01-27,Tripura,19698,0,19698
2021-01-28,Kerala,106583,0,106583
2021-01-28,Manipur,2855,0,2855
2021-01-29,Assam,36932,0,36932
2021-01-29,Bihar,110396,0,110396
2021-01-29,Goa,3391,0,3391
2021-01-29,Uttar Pradesh,463793,0,463793
2021-01-29,Uttarakhand,25818,0,25818
2021-01-30,Andhra Pradesh,187252,0,187252
2021-01-30,Mizoram,9346,0,9346
2021-01-31,Andaman and Nicobar Islands,2727,0,2727
2021-01-31,Bihar,148293,0,148293
2021-01-31,Delhi,56818,0,56818
2021-01-31,Madhya Pradesh,298376,0,298376
2021-01-31,Total,3758843,0,3758843
2021-02-01,Arunachal Pradesh,9791,0,9791
2021-02-01,Himachal Pradesh,33434,0,33434
2021-02-01,Meghalaya,4564,0,4564
2021-02-01,Mizoram,9932,0,9932
2021-02-01,Puducherry,2988,0,2988
2021-02-01,West Bengal,266407,0,266407
2021-02-02,Assam,42435,0,42435
2021-02-02,Chandigarh,4019,0,4019
2021-02-02,Chhattisgarh,79676,0,79676
2021-02-02,Meghalaya,4694,0,4694
2021-02-02,Odisha,208205,0,208205
2021-02-02,Uttar Pradesh,463793,0,463793
2021-02-03,Haryana,129866,0,129866
2021-02-03,Karnataka,316638,0,316638
2021-02-03,Manipur,5872,0,5872
2021-02-03,Meghalaya,4806,0,4806
2021-02-03,Mizoram,9995,0,9995
2021-02-03,Odisha,211346,0,211346
2021-02-04,Andhra Pradesh,243243,0,243243
2021-02-04,Delhi,90927,0,90927
2021-02-04,Gujarat,348183,0,348183
2021-02-04,Jharkhand,75205,0,75205
2021-02-04,Maharashtra,389577,0,389577
2021-02-04,Nagaland,4405,0,4405
2021-02-04,Puducherry,3222,0,3222
2021-02-05,Andhra Pradesh,272190,0,272190
2021-02-05,Bihar,354360,0,354360
2021-02-05,Delhi,100079,0,100079
2021-02-05,Karnataka,360592,0,360592
2021-02-06,Kerala,291852,0,291852
2021-02-06,Mizoram,10937,0,10937
2021-02-06,Telangana,209104,0,209104
2021-02-06,Tripura,40347,0,40347
2021-02-06,Uttar Pradesh,673542,0,673542
2021-02-06,West Bengal,354000,0,354000
2021-02-06,Total,5775322,0,5775322
2021-02-07,Delhi,109589,0,109589
2021-02-07,Himachal Pradesh,54573,0,54573
2021-02-07,Madhya Pradesh,342016,0,342016
2021-02-07,Tamil Nadu,166408,0,166408
2021-02-07,Uttarakhand,74607,0,74607
2021-02-08,Goa,8352,0,8352
2021-02-08,Jharkhand,124505,0,124505
2021-02-08,Mizoram,10937,0,10937
2021-02-08,Sikkim,6007,0,6007
2021-02-09,Dadra and Nagar Haveli and Daman and Diu,2540,0,2540
2021-02-09,Jammu and Kashmir,74219,0,74219
2021-02-09,Manipur,11078,0,11078
2021-02-09,Tamil Nadu,185577,0,185577
2021-02-09,Total,6611561,0,6611561
2021-02-10,Chhattisgarh,216784,0,216784
2021-02-10,Jharkhand,160492,0,160492
2021-02-10,Maharashtra,573681,0,573681
2021-02-10,Mizoram,11046,0,11046
2021-02-10,Nagaland,7167,0,7167
2021-02-10,Tamil Nadu,197392,0,197392
2021-02-10,West Bengal,427042,0,427042
2021-02-10,Miscellaneous,74366,0,74366
2021-02-10,Total,7017114,0,7017114
2021-02-11,Bihar,448903,0,448903
2021-02-11,Dadra and Nagar Haveli and Daman and Diu,3728,0,3728
2021-02-11,Delhi,162596,0,162596
2021-02-11,Jammu and Kashmir,93570,0,93570
2021-02-12,Chandigarh,8017,0,8017
2021-02-12,Dadra and Nagar Haveli and Daman and Diu,3985,0,3985
2021-02-12,Lakshadweep,1776,0,1776
2021-02-12,Mizoram,11332,0,11332
2021-02-12,Nagaland,9125,0,9125
2021-02-12,Sikkim,8335,0,8335
2021-02-13,Andhra Pradesh,356521,5820,362341
2021-02-13,Bihar,491233,0,491233
2021-02-13,Chhattisgarh,261274,833,262107
2021-02-13,Lakshadweep,1776,0,1776
2021-02-13,Mizoram,11494,74,11568
2021-02-13,Odisha,411939,0,411939
2021-02-13,Rajasthan,609568,0,609568
2021-02-13,Tamil Nadu,246420,1154,247574
2021-02-14,Arunachal Pradesh,15633,461,16094
2021-02-14,Chhattisgarh,262092,895,262987
2021-02-14,Gujarat,683903,0,683903
2021-02-14,Maharashtra,682744,189,682933
2021-02-14,Manipur,22726,169,22895
2021-02-14,Meghalaya,13998,91,14089
2021-02-14,Nagaland,9695,123,9818
2021-02-14,Telangana,278915,3273,282188
2021-02-15,Meghalaya,16053,170,16223
2021-02-16,Andaman and Nicobar Islands,3847,182,4029
2021-02-16,Delhi,214646,6579,221225
2021-02-16,Haryana,201098,4773,205871
2021-02-16,Jammu and Kashmir,159765,2501,162266
2021-02-16,Maharashtra,731537,9294,740831
2021-02-16,Uttarakhand,119060,2666,121726
2021-02-16,Miscellaneous,155807,9568,165375
2021-02-17,Arunachal Pradesh,16613,1574,18187
2021-02-17,Chhattisgarh,308551,9829,318380
2021-02-17,Delhi,228911,7651,236562
2021-02-17,Haryana,201675,8009,209684
2021-02-17,Madhya Pradesh,597537,0,597537
2021-02-17,Puducherry,6959,395,7354
2021-02-18,Andhra Pradesh,386770,51996,438766
2021-02-18,Haryana,203766,16500,220266
2021-02-18,Jharkhand,238852,8595,247447
2021-02-18,Karnataka,519158,63533,582691
2021-02-18,Maharashtra,814682,24884,839566
2021-02-20,Delhi,294081,17329,311410
2021-02-20,Mizoram,14627,2241,16868
2021-02-20,Uttar Pradesh,1066290,85752,1152042
2021-02-21,Andhra Pradesh,413678,89645,503323
2021-02-21,Arunachal Pradesh,19702,4041,23743
2021-02-21,Himachal Pradesh,95105,12092,107197
2021-02-21,Odisha,438127,94966,533093
2021-02-21,Puducherry,9251,853,10104
2021-02-21,Tripura,82369,11587,93956
2021-02-22,Andaman and Nicobar Islands,5442,1870,7312
2021-02-22,Assam,165110,13992,179102
2021-02-22,Goa,15542,1269,16811
2021-02-22,Punjab,127528,20538,148066
2021-02-23,Arunachal Pradesh,22419,5497,27916
2021-02-23,Assam,175185,15189,190374
2021-02-23,Haryana,215743,53110,268853
2021-02-23,Manipur,43507,1894,45401
2021-02-24,Goa,16741,1559,18300
2021-02-24,Jharkhand,272164,17708,289872
2021-02-24,Karnataka,586545,179124,765669
2021-02-24,Mizoram,19643,4031,23674
2021-02-24,Odisha,450361,134587,584948
2021-02-25,Chhattisgarh,373644,48347,421991
2021-02-25,Ladakh,8753,748,9501
2021-02-25,Puducherry,9455,1024,10479
2021-02-25,Uttar Pradesh,1167285,203454,1370739
2021-02-26,Kerala,482445,104866,587311
2021-02-26,Maharashtra,1041947,160233,1202180
2021-02-26,Rajasthan,798447,224760,1023207
2021-02-27,Andaman and Nicobar Islands,6134,2422,8556
2021-02-27,Chhattisgarh,377834,51791,429625
2021-02-27,Lakshadweep,2368,710,3078
2021-02-27,Madhya Pradesh,650684,160632,811316
2021-02-28,Dadra and Nagar Haveli and Daman and Diu,7723,719,8442
2021-02-28,Nagaland,29806,5497,35303
2021-02-28,Puducherry,9920,1224,11144
2021-02-28,Rajasthan,798447,224760,1023207
2021-03-01,Dadra and Nagar Haveli and Daman and Diu,7434,821,8255
2021-03-01,Haryana,225281,74391,299672
2021-03-01,Jammu and Kashmir,251276,17280,268556
2021-03-01,Karnataka,608840,214820,823660
2021-03-01,West Bengal,975574,148584,1124158
2021-03-02,Bihar,569040,91556,660596
2021-03-02,Chandigarh,22299,1966,24265
2021-03-02,Punjab,169159,40211,209370
2021-03-02,Tripura,93639,24230,117869
2021-03-03,Andhra Pradesh,574200,148401,722601
2021-03-03,Puducherry,12948,1897,14845
2021-03-04,Andhra Pradesh,594085,154853,748938
2021-03-04,Assam,279061,37045,316106
2021-03-04,Bihar,601638,140711,742349
2021-03-04,Kerala,662393,148454,810847
2021-03-04,Ladakh,11471,1413,12884
2021-03-04,Tripura,98906,26908,125814
2021-03-05,Andaman and Nicobar Islands,8392,2727,11119
2021-03-05,Delhi,468847,57980,526827
2021-03-05,Maharashtra,1359974,237484,1597458
2021-03-05,Tamil Nadu,670563,91062,761625
2021-03-05,Miscellaneous,1051222,54958,1106180
2021-03-06,Chandigarh,32210,3140,35350
2021-03-06,Haryana,278910,86086,364996
2021-03-06,West Bengal,1332857,247942,1580799
2021-03-07,Himachal Pradesh,124695,45758,170453
2021-03-07,West Bengal,1343071,248797,1591868
2021-03-08,Assam,382808,58891,441699
2021-03-08,Odisha,676209,231787,907996
2021-03-08,Tamil Nadu,852767,104581,957348
2021-03-08,Tripura,111205,33469,144674
2021-03-09,Arunachal Pradesh,39733,10651,50384
2021-03-09,Delhi,549097,80954,630051
2021-03-09,Himachal Pradesh,147343,56024,203367
2021-03-09,Kerala,1012344,221228,1233572
2021-03-10,Karnataka,882327,281517,1163844
2021-03-10,Kerala,1056499,232717,1289216
2021-03-10,Ladakh,22924,2514,25438
2021-03-10,Punjab,265625,59042,324667
2021-03-10,Rajasthan,2102124,408794,2510918
2021-03-10,Telangana,459769,163865,623634
2021-03-10,Total,21034481,4650530,25685011
2021-03-11,Maharashtra,2053729,344672,2398401
2021-03-11,Mizoram,42920,9946,52866
2021-03-11,Tripura,117161,39571,156732
2021-03-12,Andhra Pradesh,804344,227582,1031926
2021-03-12,Chhattisgarh,651528,176659,828187
2021-03-12,Haryana,391275,110641,501916
2021-03-12,Nagaland,44508,9518,54026
2021-03-12,Puducherry,23809,3522,27331
2021-03-12,Sikkim,38844,7429,46273
2021-03-13,Goa,55691,10452,66143
2021-03-13,Jammu and Kashmir,385625,51026,436651
2021-03-13,Kerala,1274773,266575,1541348
2021-03-13,Odisha,850414,312535,1162949
2021-03-13,West Bengal,2050790,370634,2421424
2021-03-14,Assam,459911,79343,539254
2021-03-14,Odisha,850414,312535,1162949
2021-03-14,Tamil Nadu,1240261,143923,1384184
2021-03-14,Uttar Pradesh,1818627,501527,2320154
2021-03-15,Goa,60779,11015,71794
2021-03-15,Madhya Pradesh,1285799,370068,1655867
2021-03-15,Tamil Nadu,1347180,152565,1499745
2021-03-15,Tripura,139577,54723,194300
2021-03-16,Chandigarh,49225,6792,56017
2021-03-16,Goa,65941,11395,77336
2021-03-16,Ladakh,35187,3345,38532
2021-03-16,Madhya Pradesh,1292780,371081,1663861
2021-03-16,Maharashtra,2862885,466502,3329387
2021-03-16,Rajasthan,2862220,485483,3347703
2021-03-16,West Bengal,2462432,424523,2886955
2021-03-17,Gujarat,2293447,560511,2853958
2021-03-17,Jammu and Kashmir,441129,79366,520495
2021-03-17,Karnataka,1585066,342180,1927246
2021-03-17,Madhya Pradesh,1461627,404511,1866138
2021-03-17,Sikkim,45940,8359,54299
2021-03-18,Andaman and Nicobar Islands,13102,3969,17071
2021-03-18,Assam,516647,93180,609827
2021-03-18,Ladakh,36916,4227,41143
2021-03-18,Lakshadweep,4052,1977,6029
2021-03-18,Maharashtra,3280955,523187,3804142
2021-03-18,Nagaland,50642,15273,65915
2021-03-18,Puducherry,36592,5068,41660
2021-03-19,Andaman and Nicobar Islands,13517,3989,17506
2021-03-19,Chhattisgarh,1005918,258528,1264446
2021-03-19,Dadra and Nagar Haveli and Daman and Diu,18004,3575,21579
2021-03-19,Jammu and Kashmir,483488,100033,583521
2021-03-19,Jharkhand,547088,185844,732932
2021-03-19,Tripura,222282,65318,287600
2021-03-20,Lakshadweep,4183,2014,6197
2021-03-20,Madhya Pradesh,1797532,430724,2228256
2021-03-20,Puducherry,42524,6041,48565
2021-03-20,Punjab,452004,84404,536408
2021-03-21,Dadra and Nagar Haveli and Daman and Diu,18661,3663,22324
2021-03-21,Jharkhand,829199,196743,1025942
2021-03-21,Sikkim,51523,9742,61265
2021-03-22,Andaman and Nicobar Islands,14161,4829,18990
2021-03-23,Dadra and Nagar Haveli and Daman and Diu,19979,3731,23710
2021-03-23,Jammu and Kashmir,537307,124190,661497
2021-03-23,Rajasthan,4090566,662418,4752984
2021-03-23,Telangana,792008,218588,1010596
2021-03-24,Bihar,1835841,409195,2245036
2021-03-24,Karnataka,2631127,398417,3029544
2021-03-24,Maharashtra,4342646,672128,5014774
2021-03-24,Mizoram,51375,12564,63939
2021-03-24,Rajasthan,4327874,666700,4994574
2021-03-24,Uttarakhand,481990,113980,595970
2021-03-24,Miscellaneous,1429948,428666,1858614
2021-03-25,Gujarat,4012278,626484,4638762
2021-03-25,Haryana,1116857,144942,1261799
2021-03-25,Jammu and Kashmir,566021,131274,697295
2021-03-25,Jharkhand,1166316,217759,1384075
2021-03-25,Ladakh,39097,6250,45347
2021-03-25,Punjab,571441,94954,666395
2021-03-26,Andaman and Nicobar Islands,15639,5352,20991
2021-03-26,Chhattisgarh,1313097,301916,1615013
2021-03-26,Delhi,923905,232641,1156546
2021-03-26,Uttar Pradesh,4332916,908053,5240969
2021-03-26,Total,49426618,8683155,58109773
2021-03-27,Dadra and Nagar Haveli and Daman and Diu,22249,4039,26288
2021-03-27,Ladakh,39298,6394,45692
2021-03-27,Nagaland,59603,22073,81676
2021-03-27,Uttar Pradesh,4393060,910382,5303442
2021-03-27,Uttarakhand,548177,117507,665684
2021-03-27,Miscellaneous,1461524,561921,2023445
2021-03-27,Total,51441436,8828346,60269782
2021-03-28,Delhi,959715,237160,1196875
2021-03-28,Jammu and Kashmir,612275,139347,751622
2021-03-28,Kerala,2659617,371993,3031610
2021-03-28,Sikkim,60149,12160,72309
2021-03-29,Chhattisgarh,1456510,306665,1763175
2021-03-29,Manipur,85731,32560,118291
2021-03-29,Meghalaya,69157,28425,97582
2021-03-29,Uttar Pradesh,4393145,910385,5303530
2021-03-30,Gujarat,4828685,653365,5482050
2021-03-30,Jharkhand,1350812,223556,1574368
2021-03-30,Maharashtra,5255093,738033,5993126
2021-03-30,Miscellaneous,1469950,615462,2085412
2021-03-31,Chandigarh,66030,11551,77581
2021-03-31,Chhattisgarh,1624926,317179,1942105
2021-03-31,Goa,97320,18430,115750
2021-03-31,Madhya Pradesh,2855859,500807,3356666
2021-03-31,Manipur,86331,34507,120838
2021-03-31,Meghalaya,71605,29871,101476
2021-03-31,Puducherry,67035,7130,74165
2021-03-31,Sikkim,61362,12379,73741
2021-03-31,Tripura,620166,77180,697346
2021-03-31,Uttar Pradesh,4483979,914705,5398684
2021-03-31,Miscellaneous,1479101,705949,2185050
2021-03-31,Total,55783201,9334695,65117896
2021-04-01,Karnataka,3505736,441200,3946936
2021-04-01,Kerala,3099836,390298,3490134
2021-04-01,Lakshadweep,5090,2130,7220
2021-04-01,Punjab,809761,111085,920846
2021-04-01,Miscellaneous,1488931,778111,2267042
2021-04-02,Lakshadweep,5706,1815,7521
2021-04-02,Maharashtra,6247362,780138,7027500
2021-04-02,Mizoram,56979,14889,71868
2021-04-03,Arunachal Pradesh,80367,24069,104436
2021-04-03,Kerala,3430171,419834,3850005
2021-04-03,Lakshadweep,5949,1840,7789
2021-04-03,Mizoram,57050,14937,71987
2021-04-03,Nagaland,60826,23165,83991
2021-04-03,Puducherry,74151,7306,81457
2021-04-03,Punjab,1049891,121071,1170962
2021-04-03,Sikkim,67370,13284,80654
2021-04-03,Telangana,1196610,249892,1446502
2021-04-03,Miscellaneous,1498293,839517,2337810
2021-04-04,Andaman and Nicobar Islands,18833,5243,24076
2021-04-04,Odisha,2710936,408445,3119381
2021-04-04,Rajasthan,6020639,847987,6868626
2021-04-05,Arunachal Pradesh,83411,24181,107592
2021-04-05,Goa,117638,23387,141025
2021-04-05,Rajasthan,6400581,898724,7299305
2021-04-05,Sikkim,70887,12910,83797
2021-04-05,Miscellaneous,1509648,908129,2417777
2021-04-06,Bihar,3413610,471787,3885397
2021-04-06,Nagaland,65756,24347,90103
2021-04-06,Punjab,1284982,131328,1416310
2021-04-06,Telangana,1353143,264631,1617774
2021-04-06,Uttar Pradesh,6478775,1162710,7641485
2021-04-06,Uttarakhand,905908,155827,1061735
2021-04-06,Total,75937015,11140459,87077474
2021-04-07,Andaman and Nicobar Islands,22919,5350,28269
2021-04-07,Andhra Pradesh,2924901,465089,3389990
2021-04-07,Assam,1138046,206862,1344908
2021-04-07,Goa,124443,25734,150177
2021-04-07,Karnataka,4717382,513260,5230642
2021-04-07,Mizoram,63880,18290,82170
2021-04-07,Odisha,3178508,439053,3617561
2021-04-07,Uttarakhand,953024,161002,1114026
2021-04-08,Haryana,1941143,178710,2119853
2021-04-08,Lakshadweep,8381,2356,10737
2021-04-08,Meghalaya,98207,37030,135237
2021-04-08,Rajasthan,7772197,1035154,8807351
2021-04-09,Lakshadweep,9225,2461,11686
2021-04-09,Nagaland,74498,26035,100533
2021-04-09,Rajasthan,8167023,1078215,9245238
2021-04-09,Uttarakhand,1070169,173613,1243782
2021-04-10,Arunachal Pradesh,101758,29546,131304
2021-04-11,Andhra Pradesh,3363469,529534,3893003
2021-04-11,Dadra and Nagar Haveli and Daman and Diu,61498,9025,70523
2021-04-11,Himachal Pradesh,876536,107374,983910
2021-04-11,Jharkhand,2065590,294576,2360166
2021-04-12,Arunachal Pradesh,112658,31586,144244
2021-04-12,Chhattisgarh,4033975,428984,4462959
2021-04-12,Karnataka,5814171,593154,6407325
2021-04-12,Miscellaneous,1598441,1077431,2675872
2021-04-13,Andaman and Nicobar Islands,43069,5832,48901
2021-04-13,Gujarat,8502799,1202500,9705299
2021-04-13,Kerala,4714426,553106,5267532
2021-04-13,Odisha,3922145,522096,4444241
2021-04-13,Telangana,2007123,311169,2318292
2021-04-13,West Bengal,7328568,1017185,8345753
2021-04-14,Andhra Pradesh,3977725,585348,4563073
2021-04-14,Dadra and Nagar Haveli and Daman and Diu,67859,10001,77860
2021-04-14,Himachal Pradesh,1039728,118201,1157929
2021-04-14,Odisha,3993009,534902,4527911
2021-04-14,Uttar Pradesh,8606878,1421961,10028839
2021-04-15,Arunachal Pradesh,127072,34211,161283
2021-04-15,Dadra and Nagar Haveli and Daman and Diu,69063,10376,79439
2021-04-15,Jammu and Kashmir,1285932,214761,1500693
2021-04-15,Maharashtra,10357897,1154831,11512728
2021-04-15,Nagaland,102972,30077,133049
2021-04-15,Telangana,2283977,338539,2622516
2021-04-16,Delhi,2065707,438387,2504094
2021-04-16,Ladakh,67005,9963,76968
2021-04-16,Puducherry,144659,12835,157494
2021-04-16,Tamil Nadu,3969605,562878,4532483
2021-04-16,Telangana,2447944,354480,2802424
2021-04-17,Andaman and Nicobar Islands,67540,6568,74108
2021-04-17,Delhi,2121119,451598,2572717
2021-04-17,Kerala,5158593,673960,5832553
2021-04-17,Madhya Pradesh,6548033,757281,7305314
2021-04-17,Rajasthan,9332463,1366308,10698771
2021-04-17,Tamil Nadu,4064944,605837,4670781
2021-04-18,Mizoram,122419,31764,154183
2021-04-18,Punjab,2205090,213042,2418132
2021-04-19,Andhra Pradesh,4140857,616127,4756984
2021-04-19,Arunachal Pradesh,140794,39493,180287
2021-04-19,Bihar,5100351,737776,5838127
2021-04-19,Manipur,106512,51199,157711
2021-04-19,Telangana,2742190,390557,3132747
2021-04-19,Uttarakhand,1366829,261362,1628191
2021-04-19,Miscellaneous,1628987,1186931,2815918
2021-04-20,Delhi,2238274,494248,2732522
2021-04-20,Haryana,2859343,383115,3242458
2021-04-20,Mizoram,139761,34618,174379
2021-04-20,Total,111645892,18473418,130119310
2021-04-21,Gujarat,9251289,1687135,10938424
2021-04-21,Kerala,5512420,841334,6353754
2021-04-21,Meghalaya,137351,47888,185239
2021-04-21,Mizoram,144527,36302,180829
2021-04-21,Rajasthan,9952757,1697544,11650301
2021-04-22,Arunachal Pradesh,154057,43521,197578
2021-04-22,Haryana,2929178,416237,3345415
2021-04-22,Karnataka,7159742,1031310,8191052
2021-04-22,Madhya Pradesh,6851566,886903,7738469
2021-04-22,Odisha,4645662,753671,5399333
2021-04-22,Rajasthan,10069713,1766615,11836328
2021-04-22,Total,115073463,20404957,135478420
2021-04-23,Gujarat,9412482,1854012,11266494
2021-04-23,Karnataka,7334507,1112415,8446922
2021-04-23,Ladakh,71353,22963,94316
2021-04-23,Madhya Pradesh,6871944,902404,7774348
2021-04-23,Manipur,119445,54818,174263
2021-04-23,Tamil Nadu,4323789,883047,5206836
2021-04-23,Tripura,811546,173718,985264
2021-04-23,West Bengal,8139618,1641308,9780926
2021-04-23,Miscellaneous,1646918,1243072,2889990
2021-04-24,Bihar,5480400,881886,6362286
2021-04-24,Tamil Nadu,4377101,951710,5328811
2021-04-24,Tripura,820756,191495,1012251
2021-04-25,Andaman and Nicobar Islands,87865,9527,97392
2021-04-25,Arunachal Pradesh,163544,46801,210345
2021-04-25,Chhattisgarh,4746298,616149,5362447
2021-04-25,Gujarat,9550111,1988252,11538363
2021-04-25,Maharashtra,12404727,1937989,14342716
2021-04-25,Punjab,2676408,318959,2995367
2021-04-25,Miscellaneous,1651006,1254503,2905509
2021-04-26,Bihar,5615883,942931,6558814
2021-04-26,Chandigarh,144304,39947,184251
2021-04-26,Rajasthan,10508538,2034683,12543221
2021-04-26,Telangana,3745507,542345,4287852
2021-04-26,West Bengal,8363952,1866546,10230498
2021-04-27,Andhra Pradesh,4904196,1273778,6177974
2021-04-27,Kerala,5947415,1159657,7107072
2021-04-27,Manipur,142665,58100,200765
2021-04-28,Assam,1768084,476035,2244119
2021-04-28,Goa,262813,68918,331731
2021-04-28,Himachal Pradesh,1468118,221742,1689860
2021-04-28,Jharkhand,2603204,449965,3053169
2021-04-28,West Bengal,8540388,2091699,10632087
2021-04-29,Andaman and Nicobar Islands,92417,10581,102998
2021-04-29,Andhra Pradesh,4988520,1365533,6354053
2021-04-29,Himachal Pradesh,1505390,237777,1743167
2021-04-29,Jammu and Kashmir,1947275,364162,2311437
2021-04-29,Meghalaya,216713,58387,275100
2021-04-29,Sikkim,159827,40759,200586
2021-04-29,Tamil Nadu,4590062,1255826,5845888
2021-04-30,Bihar,5882397,1085837,6968234
2021-04-30,Himachal Pradesh,1541271,252131,1793402
2021-04-30,Jammu and Kashmir,1975108,373155,2348263
2021-04-30,Madhya Pradesh,7023032,1056496,8079528
2021-04-30,Manipur,189159,61155,250314
2021-04-30,Punjab,2969346,425392,3394738
2021-04-30,Uttarakhand,1662261,413882,2076143
2021-05-01,Chandigarh,163638,49636,213274
2021-05-01,Madhya Pradesh,7046736,1105065,8151801
2021-05-01,Maharashtra,13662818,2659518,16322336
2021-05-01,Mizoram,214013,44909,258922
2021-05-01,Uttarakhand,1672477,424276,2096753
2021-05-02,Jharkhand,2653045,493777,3146822
2021-05-02,Mizoram,213937,44878,258815
2021-05-02,Nagaland,159923,40345,200268
2021-05-02,Telangana,4157895,629638,4787533
2021-05-02,Total,128374277,28823930,157198207
2021-05-03,Assam,2094437,578883,2673320
2021-05-03,Chhattisgarh,4897308,781887,5679195
2021-05-03,Dadra and Nagar Haveli and Daman and Diu,80186,17238,97424
2021-05-03,Delhi,2674884,739324,3414208
2021-05-03,Goa,288525,74784,363309
2021-05-03,Madhya Pradesh,7060213,1162769,8222982
2021-05-03,Manipur,218307,62959,281266
2021-05-03,Miscellaneous,1677577,1324158,3001735
2021-05-04,Delhi,2740053,764655,3504708
2021-05-04,Puducherry,172234,32118,204352
2021-05-04,West Bengal,8725790,2659546,11385336
2021-05-05,Chandigarh,174417,55201,229618
2021-05-05,Delhi,2796271,776040,3572311
2021-05-05,Jammu and Kashmir,2123473,426826,2550299
2021-05-05,Nagaland,168445,44667,213112
2021-05-05,Odisha,4979757,988008,5967765
2021-05-05,Rajasthan,11167216,2430151,13597367
2021-05-05,Miscellaneous,1683771,1345414,3029185
2021-05-06,Arunachal Pradesh,202234,64735,266969
2021-05-06,Punjab,3176837,528423,3705260
2021-05-06,West Bengal,8743034,2816845,11559879
2021-05-07,Chandigarh,180958,60380,241338
2021-05-07,Nagaland,171595,46252,217847
2021-05-07,Punjab,3217128,556162,3773290
2021-05-07,Miscellaneous,1689400,1363258,3052658
2021-05-07,Total,133112446,34234098,167346544
2021-05-08,Goa,308443,83002,391445
2021-05-08,Miscellaneous,1691342,1369593,3060935
2021-05-09,Andhra Pradesh,5326721,1981496,7308217
2021-05-09,Chandigarh,187057,64405,251462
2021-05-09,Puducherry,175642,40293,215935
2021-05-09,Rajasthan,11428249,2676008,14104257
2021-05-09,Tamil Nadu,4842616,1656733,6499349
2021-05-10,Andhra Pradesh,5327494,1982726,7310220
2021-05-10,Dadra and Nagar Haveli and Daman and Diu,82510,21818,104328
2021-05-10,Gujarat,10708126,3452009,14160135
2021-05-10,Kerala,6192936,1849301,8042237
2021-05-10,Tripura,932494,483620,1416114
2021-05-11,Andhra Pradesh,5328552,2011929,7340481
2021-05-11,Dadra and Nagar Haveli and Daman and Diu,82776,22478,105254
2021-05-11,Jammu and Kashmir,2244259,514862,2759121
2021-05-11,Madhya Pradesh,7205722,1526316,8732038
2021-05-11,Manipur,280275,69013,349288
2021-05-12,Nagaland,177837,50247,228084
2021-05-12,Punjab,3389032,683655,4072687
2021-05-12,Telangana,4380920,1007437,5388357
2021-05-12,Tripura,936558,498748,1435306
2021-05-12,Uttarakhand,1841778,666114,2507892
2021-05-13,Haryana,3827652,872509,4700161
2021-05-13,Himachal Pradesh,1722220,417413,2139633
2021-05-13,Ladakh,85330,37110,122440
2021-05-13,Rajasthan,11858172,2940742,14798914
2021-05-14,Andaman and Nicobar Islands,98837,14618,113455
2021-05-14,Andhra Pradesh,5333983,2094993,7428976
2021-05-14,Arunachal Pradesh,215661,77566,293227
2021-05-14,Bihar,6888249,1661464,8549713
2021-05-14,Lakshadweep,20555,6485,27040
2021-05-14,Madhya Pradesh,7333762,1631210,8964972
2021-05-14,Maharashtra,15344900,4124773,19469673
2021-05-14,Odisha,5148647,1394107,6542754
2021-05-15,Manipur,306289,69694,375983
2021-05-15,Punjab,3440578,701769,4142347
2021-05-15,Tamil Nadu,5034258,1894071,6928329
2021-05-15,Tripura,941806,503826,1445632
2021-05-16,Kerala,6418962,1996495,8415457
2021-05-17,Chandigarh,210801,73928,284729
2021-05-17,Himachal Pradesh,1771369,432780,2204149
2021-05-17,Mizoram,240098,50902,291000
2021-05-17,Sikkim,165974,59606,225580
2021-05-18,Goa,355380,94422,449802
2021-05-18,Manipur,320211,69848,390059
2021-05-18,Uttar Pradesh,11918603,3289048,15207651
2021-05-18,Uttarakhand,1993013,680283,2673296
2021-05-18,West Bengal,8935993,3754843,12690836
2021-05-19,Andaman and Nicobar Islands,100295,14941,115236
2021-05-19,Assam,2792170,752691,3544861
2021-05-19,Jharkhand,3032897,668230,3701127
2021-05-19,Kerala,6534948,2018250,8553198
2021-05-19,Tamil Nadu,5152220,1930160,7082380
2021-05-20,Andaman and Nicobar Islands,102026,15149,117175
2021-05-20,Chandigarh,227700,74308,302008
2021-05-20,Chhattisgarh,5725589,1087151,6812740
2021-05-20,Manipur,333270,69979,403249
2021-05-20,Punjab,3803444,715874,4519318
2021-05-20,Rajasthan,12702212,3006023,15708235
2021-05-20,Uttar Pradesh,12499628,3314026,15813654
2021-05-20,Uttarakhand,2062874,680791,2743665
2021-05-21,Andaman and Nicobar Islands,102792,15151,117943
2021-05-21,Goa,380691,94635,475326
2021-05-21,Gujarat,11406798,3871340,15278138
2021-05-21,Himachal Pradesh,1889598,433056,2322654
2021-05-21,Mizoram,252192,50982,303174
2021-05-21,Odisha,5578382,1436139,7014521
2021-05-21,Punjab,3872115,720220,4592335
2021-05-21,Telangana,4452449,1070665,5523114
2021-05-21,Miscellaneous,1708478,1431227,3139705
2021-05-21,Total,150501478,42871341,193372819
2021-05-22,Andhra Pradesh,5558500,2347240,7905740
2021-05-22,Arunachal Pradesh,245141,78008,323149
2021-05-22,Dadra and Nagar Haveli and Daman and Diu,120336,25903,146239
2021-05-22,Kerala,6621927,2019981,8641908
2021-05-22,Manipur,343656,70061,413717
2021-05-22,Puducherry,193724,50857,244581
2021-05-22,Uttar Pradesh,12897520,3344183,16241703
2021-05-22,Total,151945271,43058913,195004184
2021-05-23,Chhattisgarh,5797691,1091581,6889272
2021-05-23,Dadra and Nagar Haveli and Daman and Diu,124988,25904,150892
2021-05-23,Jammu and Kashmir,2435402,537975,2973377
2021-05-23,West Bengal,9328620,3814903,13143523
2021-05-23,Miscellaneous,1709768,1435428,3145196
2021-05-24,Chandigarh,245777,74645,320422
2021-05-24,Himachal Pradesh,1924861,433145,2358006
2021-05-24,Telangana,4454220,1075607,5529827
2021-05-25,Arunachal Pradesh,250445,78100,328545
2021-05-25,Jharkhand,3328050,684219,4012269
2021-05-25,Telangana,4462036,1126648,5588684
2021-05-25,Uttar Pradesh,13436943,3379393,16816336
2021-05-25,Uttarakhand,2147406,681667,2829073
2021-05-26,Haryana,4645105,964257,5609362
2021-05-26,Karnataka,9938507,2651330,12589837
2021-05-26,Odisha,5926992,1448686,7375678
2021-05-27,Gujarat,12265993,4019309,16285302
2021-05-27,Ladakh,107108,37275,144383
2021-05-28,Andaman and Nicobar Islands,107301,15162,122463
2021-05-28,Rajasthan,13474390,3078637,16553027
2021-05-28,West Bengal,10137192,3852295,13989487
2021-05-29,Andhra Pradesh,7270166,2481682,9751848
2021-05-29,Arunachal Pradesh,254387,78270,332657
2021-05-29,Goa,426504,94961,521465
2021-05-29,Mizoram,262293,51087,313380
2021-05-30,Assam,3264939,828758,4093697
2021-05-30,Chhattisgarh,5884836,1103284,6988120
2021-05-30,Mizoram,262364,51087,313451
2021-05-30,Puducherry,214450,51138,265588
2021-05-31,Andhra Pradesh,7350968,2512379,9863347
2021-05-31,Chandigarh,274422,74901,349323
2021-05-31,Dadra and Nagar Haveli and Daman and Diu,170055,25974,196029
2021-05-31,Haryana,4891726,995845,5887571
2021-05-31,Lakshadweep,26727,6946,33673
2021-05-31,West Bengal,10834957,3879574,14714531
2021-05-31,Miscellaneous,1721024,1462311,3183335
2021-06-01,Gujarat,13121339,4178187,17299526
2021-06-01,Punjab,4302436,775818,5078254
2021-06-01,Miscellaneous,1721024,1462311,3183335
2021-06-02,Andaman and Nicobar Islands,110314,15190,125504
2021-06-02,Arunachal Pradesh,264766,78464,343230
2021-06-02,Goa,442339,95401,537740
2021-06-02,Manipur,399135,70628,469763
2021-06-02,Sikkim,179424,59691,239115
2021-06-02,Tamil Nadu,7277828,2061988,9339816
2021-06-02,Telangana,4935543,1278900,6214443
2021-06-02,Tripura,1110591,507776,1618367
2021-06-02,Total,175665160,45378533,221043693
2021-06-03,Assam,3392200,842935,4235135
2021-06-03,Jammu and Kashmir,2841054,557041,3398095
2021-06-03,Jharkhand,3579293,726211,4305504
2021-06-03,Punjab,4361990,784093,5146083
2021-06-03,Sikkim,179599,59697,239296
2021-06-03,Tamil Nadu,7544779,2074419,9619198
2021-06-04,Assam,3428393,845254,4273647
2021-06-05,Assam,3466499,847751,4314250
2021-06-05,Delhi,4366392,1284915,5651307
2021-06-05,Maharashtra,19251016,4771315,24022331
2021-06-05,Mizoram,272303,51215,323518
2021-06-06,Bihar,9175179,1846826,11022005
2021-06-06,Delhi,4381431,1285767,5667198
2021-06-06,Goa,473993,96283,570276
2021-06-06,Maharashtra,19331541,4784458,24115999
2021-06-06,Manipur,421435,70916,492351
2021-06-06,Rajasthan,14491952,3229606,17721558
2021-06-07,Himachal Pradesh,2101788,434456,2536244
2021-06-07,Lakshadweep,33294,6979,40273
2021-06-07,Madhya Pradesh,11290689,1851749,13142438
2021-06-08,Bihar,9349563,1868803,11218366
2021-06-08,Dadra and Nagar Haveli and Daman and Diu,209044,26144,235188
2021-06-08,Goa,495213,96721,591934
2021-06-08,Himachal Pradesh,2114235,434776,2549011
2021-06-08,Lakshadweep,34567,6986,41553
2021-06-08,Sikkim,180911,59734,240645
2021-06-08,Telangana,5704303,1316874,7021177
2021-06-09,Chhattisgarh,6020857,1144068,7164925
2021-06-09,Dadra and Nagar Haveli and Daman and Diu,213961,26163,240124
2021-06-09,Lakshadweep,35731,7020,42751
2021-06-09,Nagaland,259990,52166,312156
2021-06-09,Tripura,1137676,508536,1646212
2021-06-09,Total,195482945,47243748,242726693
2021-06-10,Nagaland,267970,52281,320251
2021-06-10,Uttarakhand,2515088,691433,3206521
2021-06-11,Delhi,4578721,1412047,5990768
2021-06-11,Jammu and Kashmir,3033379,579658,3613037
2021-06-11,Punjab,4700630,813356,5513986
2021-06-11,Tripura,1142891,509165,1652056
2021-06-11,Total,201690149,47910155,249600304
2021-06-12,Assam,3837392,917265,4754657
2021-06-12,Dadra and Nagar Haveli and Daman and Diu,240221,26343,266564
2021-06-12,Gujarat,15492980,4545438,20038418
2021-06-12,Maharashtra,20646972,5170756,25817728
2021-06-12,Puducherry,271500,52818,324318
2021-06-12,Sikkim,213666,59794,273460
2021-06-12,Tripura,1146919,512535,1659454
2021-06-12,West Bengal,13546001,4037759,17583760
2021-06-13,Andhra Pradesh,9306916,2622690,11929606
2021-06-13,Dadra and Nagar Haveli and Daman and Diu,240534,26347,266881
2021-06-13,Goa,540700,97879,638579
2021-06-13,West Bengal,13598946,4041058,17640004
2021-06-14,Assam,3933962,954251,4888213
2021-06-14,Punjab,4925386,822098,5747484
2021-06-14,Sikkim,226651,59831,286482
2021-06-14,Tamil Nadu,8964448,2167332,11131780
2021-06-14,Telangana,6800786,1347838,8148624
2021-06-14,Tripura,1164324,516990,1681314
2021-06-15,Assam,3979279,967540,4946819
2021-06-15,Chhattisgarh,6095907,1192934,7288841
2021-06-15,Tamil Nadu,9086953,2177116,11264069
2021-06-15,Uttarakhand,2704226,713802,3418028
2021-06-15,Total,212681921,49290093,261972014
2021-06-16,Bihar,10757397,1953539,12710936
2021-06-16,Chandigarh,348773,76204,424977
2021-06-16,Lakshadweep,42755,7106,49861
2021-06-16,Maharashtra,21391791,5328026,26719817
2021-06-17,Bihar,10979659,1986711,12966370
2021-06-17,Gujarat,16598184,4700422,21298606
2021-06-17,Jammu and Kashmir,3264211,591612,3855823
2021-06-18,Bihar,11138763,2015574,13154337
2021-06-18,Mizoram,368706,52653,421359
2021-06-18,Nagaland,339030,52965,391995
2021-06-19,Chhattisgarh,6302359,1213528,7515887
2021-06-19,Telangana,7664742,1381773,9046515
2021-06-19,Miscellaneous,1731508,1503233,3234741
2021-06-20,Karnataka,15257540,3225145,18482685
2021-06-21,Haryana,6671112,1184543,7855655
2021-06-21,Madhya Pradesh,14571531,2136505,16708036
2021-06-21,Punjab,5500425,865055,6365480
2021-06-21,Uttarakhand,2937889,737689,3675578
2021-06-22,Gujarat,18070655,4957546,23028201
2021-06-22,Himachal Pradesh,2599553,440210,3039763
2021-06-22,Telangana,8050833,1405135,9455968
2021-06-23,Goa,701414,102993,804407
2021-06-23,Haryana,6844825,1218543,8063368
2021-06-23,Jammu and Kashmir,3499026,615567,4114593
2021-06-23,Karnataka,17100083,3377106,20477189
2021-06-23,Lakshadweep,45549,7241,52790
2021-06-23,Nagaland,376898,53710,430608
2021-06-23,Telangana,8209687,1415734,9625421
2021-06-24,Delhi,5309691,1645403,6955094
2021-06-25,Goa,728178,105658,833836
2021-06-25,Lakshadweep,46057,7376,53433
2021-06-25,Manipur,523661,72808,596469
2021-06-25,Meghalaya,578969,76211,655180
2021-06-25,Nagaland,398147,54796,452943
2021-06-26,Chhattisgarh,7312373,1418536,8730909
2021-06-26,Himachal Pradesh,3010202,471864,3482066
2021-06-26,Sikkim,371534,61597,433131
2021-06-27,Chandigarh,421745,82381,504126
2021-06-27,Gujarat,19500497,5387325,24887822
2021-06-27,Ladakh,168691,47925,216616
2021-06-28,Chandigarh,427780,84063,511843
2021-06-28,Lakshadweep,46494,7644,54138
2021-06-28,Maharashtra,25598933,6183394,31782327
2021-06-28,Meghalaya,601282,77462,678744
2021-06-28,West Bengal,16563751,4863946,21427697
2021-06-29,Tamil Nadu,12966132,2546796,15512928
2021-06-30,Karnataka,18973266,3739413,22712679
2021-06-30,Tripura,1955931,594420,2550351
2021-07-01,Chhattisgarh,8034603,1618315,9652918
2021-07-01,Delhi,6214716,1836645,8051361
2021-07-01,Karnataka,19125071,3787022,22912093
2021-07-01,Kerala,10915717,3326979,14242696
2021-07-01,West Bengal,16900326,5109791,22010117
2021-07-01,Miscellaneous,1736503,1522551,3259054
2021-07-02,Arunachal Pradesh,527049,87483,614532
2021-07-02,Bihar,14393539,2332558,16726097
2021-07-02,Chandigarh,449392,91711,541103
2021-07-02,Jammu and Kashmir,3949930,722113,4672043
2021-07-02,Puducherry,448923,69834,518757
2021-07-02,Telangana,9783570,1639786,11423356
2021-07-03,Chhattisgarh,8193672,1683015,9876687
2021-07-03,Haryana,7805898,1554725,9360623
2021-07-03,Kerala,11162824,3601746,14764570
2021-07-03,Meghalaya,649937,83498,733435
2021-07-03,Nagaland,456431,64467,520898
2021-07-03,Punjab,6535786,1184756,7720542
2021-07-03,Rajasthan,21331201,4337542,25668743
2021-07-03,Tamil Nadu,13926336,2714557,16640893
2021-07-04,Lakshadweep,47084,8590,55674
2021-07-04,Mizoram,540706,59673,600379
2021-07-04,Telangana,9945428,1702925,11648353
2021-07-04,West Bengal,17165994,5494551,22660545
2021-07-05,Arunachal Pradesh,549638,94056,643694
2021-07-05,Chandigarh,467197,99404,566601
2021-07-05,Delhi,6523882,1939807,8463689
2021-07-05,Uttar Pradesh,28482688,5012080,33494768
2021-07-06,Arunachal Pradesh,556791,97418,654209
2021-07-06,Chandigarh,472038,102146,574184
2021-07-06,Himachal Pradesh,3398021,717807,4115828
2021-07-06,Jharkhand,6228930,1216827,7445757
2021-07-06,Ladakh,177767,59794,237561
2021-07-06,Mizoram,554964,65647,620611
2021-07-06,Puducherry,463896,84623,548519
2021-07-06,Tamil Nadu,14225382,2792816,17018198
2021-07-07,Chhattisgarh,8335044,1770209,10105253
2021-07-07,Nagaland,486470,78500,564970
2021-07-07,Rajasthan,21492802,4444967,25937769
2021-07-08,Assam,6409358,1320968,7730326
2021-07-08,Goa,896123,151365,1047488
2021-07-08,Karnataka,20494925,4447263,24942188
2021-07-09,Jammu and Kashmir,4272302,816684,5088986
2021-07-09,Kerala,11454406,3958218,15412624
2021-07-09,Mizoram,580502,86722,667224
2021-07-10,Assam,6566338,1345122,7911460
2021-07-10,Jharkhand,6368394,1281530,7649924
2021-07-10,Maharashtra,28600474,7744107,36344581
2021-07-10,Meghalaya,712497,97505,810002
2021-07-10,Tamil Nadu,14464842,2940208,17405050
2021-07-10,Miscellaneous,1739718,1531464,3271182
2021-07-11,Jharkhand,6386040,1288741,7674781
2021-07-11,Karnataka,20921191,4703519,25624710
2021-07-11,Odisha,10732741,2718827,13451568
2021-07-11,Puducherry,484491,110044,594535
2021-07-11,Rajasthan,21724229,4686607,26410836
2021-07-11,Miscellaneous,1739847,1531874,3271721
2021-07-12,Bihar,16194053,2753207,18947260
2021-07-12,Madhya Pradesh,20157526,3815988,23973514
2021-07-12,Meghalaya,723853,100489,824342
2021-07-12,Odisha,10774116,2729001,13503117
2021-07-13,Jammu and Kashmir,4400294,869421,5269715
2021-07-13,Ladakh,184197,61509,245706
2021-07-13,Lakshadweep,48558,11504,60062
2021-07-13,Odisha,10923291,2747474,13670765
2021-07-13,Punjab,7075101,1447226,8522327
2021-07-13,West Bengal,18021482,6691305,24712787
2021-07-14,Assam,7042767,1432392,8475159
2021-07-14,Bihar,16478046,2826509,19304555
2021-07-14,Dadra and Nagar Haveli and Daman and Diu,493212,63690,556902
2021-07-14,Meghalaya,746590,106983,853573
2021-07-14,Mizoram,600309,108960,709269
2021-07-14,Tripura,2109410,673197,2782607
2021-07-14,Uttarakhand,3968239,1056218,5024457
2021-07-15,Chandigarh,525981,129198,655179
2021-07-15,Dadra and Nagar Haveli and Daman and Diu,499137,64514,563651
2021-07-15,Himachal Pradesh,3495564,978157,4473721
2021-07-15,Rajasthan,22373512,5127110,27500622
2021-07-15,Tripura,2126208,682453,2808661
2021-07-15,West Bengal,18247588,7026027,25273615
2021-07-16,Andaman and Nicobar Islands,179882,74953,254835
2021-07-16,Haryana,8457136,1955894,10413030
2021-07-16,Karnataka,21741980,5109400,26851380
2021-07-16,Lakshadweep,48893,12744,61637
2021-07-16,Mizoram,608489,125152,733641
2021-07-16,Nagaland,541770,111824,653594
2021-07-16,Tripura,2137905,690001,2827906
2021-07-17,Assam,7237347,1526782,8764129
2021-07-17,Dadra and Nagar Haveli and Daman and Diu,510842,66554,577396
2021-07-17,Jharkhand,6795195,1484056,8279251
2021-07-17,Lakshadweep,48946,13010,61956
2021-07-17,Odisha,11189886,3071920,14261806
2021-07-18,Andhra Pradesh,14513707,4135345,18649052
2021-07-18,Himachal Pradesh,3505080,1039803,4544883
2021-07-18,Karnataka,22018866,5305571,27324437
2021-07-18,Odisha,11197465,3078500,14275965
2021-07-18,Uttar Pradesh,33842285,6525898,40368183
2021-07-19,Delhi,7158176,2225291,9383467
2021-07-19,Madhya Pradesh,21552669,4127473,25680142
2021-07-19,Telangana,10941218,2512879,13454097
2021-07-20,Bihar,18258322,3261315,21519637
2021-07-20,Jammu and Kashmir,4615769,1061657,5677426
2021-07-20,Karnataka,22305056,5475128,27780184
2021-07-20,Sikkim,471162,139022,610184
2021-07-20,Total,328716212,86756243,415472455
2021-07-21,Andaman and Nicobar Islands,184160,81594,265754
2021-07-21,Andhra Pradesh,14739442,4415446,19154888
2021-07-21,Arunachal Pradesh,642785,148586,791371
2021-07-21,Jharkhand,6933055,1536839,8469894
2021-07-21,Manipur,979883,122381,1102264
2021-07-22,Kerala,12464588,5244939,17709527
2021-07-22,Ladakh,185475,62844,248319
2021-07-22,Manipur,995279,131374,1126653
2021-07-22,Odisha,11613471,3491614,15105085
2021-07-22,Tripura,2177347,722290,2899637
2021-07-23,Bihar,18386444,3329911,21716355
2021-07-23,Gujarat,23752266,7272636,31024902
2021-07-23,Ladakh,185654,63031,248685
2021-07-23,Lakshadweep,49479,14079,63558
2021-07-23,Nagaland,589807,134473,724280
2021-07-23,Telangana,11038921,2804295,13843216
2021-07-23,Uttar Pradesh,36710535,7103218,43813753
2021-07-23,Uttarakhand,4195487,1303123,5498610
2021-07-24,Delhi,7289525,2384076,9673601
2021-07-24,Himachal Pradesh,3740883,1166790,4907673
2021-07-24,Sikkim,482041,144504,626545
2021-07-24,Miscellaneous,1743424,1541473,3284897
2021-07-25,Arunachal Pradesh,655202,159916,815118
2021-07-25,Tamil Nadu,17331932,3803839,21135771
2021-07-25,Telangana,11074124,2946097,14020221
2021-07-26,Andhra Pradesh,15735873,5021246,20757119
2021-07-26,Assam,8204101,1782065,9986166
2021-07-26,Jharkhand,7352345,1676024,9028369
2021-07-26,Puducherry,550475,140183,690658
2021-07-27,Andaman and Nicobar Islands,197991,88866,286857
2021-07-27,Gujarat,24554708,7634783,32189491
2021-07-27,Ladakh,186261,64512,250773
2021-07-27,Miscellaneous,1743886,1543190,3287076
2021-07-28,Ladakh,186477,65626,252103
2021-07-28,Tamil Nadu,18046306,3938716,21985022
2021-07-28,Tripura,2305576,771107,3076683
2021-07-29,Rajasthan,24540697,7210339,31751036
2021-07-29,Sikkim,488841,146948,635789
2021-07-30,Arunachal Pradesh,669044,172718,841762
2021-07-30,Assam,8623808,1911166,10534974
2021-07-30,Jammu and Kashmir,4876324,1287629,6163953
2021-07-30,Madhya Pradesh,25960423,5010997,30971420
2021-07-30,Manipur,1097943,200435,1298378
2021-07-30,Punjab,7701664,1944988,9646652
2021-07-30,Tamil Nadu,18560128,4105392,22665520
2021-07-31,Goa,1058023,272602,1330625
2021-07-31,Karnataka,23996153,6535671,30531824
2021-07-31,Mizoram,643821,196953,840774
2021-08-01,Bihar,20782782,3919266,24702048
2021-08-01,Chandigarh,646847,197592,844439
2021-08-01,Chhattisgarh,9652189,2357947,12010136
2021-08-01,Puducherry,574641,145668,720309
2021-08-01,Tamil Nadu,19066215,4241105,23307320
2021-08-01,Telangana,11350666,3492640,14843306
2021-08-02,Andaman and Nicobar Islands,210578,92157,302735
2021-08-02,Jharkhand,7937169,1857795,9794964
2021-08-02,Maharashtra,33651161,11354508,45005669
2021-08-02,Uttarakhand,4626002,1464021,6090023
2021-08-03,Bihar,21003863,3998043,25001906
2021-08-03,Dadra and Nagar Haveli and Daman and Diu,565527,75705,641232
2021-08-03,Goa,1070429,279892,1350321
2021-08-03,Puducherry,581206,147273,728479
2021-08-03,Sikkim,494090,149490,643580
2021-08-03,Telangana,11437302,3642994,15080296
2021-08-04,Arunachal Pradesh,680809,179503,860312
2021-08-04,Jammu and Kashmir,5094719,1392453,6487172
2021-08-04,Nagaland,625565,154008,779573
2021-08-04,Sikkim,494904,149858,644762
2021-08-05,Arunachal Pradesh,683272,181201,864473
2021-08-05,Assam,9771011,2081986,11852997
2021-08-05,Kerala,15033969,6269657,21303626
2021-08-05,Tripura,2396762,795888,3192650
2021-08-06,Chandigarh,679894,212902,892796
2021-08-06,Rajasthan,26474741,8145985,34620726
2021-08-06,Miscellaneous,1899821,1548073,3447894
2021-08-06,Total,390041560,110968049,501009609
2021-08-07,Assam,10193016,2150461,12343477
2021-08-07,Chandigarh,686609,218231,904840
2021-08-07,Haryana,9954064,2843185,12797249
2021-08-07,Jharkhand,8259824,1960995,10220819
2021-08-07,Maharashtra,34739849,11947723,46687572
2021-08-07,Manipur,1150906,238463,1389369
2021-08-07,Puducherry,596311,150447,746758
2021-08-07,Telangana,11589795,3893872,15483667
2021-08-07,Miscellaneous,1899985,1548575,3448560
2021-08-07,Total,394378151,112432341,506810492
2021-08-08,Dadra and Nagar Haveli and Daman and Diu,581393,79477,660870
2021-08-08,Karnataka,25591995,7335688,32927683
2021-08-08,Ladakh,188426,69959,258385
2021-08-08,Rajasthan,26798140,8286045,35084185
2021-08-09,Bihar,23366654,4488385,27855039
2021-08-09,Delhi,7835664,3000596,10836260
2021-08-09,Nagaland,632129,159436,791565
2021-08-09,Punjab,8202118,2287403,10489521
2021-08-09,Tamil Nadu,20857302,4689811,25547113
2021-08-09,Miscellaneous,1900173,1549042,3449215
2021-08-10,Bihar,23504063,4521066,28025129
2021-08-10,Himachal Pradesh,4335980,1406772,5742752
2021-08-10,Madhya Pradesh,29817764,5750317,35568081
2021-08-10,Miscellaneous,1900366,1549702,3450068
2021-08-11,Andhra Pradesh,17895337,6338816,24234153
2021-08-11,Jammu and Kashmir,5408390,1520454,6928844
2021-08-11,Odisha,14412279,4312694,18724973
2021-08-11,Telangana,11746300,4025377,15771677
2021-08-12,Andaman and Nicobar Islands,223763,95987,319750
2021-08-12,Andhra Pradesh,17974583,6363489,24338072
2021-08-12,Lakshadweep,51543,17549,69092
2021-08-12,Punjab,8370767,2395047,10765814
2021-08-12,Uttar Pradesh,47516971,8822171,56339142
2021-08-13,Arunachal Pradesh,699953,198073,898026
2021-08-13,Meghalaya,964653,253208,1217861
2021-08-13,Mizoram,659610,217374,876984
2021-08-13,Nagaland,638823,167597,806420
2021-08-13,Tripura,2429343,820863,3250206
2021-08-14,Arunachal Pradesh,700995,199738,900733
2021-08-14,Goa,1112815,329909,1442724
2021-08-14,Jammu and Kashmir,5546683,1573539,7120222
2021-08-14,Jharkhand,8798962,2135071,10934033
2021-08-14,Lakshadweep,51678,17875,69553
2021-08-14,Manipur,1173886,266351,1440237
2021-08-14,Punjab,8586411,2518843,11105254
2021-08-14,Miscellaneous,1900807,1551252,3452059
2021-08-15,Arunachal Pradesh,701584,199969,901553
2021-08-15,Manipur,1174116,266494,1440610
2021-08-16,Delhi,8363219,3313053,11676272
2021-08-16,Jammu and Kashmir,5603309,1594820,7198129
2021-08-16,Meghalaya,973728,260281,1234009
2021-08-16,Nagaland,640924,171005,811929
2021-08-17,Andhra Pradesh,18967840,6653976,25621816
2021-08-17,Delhi,8478252,3355373,11833625
2021-08-17,Haryana,10765575,3329359,14094934
2021-08-17,Nagaland,642437,175040,817477
2021-08-17,Punjab,8883609,2655532,11539141
2021-08-17,Miscellaneous,1900922,1551733,3452655
2021-08-17,Total,435720056,124931974,560652030
2021-08-18,Andaman and Nicobar Islands,236656,99260,335916
2021-08-18,Assam,12367622,2611929,14979551
2021-08-18,Chhattisgarh,10317815,2924685,13242500
2021-08-18,Madhya Pradesh,32773503,6370150,39143653
2021-08-18,Sikkim,502305,162332,664637
2021-08-18,Telangana,12332154,4227316,16559470
2021-08-18,West Bengal,25622075,9611001,35233076
2021-08-19,Delhi,8686703,3429839,12116542
2021-08-19,Haryana,10994524,3438366,14432890
2021-08-19,Sikkim,502629,163327,665956
2021-08-19,Uttarakhand,5780488,1811372,7591860
2021-08-19,Miscellaneous,1901106,1552389,3453495
2021-08-20,Chhattisgarh,10400399,2993968,13394367
2021-08-20,Haryana,11079649,3482429,14562078
2021-08-20,Maharashtra,38228399,13675638,51904037
2021-08-21,Chandigarh,772137,272118,1044255
2021-08-21,Chhattisgarh,10426246,3015086,13441332
2021-08-21,Dadra and Nagar Haveli and Daman and Diu,607359,109613,716972
2021-08-21,Himachal Pradesh,5249632,1614889,6864521
2021-08-21,Uttarakhand,5882856,1844581,7727437
2021-08-21,Total,450755650,130733727,581489377
2021-08-22,Chhattisgarh,10426751,3016319,13443070
2021-08-22,Goa,1138119,366538,1504657
2021-08-22,Gujarat,32266693,10445262,42711955
2021-08-22,Sikkim,503569,164593,668162
2021-08-23,Delhi,8943199,3531692,12474891
2021-08-23,Jammu and Kashmir,5846542,1694854,7541396
2021-08-23,Lakshadweep,52100,19815,71915
2021-08-23,Punjab,9493006,2908131,12401137
2021-08-23,Tamil Nadu,23488856,5552882,29041738
2021-08-24,Chhattisgarh,10477664,3066819,13544483
2021-08-24,Haryana,11410922,3651033,15061955
2021-08-24,Jammu and Kashmir,5895229,1717652,7612881
2021-08-24,Lakshadweep,52151,20210,72361
2021-08-24,Manipur,1185332,306939,1492271
2021-08-24,West Bengal,26859543,10310410,37169953
2021-08-24,Miscellaneous,1901515,1553907,3455422
2021-08-25,Chandigarh,784984,284352,1069336
2021-08-25,Delhi,9112787,3606507,12719294
2021-08-26,Chandigarh,789037,288568,1077605
2021-08-26,Dadra and Nagar Haveli and Daman and Diu,612113,124820,736933
2021-08-26,Meghalaya,1014564,297427,1311991
2021-08-26,Tamil Nadu,24389276,5905023,30294299
2021-08-27,Chhattisgarh,10614853,3160953,13775806
2021-08-27,Himachal Pradesh,5432250,1711428,7143678
2021-08-27,Kerala,20362841,7388807,27751648
2021-08-27,Ladakh,192411,93658,286069
2021-08-27,Maharashtra,41236695,15095680,56332375
2021-08-29,Bihar,29545525,5908592,35454117
2021-08-29,Chhattisgarh,10696986,3220923,13917909
2021-08-29,Lakshadweep,52501,23147,75648
2021-08-29,Puducherry,635720,180846,816566
2021-08-29,Rajasthan,33088445,10624827,43713272
2021-08-30,Dadra and Nagar Haveli and Daman and Diu,616320,138360,754680
2021-08-30,Uttar Pradesh,60065480,11483906,71549386
2021-08-30,Uttarakhand,6414077,2006088,8420165
2021-08-31,Delhi,9657438,3861137,13518575
2021-08-31,Lakshadweep,52599,23814,76413
2021-08-31,Meghalaya,1025594,309254,1334848
2021-09-01,Bihar,32107341,6368810,38476151
2021-09-01,Nagaland,656245,206159,862404
2021-09-01,Rajasthan,34366328,11090043,45456371
2021-09-01,Sikkim,506495,168273,674768
2021-09-01,West Bengal,29905145,11709751,41614896
2021-09-02,Assam,14694863,3206303,17901166
2021-09-02,Dadra and Nagar Haveli and Daman and Diu,619337,148100,767437
2021-09-02,Delhi,9844043,3941423,13785466
2021-09-02,Gujarat,35586873,12242882,47829755
2021-09-03,Arunachal Pradesh,730607,254158,984765
2021-09-03,Jammu and Kashmir,6397430,1916913,8314343
2021-09-03,Puducherry,645991,193043,839034
2021-09-03,West Bengal,30744316,12044273,42788589
2021-09-04,Sikkim,508025,184855,692880
2021-09-04,West Bengal,31013543,12191426,43204969
2021-09-05,Arunachal Pradesh,732281,258857,991138
2021-09-05,Rajasthan,35269169,11536515,46805684
2021-09-05,West Bengal,31134891,12260296,43395187
2021-09-06,Assam,15395584,3403193,18798777
2021-09-06,Jharkhand,11196519,2894458,14090977
2021-09-06,Madhya Pradesh,40152852,9090566,49243418
2021-09-06,Meghalaya,1036431,326397,1362828
2021-09-06,Telangana,13853637,5002194,18855831
2021-09-07,Bihar,34959802,7254491,42214293
2021-09-07,Haryana,12930275,4493269,17423544
2021-09-07,Karnataka,34436659,11662618,46099277
2021-09-07,Lakshadweep,53085,27764,80849
2021-09-07,Tripura,2467497,912964,3380461
2021-09-08,Chhattisgarh,11243572,3595463,14839035
2021-09-08,Goa,1181518,471957,1653475
2021-09-08,Haryana,13055959,4551683,17607642
2021-09-08,Himachal Pradesh,5562998,1862001,7424999
2021-09-08,Jammu and Kashmir,6630328,2143338,8773666
2021-09-08,Punjab,11698998,3711958,15410956
2021-09-08,Rajasthan,36186863,12016323,48203186
2021-09-08,Uttarakhand,6875064,2254177,9129241
2021-09-09,Bihar,35689374,7429941,43119315
2021-09-09,Dadra and Nagar Haveli and Daman and Diu,625825,174558,800383
2021-09-09,Himachal Pradesh,5568613,1882314,7450927
2021-09-09,Madhya Pradesh,41083747,9536587,50620334
2021-09-09,Manipur,1205563,380246,1585809
2021-09-09,Mizoram,677321,286213,963534
2021-09-09,Puducherry,654655,208193,862848
2021-09-10,Haryana,13398963,4688704,18087667
2021-09-11,Andaman and Nicobar Islands,269519,114036,383555
2021-09-11,Andhra Pradesh,23265287,9917278,33182565
2021-09-11,Assam,16398562,3681756,20080318
2021-09-11,Chandigarh,849234,356838,1206072
2021-09-11,Goa,1183270,478525,1661795
2021-09-11,Meghalaya,1046644,358614,1405258
2021-09-11,Sikkim,510958,232971,743929
2021-09-11,Total,561101965,177105413,738207378
2021-09-12,Dadra and Nagar Haveli and Daman and Diu,627358,181598,808956
2021-09-12,Rajasthan,37204314,12598199,49802513
2021-09-12,Uttarakhand,7010409,2357835,9368244
2021-09-13,Goa,1186557,492385,1678942
2021-09-13,Manipur,1208708,392902,1601610
2021-09-14,Chhattisgarh,11518730,3789271,15308001
2021-09-14,Gujarat,38503660,14482963,52986623
2021-09-14,Jammu and Kashmir,6954599,2599694,9554293
2021-09-14,Nagaland,671315,270855,942170
2021-09-14,Tripura,2477947,1054402,3532349
2021-09-15,Delhi,10926463,4564261,15490724
2021-09-15,Gujarat,38658856,14688469,53347325
2021-09-15,Karnataka,35624096,12780026,48404122
2021-09-15,Madhya Pradesh,42636953,10323626,52960579
2021-09-15,Nagaland,672482,278526,951008
2021-09-15,Uttarakhand,7094981,2477019,9572000
2021-09-15,West Bengal,34564159,13967629,48531788
2021-09-16,Chandigarh,865083,379890,1244973
2021-09-16,Jharkhand,12301000,3357647,15658647
2021-09-16,Madhya Pradesh,43028615,10625073,53653688
2021-09-16,Maharashtra,51030168,19622589,70652757
2021-09-16,Meghalaya,1054670,389223,1443893
2021-09-16,Punjab,12999037,4194776,17193813
2021-09-17,Meghalaya,1056339,395671,1452010
2021-09-17,Nagaland,674420,290245,964665
2021-09-17,Odisha,20136451,6961071,27097522
2021-09-17,Rajasthan,39033211,13978060,53011271
2021-09-17,Telangana,15235729,5833553,21069282
2021-09-18,Chandigarh,873023,393074,1266097
2021-09-18,Dadra and Nagar Haveli and Daman and Diu,635059,216298,851357
2021-09-18,Mizoram,684563,362438,1047001
2021-09-18,Telangana,15666279,6002318,21668597
2021-09-18,Tripura,2483473,1158216,3641689
2021-09-18,Total,601046450,203325881,804372331
2021-09-19,Chandigarh,874988,396511,1271499
2021-09-19,Jharkhand,12577611,3494878,16072489
2021-09-19,Karnataka,37414550,14588418,52002968
2021-09-19,Uttarakhand,7220478,2736051,9956529
2021-09-20,Andhra Pradesh,25757902,12228899,37986801
2021-09-20,Karnataka,37564264,14775537,52339801
2021-09-20,Ladakh,201226,129257,330483
2021-09-20,Sikkim,514548,312429,826977
2021-09-20,West Bengal,36811951,14995078,51807029
2021-09-21,Chandigarh,881183,406655,1287838
2021-09-21,Haryana,15811554,5687094,21498648
2021-09-21,Kerala,24124621,10092744,34217365
2021-09-21,Madhya Pradesh,45741066,12972123,58713189
2021-09-21,Puducherry,676620,264903,941523
2021-09-22,Chandigarh,883985,412106,1296091
2021-09-22,Dadra and Nagar Haveli and Daman and Diu,638610,234786,873396
2021-09-22,Haryana,15903906,5743225,21647131
2021-09-22,Himachal Pradesh,5632996,2428302,8061298
2021-09-22,Karnataka,38178089,15540709,53718798
2021-09-22,Kerala,24235033,10198187,34433220
2021-09-22,Ladakh,202465,131059,333524
2021-09-22,Tamil Nadu,34015521,9492744,43508265
2021-09-22,Total,618513000,215477049,833990049
2021-09-23,Andaman and Nicobar Islands,287854,144530,432384
2021-09-23,Lakshadweep,54576,39315,93891
2021-09-23,Tamil Nadu,34118728,9580398,43699126
2021-09-23,Telangana,17185597,6443755,23629352
2021-09-23,Tripura,2489252,1271721,3760973
2021-09-23,West Bengal,38407873,15635624,54043497
2021-09-23,Miscellaneous,1902795,1558835,3461630
2021-09-24,Andaman and Nicobar Islands,288184,146201,434385
2021-09-24,Andhra Pradesh,26211367,12719386,38930753
2021-09-24,Ladakh,203237,132780,336017
2021-09-24,Punjab,14007615,4695696,18703311
2021-09-24,Sikkim,516877,362554,879431
2021-09-25,Chandigarh,891311,428679,1319990
2021-09-25,Dadra and Nagar Haveli and Daman and Diu,642216,255477,897693
2021-09-25,Gujarat,41251330,18160764,59412094
2021-09-25,Haryana,16219439,5982955,22202394
2021-09-25,Meghalaya,1066150,444274,1510424
2021-09-26,Assam,18150848,5276754,23427602
2021-09-26,Odisha,21650844,8065779,29716623
2021-09-26,Tripura,2491018,1304077,3795095
2021-09-27,Himachal Pradesh,5651396,2627833,8279229
2021-09-27,Lakshadweep,54767,40881,95648
2021-09-27,Madhya Pradesh,47728554,14656081,62384635
2021-09-27,Punjab,14396251,4932450,19328701
2021-09-27,West Bengal,40049336,16270043,56319379
2021-09-28,Arunachal Pradesh,753757,403423,1157180
2021-09-28,Madhya Pradesh,47890680,14749585,62640265
2021-09-28,Uttar Pradesh,85114937,20101555,105216492
2021-09-28,Total,642863561,233799929,876663490
2021-09-29,Assam,18402839,5507795,23910634
2021-09-29,Himachal Pradesh,5658695,2702531,8361226
2021-09-29,Mizoram,696273,434973,1131246
2021-09-29,Uttar Pradesh,85574378,20372369,105946747
2021-09-29,West Bengal,40720078,16540656,57260734
2021-09-30,Lakshadweep,54818,41585,96403
2021-09-30,Tripura,2495235,1387737,3882972
2021-10-01,Jharkhand,13697826,4168779,17866605
2021-10-01,Rajasthan,40556410,15823250,56379660
2021-10-01,Tamil Nadu,36169307,11353769,47523076
2021-10-02,Assam,18871986,5922576,24794562
2021-10-02,Madhya Pradesh,48601955,15326752,63928707
2021-10-02,Puducherry,704677,323093,1027770
2021-10-02,West Bengal,41772227,16934511,58706738
2021-10-02,Miscellaneous,1902970,1559989,3462959
2021-10-03,Bihar,45220954,12334898,57555852
2021-10-03,Maharashtra,58617761,25034464,83652225
2021-10-03,Manipur,1226051,494146,1720197
2021-10-03,Miscellaneous,1902970,1559989,3462959
2021-10-04,Andhra Pradesh,28257625,14396399,42654024
2021-10-04,Chandigarh,907007,465758,1372765
2021-10-04,Jharkhand,13894294,4323810,18218104
2021-10-04,Ladakh,205908,139740,345648
2021-10-04,Lakshadweep,54891,42479,97370
2021-10-04,Madhya Pradesh,48732692,15585063,64317755
2021-10-04,West Bengal,42247529,17123221,59370750
2021-10-05,Andaman and Nicobar Islands,290554,159221,449775
2021-10-05,Bihar,45878825,12817203,58696028
2021-10-05,Goa,1234383,745304,1979687
2021-10-05,Kerala,24825093,11381066,36206159
2021-10-05,Ladakh,206089,140548,346637
2021-10-05,Lakshadweep,54919,42660,97579
2021-10-05,Manipur,1228110,511788,1739898
2021-10-05,Odisha,22932463,9039027,31971490
2021-10-06,Andhra Pradesh,28376587,14568023,42944610
2021-10-06,Bihar,46198663,13049253,59247916
2021-10-06,Maharashtra,59463919,25734865,85198784
2021-10-07,Andaman and Nicobar Islands,291053,163437,454490
2021-10-07,Bihar,46325226,13155702,59480928
2021-10-07,Himachal Pradesh,5675971,2886619,8562590
2021-10-07,Lakshadweep,54946,43084,98030
2021-10-07,Madhya Pradesh,48876614,15954353,64830967
2021-10-08,Chhattisgarh,13507356,5796920,19304276
2021-10-08,Delhi,12457407,6400078,18857485
2021-10-08,Gujarat,43025529,20764371,63789900
2021-10-08,Kerala,24924423,11628129,36552552
2021-10-08,Odisha,23168409,9272712,32441121
2021-10-08,Uttar Pradesh,90623349,23898974,114522323
2021-10-08,West Bengal,45073552,17762598,62836150
2021-10-09,Haryana,17120649,6870292,23990941
2021-10-09,Jammu and Kashmir,8960608,3972577,12933185
2021-10-09,Meghalaya,1081166,522376,1603542
2021-10-10,Arunachal Pradesh,762870,465780,1228650
2021-10-10,Chhattisgarh,13614531,5933236,19547767
2021-10-10,Lakshadweep,54977,43605,98582
2021-10-10,Meghalaya,1081205,522714,1603919
2021-10-10,Punjab,15141269,5501338,20642607
2021-10-10,Tamil Nadu,38482153,13461845,51943998
2021-10-11,Assam,19676004,6490287,26166291
2021-10-11,Bihar,47101646,13989975,61091621
2021-10-11,Haryana,17182614,6947776,24130390
2021-10-11,Meghalaya,1082446,529685,1612131
2021-10-11,Miscellaneous,1903061,1561392,3464453
2021-10-12,Dadra and Nagar Haveli and Daman and Diu,653258,325814,979072
2021-10-12,Himachal Pradesh,5683050,2963727,8646777
2021-10-12,Ladakh,207249,145145,352394
2021-10-12,Mizoram,702750,479155,1181905
2021-10-12,Nagaland,697539,423478,1121017
2021-10-13,Gujarat,43784460,22235002,66019462
2021-10-13,Himachal Pradesh,5684767,2981943,8666710
2021-10-13,Jammu and Kashmir,9306206,4146183,13452389
2021-10-13,Manipur,1233828,566972,1800800
2021-10-13,Mizoram,703064,482850,1185914
2021-10-13,Sikkim,520253,420997,941250
2021-10-14,Andhra Pradesh,29888413,16445530,46333943
2021-10-14,Bihar,47228020,14168728,61396748
2021-10-14,Sikkim,520259,421181,941440
2021-10-15,Mizoram,704598,488366,1192964
2021-10-16,Assam,19712949,6558044,26270993
2021-10-16,Manipur,1236156,591429,1827585
2021-10-16,Mizoram,704939,489188,1194127
2021-10-16,Nagaland,699773,435459,1135232
2021-10-17,Andaman and Nicobar Islands,292322,174806,467128
2021-10-17,Gujarat,43983572,22851878,66835450
2021-10-17,Odisha,24178442,9929643,34108085
2021-10-17,Puducherry,719831,364876,1084707
2021-10-17,Tamil Nadu,38949685,14041549,52991234
2021-10-17,West Bengal,48240354,18285755,66526109
2021-10-18,Haryana,17441399,7373174,24814573
2021-10-18,Karnataka,40898378,20293467,61191845
2021-10-18,Kerala,25106712,12314762,37421474
2021-10-18,Madhya Pradesh,49164532,17500917,66665449
2021-10-18,Mizoram,705644,491435,1197079
2021-10-18,Nagaland,701187,444873,1146060
2021-10-18,Uttar Pradesh,93227467,26833274,120060741
2021-10-19,Chandigarh,920073,512948,1433021
2021-10-19,Jammu and Kashmir,9438569,4462611,13901180
2021-10-20,Bihar,48090370,15445914,63536284
2021-10-20,Jharkhand,14536566,4933641,19470207
2021-10-20,Meghalaya,1091815,578413,1670228
2021-10-20,Uttarakhand,7440716,3530394,10971110
2021-10-21,Goa,1251297,845692,2096989
2021-10-21,Himachal Pradesh,5696403,3150186,8846589
2021-10-21,Odisha,24751590,10370098,35121688
2021-10-21,Punjab,15651839,5924412,21576251
2021-10-21,Uttarakhand,7444669,3562557,11007226
2021-10-22,Assam,19853518,7072829,26926347
2021-10-22,Karnataka,41772114,21248322,63020436
2021-10-22,Lakshadweep,55049,45037,100086
2021-10-23,Total,715733309,305309949,1021043258
2021-10-24,Telangana,21426170,8810976,30237146
2021-10-25,Andaman and Nicobar Islands,293347,191929,485276
2021-10-25,Assam,19936468,7368858,27305326
2021-10-25,Ladakh,208413,151163,359576
2021-10-25,Manipur,1243311,662435,1905746
2021-10-25,Meghalaya,1096581,607453,1704034
2021-10-25,Punjab,15778552,6054339,21832891
2021-10-25,Miscellaneous,2237409,1563456,3800865
2021-10-26,Goa,1256323,877828,2134151
2021-10-26,Haryana,17674776,7888171,25562947
2021-10-27,Kerala,25245975,13246195,38492170
2021-10-27,Maharashtra,66397746,30347596,96745342
2021-10-27,Meghalaya,1099252,622414,1721666
2021-10-27,Odisha,25381894,11074151,36456045
2021-10-27,Rajasthan,42375460,19520022,61895482
2021-10-27,Tamil Nadu,40711031,16445973,57157004
2021-10-27,Tripura,2506782,1590910,4097692
2021-10-27,Uttarakhand,7465583,3761997,11227580
2021-10-27,West Bengal,53992006,20590859,74582865
2021-10-28,Andaman and Nicobar Islands,293776,197310,491086
2021-10-28,Kerala,25262935,13365469,38628404
2021-10-28,Nagaland,708314,484647,1192961
2021-10-28,Telangana,22027473,9405409,31432882
2021-10-29,Delhi,13013583,7364070,20377653
2021-10-29,Meghalaya,1102153,637212,1739365
2021-10-29,Odisha,25614153,11391448,37005601
2021-10-29,Uttarakhand,7473342,3844544,11317886
2021-10-29,West Bengal,55226050,21196433,76422483
2021-10-30,Andhra Pradesh,32956472,20351044,53307516
2021-10-30,Assam,20153339,8031332,28184671
2021-10-30,Haryana,17764509,8099662,25864171
2021-10-30,Jharkhand,14945612,5534160,20479772
2021-10-30,Nagaland,709360,489841,1199201
2021-10-30,Odisha,25715221,11535261,37250482
2021-10-30,Uttarakhand,7476952,3885408,11362360
2021-10-31,Andaman and Nicobar Islands,294001,200157,494158
2021-10-31,Jammu and Kashmir,9511073,5149471,14660544
2021-10-31,Maharashtra,67198794,30975692,98174486
2021-10-31,Manipur,1249436,719413,1968849
2021-10-31,Mizoram,711597,512029,1223626
2021-10-31,Nagaland,709553,490663,1200216
2021-10-31,Sikkim,521763,451509,973272
2021-10-31,Uttarakhand,7478017,3898342,11376359
2021-06-11,Bihar,9872064,1897336,11769400
2021-07-13,Bihar,16402112,2781473,19183585
2021-08-08,Tamil Nadu,20642170,4642265,25284435
2021-08-24,Tamil Nadu,23757677,5656347,29414024
2021-01-16,Dadra and Nagar Haveli and Daman and Diu,123,0,123
2021-01-16,Goa,426,0,426
2021-01-16,Kerala,8062,0,8062
2021-01-16,Lakshadweep,21,0,21
2021-01-16,Nagaland,561,0,561
2021-01-16,Uttarakhand,2276,0,2276
2021-01-18,Gujarat,10787,0,10787
2021-01-18,Uttarakhand,4237,0,4237
2021-01-19,Arunachal Pradesh,2805,0,2805
2021-01-19,Gujarat,17581,0,17581
2021-01-19,Haryana,24944,0,24944
2021-01-19,Lakshadweep,369,0,369
2021-01-19,Manipur,111,0,111
2021-01-19,Meghalaya,1037,0,1037
2021-01-19,Mizoram,1091,0,1091
2021-01-19,Puducherry,719,0,719
2021-01-19,Uttarakhand,6107,0,6107
2021-01-20,Arunachal Pradesh,3023,0,3023
2021-01-20,Haryana,30402,0,30402
2021-01-20,Himachal Pradesh,5094,0,5094
2021-01-20,Ladakh,240,0,240
2021-01-20,Lakshadweep,369,0,369
2021-01-20,Odisha,68743,0,68743
2021-01-20,Uttarakhand,6119,0,6119
2021-01-20,Total,806484,0,806484
2021-01-21,Arunachal Pradesh,4682,0,4682
2021-01-21,Gujarat,34865,0,34865
2021-01-21,Ladakh,240,0,240
2021-01-21,Rajasthan,32379,0,32379
2021-01-21,Sikkim,773,0,773
2021-01-22,Gujarat,46150,0,46150
2021-01-22,Rajasthan,43947,0,43947
2021-01-22,Tamil Nadu,51651,0,51651
2021-01-23,Assam,13881,0,13881
2021-01-23,Chhattisgarh,28732,0,28732
2021-01-23,Nagaland,3443,0,3443
2021-01-23,Uttar Pradesh,123761,0,123761
2021-01-24,Chandigarh,1502,0,1502
2021-01-24,Chhattisgarh,28732,0,28732
2021-01-24,Himachal Pradesh,13544,0,13544
2021-01-24,Karnataka,191449,0,191449
2021-01-24,Mizoram,3979,0,3979
2021-01-24,Sikkim,960,0,960
2021-01-24,Total,1615504,0,1615504
2021-01-25,Gujarat,91927,0,91927
2021-01-25,Haryana,105419,0,105419
2021-01-25,Jammu and Kashmir,16173,0,16173
2021-01-25,Rajasthan,161116,0,161116
2021-01-25,Sikkim,1047,0,1047
2021-01-26,Andaman and Nicobar Islands,2369,0,2369
2021-01-26,Jharkhand,18413,0,18413
2021-01-26,Ladakh,670,0,670
2021-01-26,Meghalaya,2748,0,2748
2021-01-26,Punjab,39418,0,39418
2021-01-26,Sikkim,1047,0,1047
2021-01-26,West Bengal,122851,0,122851
2021-01-27,Assam,19945,0,19945
2021-01-27,Delhi,39764,0,39764
2021-01-27,Ladakh,818,0,818
2021-01-27,Meghalaya,3249,0,3249
2021-01-27,Puducherry,1813,0,1813
2021-01-27,Sikkim,1320,0,1320
2021-01-27,Telangana,130425,0,130425
2021-01-27,West Bengal,158193,0,158193
2021-01-27,Miscellaneous,46325,0,46325
2021-01-27,Total,2355979,0,2355979
2021-01-28,Gujarat,162616,0,162616
2021-01-29,Andhra Pradesh,179038,0,179038
2021-01-29,Arunachal Pradesh,9265,0,9265
2021-01-29,Haryana,123935,0,123935
2021-01-29,Jharkhand,33119,0,33119
2021-01-29,Lakshadweep,746,0,746
2021-01-29,Mizoram,8497,0,8497
2021-01-29,Nagaland,3973,0,3973
2021-01-30,Haryana,125898,0,125898
2021-01-30,Himachal Pradesh,27734,0,27734
2021-01-30,Jammu and Kashmir,26634,0,26634
2021-01-30,Nagaland,3993,0,3993
2021-01-30,Tamil Nadu,105821,0,105821
2021-01-30,Uttar Pradesh,463793,0,463793
2021-01-31,Haryana,125977,0,125977
2021-01-31,Himachal Pradesh,27734,0,27734
2021-01-31,Meghalaya,4324,0,4324
2021-01-31,Mizoram,9346,0,9346
2021-01-31,Uttarakhand,31228,0,31228
2021-02-01,Bihar,184215,0,184215
2021-02-01,Dadra and Nagar Haveli and Daman and Diu,1273,0,1273
2021-02-01,Karnataka,316228,0,316228
2021-02-01,Madhya Pradesh,298376,0,298376
2021-02-02,Jammu and Kashmir,26634,0,26634
2021-02-02,Jharkhand,55671,0,55671
2021-02-02,Puducherry,3077,0,3077
2021-02-02,Miscellaneous,55606,0,55606
2021-02-03,Goa,6326,0,6326
2021-02-03,Punjab,63663,0,63663
2021-02-04,Chandigarh,4782,0,4782
2021-02-04,Ladakh,1511,0,1511
2021-02-04,Telangana,188279,0,188279
2021-02-04,Miscellaneous,58406,0,58406
2021-02-05,Arunachal Pradesh,11834,0,11834
2021-02-05,Kerala,286132,0,286132
2021-02-05,Punjab,72855,0,72855
2021-02-06,Chandigarh,5645,0,5645
2021-02-06,Haryana,139068,0,139068
2021-02-06,Ladakh,1987,0,1987
2021-02-06,Manipur,8256,0,8256
2021-02-06,Miscellaneous,62057,0,62057
2021-02-07,Andhra Pradesh,299649,0,299649
2021-02-07,Chandigarh,5645,0,5645
2021-02-07,Chhattisgarh,168881,0,168881
2021-02-07,Goa,8257,0,8257
2021-02-07,Punjab,76430,0,76430
2021-02-07,Rajasthan,460994,0,460994
2021-02-07,West Bengal,354000,0,354000
2021-02-08,Chhattisgarh,184733,0,184733
2021-02-08,Dadra and Nagar Haveli and Daman and Diu,2295,0,2295
2021-02-08,Haryana,169055,0,169055
2021-02-08,Kerala,307998,0,307998
2021-02-08,Rajasthan,487848,0,487848
2021-02-08,Uttar Pradesh,673542,0,673542
2021-02-09,Assam,108887,0,108887
2021-02-09,Chandigarh,6458,0,6458
2021-02-09,Karnataka,441692,0,441692
2021-02-10,Andaman and Nicobar Islands,3413,0,3413
2021-02-10,Arunachal Pradesh,13480,0,13480
2021-02-10,Dadra and Nagar Haveli and Daman and Diu,3356,0,3356
2021-02-12,Chhattisgarh,247745,0,247745
2021-02-12,Delhi,177439,0,177439
2021-02-12,Gujarat,667073,0,667073
2021-02-12,Haryana,194124,0,194124
2021-02-12,Maharashtra,649660,0,649660
2021-02-12,Total,7967647,0,7967647
2021-02-13,Goa,13166,517,13683
2021-02-13,Maharashtra,682420,189,682609
2021-02-13,Nagaland,9684,0,9684
2021-02-14,Delhi,189351,1856,191207
2021-02-14,Goa,13166,517,13683
2021-02-14,Sikkim,8335,0,8335
2021-02-14,Tamil Nadu,246420,1154,247574
2021-02-14,Tripura,69196,366,69562
2021-02-14,Uttar Pradesh,858602,0,858602
2021-02-14,Total,8260734,24561,8285295
2021-02-15,Haryana,201007,3977,204984
2021-02-15,Karnataka,500491,11985,512476
2021-02-15,Mizoram,12330,227,12557
2021-02-15,Rajasthan,618919,8791,627710
2021-02-15,Uttarakhand,115281,1421,116702
2021-02-15,Miscellaneous,132588,3734,136322
2021-02-16,Assam,130058,5361,135419
2021-02-16,Bihar,496988,13497,510485
2021-02-16,Karnataka,505157,28901,534058
2021-02-17,Kerala,379034,16153,395187
2021-02-17,Ladakh,3856,290,4146
2021-02-17,Punjab,112231,3051,115282
2021-02-17,Rajasthan,744741,15334,760075
2021-02-18,Chandigarh,11381,423,11804
2021-02-18,Himachal Pradesh,90908,68031,158939
2021-02-18,Mizoram,13731,1384,15115
2021-02-18,Punjab,116199,5575,121774
2021-02-18,Rajasthan,747420,15493,762913
2021-02-18,Tamil Nadu,309692,20125,329817
2021-02-19,Andhra Pradesh,398108,71707,469815
2021-02-19,Assam,147368,10164,157532
2021-02-19,Karnataka,529968,99452,629420
2021-02-19,Uttar Pradesh,1066290,85752,1152042
2021-02-20,Andaman and Nicobar Islands,4846,1306,6152
2021-02-20,Ladakh,5631,600,6231
2021-02-20,Puducherry,9251,853,10104
2021-02-20,Sikkim,11865,700,12565
2021-02-20,West Bengal,633271,49786,683057
2021-02-21,Assam,154754,11050,165804
2021-02-21,Dadra and Nagar Haveli and Daman and Diu,6674,457,7131
2021-02-21,Gujarat,822193,60925,883118
2021-02-21,Ladakh,5827,600,6427
2021-02-21,Manipur,40215,1711,41926
2021-02-21,Mizoram,14627,2241,16868
2021-02-21,Miscellaneous,309794,31778,341572
2021-02-22,Bihar,526159,56791,582950
2021-02-22,Maharashtra,916977,68978,985955
2021-02-22,Mizoram,15749,3052,18801
2021-02-22,Puducherry,9356,981,10337
2021-02-22,Sikkim,13384,775,14159
2021-02-23,Ladakh,7368,611,7979
2021-02-23,Nagaland,24985,4819,29804
2021-02-24,Arunachal Pradesh,22433,5497,27930
2021-02-24,Bihar,540315,60480,600795
2021-02-24,Chhattisgarh,366493,39390,405883
2021-02-24,Delhi,348669,29025,377694
2021-02-24,Gujarat,830565,80118,910683
2021-02-24,Manipur,46042,2190,48232
2021-02-25,Dadra and Nagar Haveli and Daman and Diu,7403,591,7994
2021-02-25,Jammu and Kashmir,230494,13391,243885
2021-02-25,Jharkhand,280339,19440,299779
2021-02-25,Nagaland,28691,5425,34116
2021-02-25,Miscellaneous,523554,40924,564478
2021-02-26,Haryana,221841,71983,293824
2021-02-26,Ladakh,9226,829,10055
2021-02-26,Odisha,460554,158267,618821
2021-02-26,Uttarakhand,142340,19446,161786
2021-02-26,Miscellaneous,581724,44020,625744
2021-02-27,Bihar,560158,79212,639370
2021-02-27,Sikkim,16951,1361,18312
2021-02-28,Bihar,560158,79212,639370
2021-02-28,Goa,18722,2072,20794
2021-02-28,Telangana,289772,130019,419791
2021-02-28,Tripura,89449,21529,110978
2021-03-01,Andhra Pradesh,541202,142431,683633
2021-03-01,Chandigarh,22424,1899,24323
2021-03-01,Lakshadweep,2410,802,3212
2021-03-01,Mizoram,22819,6694,29513
2021-03-01,Puducherry,10292,1474,11766
2021-03-01,Punjab,161361,38683,200044
2021-03-02,Jammu and Kashmir,262045,18096,280141
2021-03-02,Karnataka,619620,216730,836350
2021-03-02,Ladakh,9226,829,10055
2021-03-02,Tamil Nadu,450651,71403,522054
2021-03-03,Arunachal Pradesh,29711,7451,37162
2021-03-03,Haryana,236507,78055,314562
2021-03-03,Himachal Pradesh,106114,33984,140098
2021-03-03,Madhya Pradesh,721751,204455,926206
2021-03-04,Chandigarh,27336,2505,29841
2021-03-04,Himachal Pradesh,110698,39206,149904
2021-03-04,Punjab,191228,44470,235698
2021-03-04,Miscellaneous,971969,53551,1025520
2021-03-05,Assam,312558,45061,357619
2021-03-05,Uttarakhand,176012,49018,225030
2021-03-06,Puducherry,16536,2311,18847
2021-03-07,Andhra Pradesh,651309,182716,834025
2021-03-07,Ladakh,14599,2135,16734
2021-03-07,Lakshadweep,2638,832,3470
2021-03-07,Odisha,623512,198600,822112
2021-03-08,Meghalaya,43008,4680,47688
2021-03-08,Telangana,413824,143154,556978
2021-03-08,Miscellaneous,1167767,60574,1228341
2021-03-08,Total,18943283,4065450,23008733
2021-03-09,Andaman and Nicobar Islands,10433,3037,13470
2021-03-09,Gujarat,1709970,407287,2117257
2021-03-09,Lakshadweep,3066,902,3968
2021-03-09,Maharashtra,1783789,305357,2089146
2021-03-09,Odisha,716886,255039,971925
2021-03-09,Telangana,438673,155505,594178
2021-03-10,Chhattisgarh,614651,160112,774763
2021-03-10,Himachal Pradesh,154500,59081,213581
2021-03-10,Mizoram,41288,9799,51087
2021-03-10,Sikkim,33256,6394,39650
2021-03-10,West Bengal,1712338,313261,2025599
2021-03-11,Goa,48076,8767,56843
2021-03-11,Ladakh,25706,2725,28431
2021-03-12,Bihar,1031520,283345,1314865
2021-03-12,Ladakh,28226,2821,31047
2021-03-12,Maharashtra,2275285,378072,2653357
2021-03-13,Andhra Pradesh,844903,232910,1077813
2021-03-13,Chandigarh,44990,5602,50592
2021-03-13,Chhattisgarh,694275,191714,885989
2021-03-13,Punjab,301937,66193,368130
2021-03-13,Tamil Nadu,1240261,143923,1384184
2021-03-14,Chandigarh,45112,5602,50714
2021-03-14,Delhi,643787,117073,760860
2021-03-14,Punjab,302261,66203,368464
2021-03-14,Uttarakhand,274020,83136,357156
2021-03-15,Himachal Pradesh,188093,70197,258290
2021-03-15,Meghalaya,51606,9896,61502
2021-03-15,Odisha,952086,332435,1284521
2021-03-16,Jammu and Kashmir,440949,79347,520296
2021-03-16,Nagaland,48238,12962,61200
2021-03-16,Uttar Pradesh,2510657,632615,3143272
2021-03-17,Maharashtra,3105169,498255,3603424
2021-03-17,Rajasthan,3092635,592208,3684843
2021-03-18,Andhra Pradesh,1129714,276341,1406055
2021-03-18,Madhya Pradesh,1461627,404511,1866138
2021-03-18,Sikkim,48331,8884,57215
2021-03-18,Tamil Nadu,1655864,184205,1840069
2021-03-18,Tripura,191661,62371,254032
2021-03-19,Maharashtra,3501550,558783,4060333
2021-03-19,Manipur,80166,18747,98913
2021-03-19,Meghalaya,58503,18153,76656
2021-03-20,Bihar,1531693,386252,1917945
2021-03-20,Sikkim,51523,9742,61265
2021-03-20,Tamil Nadu,1878339,207782,2086121
2021-03-21,Madhya Pradesh,1797532,430724,2228256
2021-03-21,Manipur,81297,21061,102358
2021-03-21,Mizoram,50501,11746,62247
2021-03-21,Tripura,254907,66824,321731
2021-03-22,Andhra Pradesh,1434145,307733,1741878
2021-03-22,Dadra and Nagar Haveli and Daman and Diu,19308,3684,22992
2021-03-22,Madhya Pradesh,2194960,467674,2662634
2021-03-23,Karnataka,2456114,390230,2846344
2021-03-23,Kerala,2203867,354677,2558544
2021-03-23,Meghalaya,62690,23904,86594
2021-03-23,Mizoram,51146,12461,63607
2021-03-23,Puducherry,48623,6509,55132
2021-03-23,Sikkim,55143,11625,66768
2021-03-23,Tamil Nadu,2115424,228488,2343912
2021-03-23,Miscellaneous,1417279,380094,1797373
2021-03-24,Ladakh,39015,6146,45161
2021-03-24,Punjab,544125,92695,636820
2021-03-24,Uttar Pradesh,3878953,877846,4756799
2021-03-25,Kerala,2408804,363741,2772545
2021-03-25,Uttar Pradesh,4121612,900996,5022608
2021-03-26,Gujarat,4277895,630820,4908715
2021-03-26,Jammu and Kashmir,590661,135575,726236
2021-03-26,Manipur,85103,31121,116224
2021-03-26,Puducherry,58833,6745,65578
2021-03-26,Sikkim,60149,12160,72309
2021-03-26,Tripura,568092,75025,643117
2021-03-26,Uttarakhand,532889,116611,649500
2021-03-27,Andaman and Nicobar Islands,15989,5372,21361
2021-03-27,Chandigarh,63532,10698,74230
2021-03-27,Karnataka,2985601,415016,3400617
2021-03-27,Maharashtra,5004331,721705,5726036
2021-03-27,Mizoram,52575,13156,65731
2021-03-28,Andhra Pradesh,1981486,368793,2350279
2021-03-28,Himachal Pradesh,403332,90405,493737
2021-03-28,Uttarakhand,548314,117507,665821
2021-03-29,Andhra Pradesh,2035410,372913,2408323
2021-03-29,Chandigarh,63620,10703,74323
2021-03-29,Dadra and Nagar Haveli and Daman and Diu,22249,4039,26288
2021-03-29,Delhi,960057,237170,1197227
2021-03-29,Haryana,1172236,147164,1319400
2021-03-29,Maharashtra,5057844,724821,5782665
2021-03-29,Tamil Nadu,2611426,260087,2871513
2021-03-29,Tripura,582814,75233,658047
2021-03-29,Total,52211398,8901956,61113354
2021-03-30,Himachal Pradesh,431342,91476,522818
2021-03-30,Mizoram,52785,13527,66312
2021-03-30,Punjab,690010,102319,792329
2021-03-31,Jammu and Kashmir,656985,146839,803824
2021-03-31,Tamil Nadu,2757835,273796,3031631
2021-04-01,Assam,937673,146070,1083743
2021-04-01,Bihar,2599756,445297,3045053
2021-04-01,Chhattisgarh,1851931,325182,2177113
2021-04-01,Jammu and Kashmir,693927,151898,845825
2021-04-02,Chhattisgarh,2181661,335795,2517456
2021-04-02,Dadra and Nagar Haveli and Daman and Diu,31564,6190,37754
2021-04-02,Delhi,1156290,273623,1429913
2021-04-02,Ladakh,49210,6898,56108
2021-04-02,Nagaland,60743,23028,83771
2021-04-02,Puducherry,70647,7124,77771
2021-04-02,Rajasthan,5379570,772015,6151585
2021-04-02,Sikkim,66638,13266,79904
2021-04-02,Telangana,1148692,245427,1394119
2021-04-02,Tripura,629858,79527,709385
2021-04-03,Andaman and Nicobar Islands,18190,5242,23432
2021-04-03,Goa,112067,21751,133818
2021-04-03,West Bengal,5271541,686947,5958488
2021-04-04,Madhya Pradesh,3688501,538769,4227270
2021-04-04,Mizoram,57059,14971,72030
2021-04-04,Telangana,1233204,252272,1485476
2021-04-04,Tripura,648769,81743,730512
2021-04-05,Chhattisgarh,2765623,355118,3120741
2021-04-05,Karnataka,4330730,493047,4823777
2021-04-05,Kerala,3597752,433230,4030982
2021-04-05,Ladakh,59196,6678,65874
2021-04-05,Nagaland,62688,23533,86221
2021-04-06,Jammu and Kashmir,875779,171870,1047649
2021-04-06,Maharashtra,7708299,851018,8559317
2021-04-06,Manipur,85284,37919,123203
2021-04-07,Chhattisgarh,3058059,369790,3427849
2021-04-07,Dadra and Nagar Haveli and Daman and Diu,49028,7815,56843
2021-04-07,Lakshadweep,7566,2153,9719
2021-04-07,Punjab,1343134,135146,1478280
2021-04-07,Uttar Pradesh,6672131,1175491,7847622
2021-04-07,Miscellaneous,1531779,946322,2478101
2021-04-08,Chandigarh,89382,16433,105815
2021-04-08,Jammu and Kashmir,995441,182460,1177901
2021-04-08,Telangana,1504810,278547,1783357
2021-04-08,Tripura,698444,87417,785861
2021-04-08,Uttar Pradesh,6951956,1193205,8145161
2021-04-09,Goa,133271,28793,162064
2021-04-09,Gujarat,7749340,1024900,8774240
2021-04-10,Goa,140447,30685,171132
2021-04-10,Himachal Pradesh,837397,105435,942832
2021-04-10,Jammu and Kashmir,1095827,190736,1286563
2021-04-10,Uttar Pradesh,7255844,1238115,8493959
2021-04-11,Arunachal Pradesh,105089,30010,135099
2021-04-11,Chandigarh,99484,18671,118155
2021-04-11,Chhattisgarh,3888692,415408,4304100
2021-04-11,Ladakh,65236,8161,73397
2021-04-11,Odisha,3719357,494827,4214184
2021-04-11,Tamil Nadu,3316627,398666,3715293
2021-04-11,Uttarakhand,1127424,181457,1308881
2021-04-12,Chandigarh,103131,19810,122941
2021-04-12,Gujarat,8343790,1155076,9498866
2021-04-12,Uttarakhand,1171271,190795,1362066
2021-04-12,West Bengal,7242839,983187,8226026
2021-04-13,Assam,1274783,275330,1550113
2021-04-13,Bihar,4457751,592537,5050288
2021-04-13,Mizoram,87337,25769,113106
2021-04-13,Punjab,1836443,166494,2002937
2021-04-13,Sikkim,119163,16498,135661
2021-04-14,Goa,167525,35698,203223
2021-04-14,Jharkhand,2280764,315881,2596645
2021-04-14,Total,100179199,14314039,114493238
2021-04-15,Chandigarh,111665,22898,134563
2021-04-15,Haryana,2597444,277821,2875265
2021-04-15,Meghalaya,120725,42546,163271
2021-04-15,Tamil Nadu,3808634,515120,4323754
2021-04-16,Assam,1283012,281478,1564490
2021-04-16,Himachal Pradesh,1112734,128855,1241589
2021-04-16,Punjab,2067068,194556,2261624
2021-04-16,Tripura,756499,106159,862658
2021-04-16,Uttarakhand,1291499,227568,1519067
2021-04-17,Nagaland,108524,30527,139051
2021-04-18,Bihar,4985475,702078,5687553
2021-04-18,Chandigarh,119500,26100,145600
2021-04-18,Himachal Pradesh,1153057,136443,1289500
2021-04-18,Manipur,102997,50127,153124
2021-04-18,Odisha,4311575,618792,4930367
2021-04-18,Miscellaneous,1624617,1168963,2793580
2021-04-19,Chandigarh,122192,27795,149987
2021-04-19,Dadra and Nagar Haveli and Daman and Diu,73240,11705,84945
2021-04-19,Kerala,5299366,727439,6026805
2021-04-19,Punjab,2280439,227634,2508073
2021-04-20,Jammu and Kashmir,1492606,260671,1753277
2021-04-20,Kerala,5443585,800248,6243833
2021-04-20,Ladakh,68954,15683,84637
2021-04-20,Maharashtra,11447503,1497497,12945000
2021-04-20,Tamil Nadu,4187801,704687,4892488
2021-04-21,Dadra and Nagar Haveli and Daman and Diu,74768,12311,87079
2021-04-21,Puducherry,156991,16778,173769
2021-04-21,Punjab,2403661,254430,2658091
2021-04-21,Telangana,2965900,429225,3395125
2021-04-21,Miscellaneous,1635109,1207687,2842796
2021-04-22,Jharkhand,2512175,389844,2902019
2021-04-22,Maharashtra,11967170,1707979,13675149
2021-04-22,Tripura,799805,153939,953744
2021-04-22,West Bengal,8024983,1533949,9558932
2021-04-23,Andhra Pradesh,4464815,1090199,5555014
2021-04-23,Bihar,5416621,855125,6271746
2021-04-23,Meghalaya,152090,51281,203371
2021-04-23,Punjab,2526537,285717,2812254
2021-04-24,Chhattisgarh,4721481,602963,5324444
2021-04-24,Gujarat,9496008,1940771,11436779
2021-04-24,Himachal Pradesh,1354901,182623,1537524
2021-04-24,Kerala,5788558,1039192,6827750
2021-04-25,Goa,241453,62556,304009
2021-04-25,Himachal Pradesh,1363254,185235,1548489
2021-04-25,Meghalaya,158278,51894,210172
2021-04-25,Mizoram,170859,40378,211237
2021-04-25,Puducherry,162204,20098,182302
2021-04-26,Andaman and Nicobar Islands,89290,9819,99109
2021-04-26,Andhra Pradesh,4762101,1224721,5986822
2021-04-26,Madhya Pradesh,6988485,1003232,7991717
2021-04-26,Puducherry,163559,21608,185167
2021-04-26,Tripura,840474,226827,1067301
2021-04-26,Uttarakhand,1563590,354901,1918491
2021-04-27,Haryana,3122892,512419,3635311
2021-04-27,Ladakh,73508,30209,103717
2021-04-27,Odisha,4839305,854850,5694155
2021-04-27,Telangana,3837585,562851,4400436
2021-04-27,Uttar Pradesh,9953815,2107488,12061303
2021-04-27,Miscellaneous,1660246,1277571,2937817
2021-04-28,Karnataka,7864810,1412734,9277544
2021-04-28,Uttarakhand,1610775,379456,1990231
2021-04-29,Dadra and Nagar Haveli and Daman and Diu,78680,15468,94148
2021-04-29,Delhi,2558207,666732,3224939
2021-04-29,Nagaland,155612,39817,195429
2021-04-29,Telangana,4010945,602246,4613191
2021-04-29,West Bengal,8596500,2185636,10782136
2021-04-30,Arunachal Pradesh,187159,54324,241483
2021-04-30,Delhi,2581796,690332,3272128
2021-04-30,Ladakh,74661,33852,108513
2021-04-30,Odisha,4928831,928900,5857731
2021-05-01,Uttar Pradesh,10349479,2371315,12720794
2021-05-02,Dadra and Nagar Haveli and Daman and Diu,79890,16729,96619
2021-05-02,Haryana,3230227,566615,3796842
2021-05-02,Kerala,6069748,1356416,7426164
2021-05-02,Madhya Pradesh,7045957,1108964,8154921
2021-05-02,Tripura,909643,357419,1267062
2021-05-02,West Bengal,8692801,2373485,11066286
2021-05-03,Andhra Pradesh,5192245,1536793,6729038
2021-05-03,Puducherry,171609,30859,202468
2021-05-03,West Bengal,8712185,2530899,11243084
2021-05-04,Andhra Pradesh,5198955,1543745,6742700
2021-05-04,Bihar,6061183,1266935,7328118
2021-05-04,Rajasthan,11086073,2388375,13474448
2021-05-04,Telangana,4225048,653647,4878695
2021-05-05,Andhra Pradesh,5242484,1673973,6916457
2021-05-05,Goa,295620,77408,373028
2021-05-06,Andaman and Nicobar Islands,96017,12812,108829
2021-05-06,Kerala,6128668,1567209,7695877
2021-05-06,Puducherry,173867,36027,209894
2021-05-06,Rajasthan,11231650,2469122,13700772
2021-05-07,Sikkim,163675,53764,217439
2021-05-07,West Bengal,8755459,3030490,11785949
2021-05-08,Jammu and Kashmir,2212016,480864,2692880
2021-05-08,Lakshadweep,19955,5500,25455
2021-05-08,Tripura,928883,464774,1393657
2021-05-09,Bihar,6318173,1485064,7803237
2021-05-09,Maharashtra,14622137,3348054,17970191
2021-05-10,Chandigarh,189917,66763,256680
2021-05-10,Himachal Pradesh,1692397,379898,2072295
2021-05-10,Odisha,5044922,1247741,6292663
2021-05-10,Tamil Nadu,4872906,1714175,6587081
2021-05-11,Andaman and Nicobar Islands,98215,14015,112230
2021-05-11,Gujarat,10787729,3647949,14435678
2021-05-11,Jharkhand,2729248,616335,3345583
2021-05-11,Mizoram,233731,50260,283991
2021-05-11,Odisha,5072339,1320253,6392592
2021-05-11,Puducherry,177130,44474,221604
2021-05-11,Tamil Nadu,4902595,1759180,6661775
2021-05-11,Uttarakhand,1814212,660526,2474738
2021-05-11,Total,136619734,38616257,175235991
2021-05-12,Lakshadweep,20519,6448,26967
2021-05-12,Puducherry,177642,45919,223561
2021-05-12,Sikkim,164479,57477,221956
2021-05-12,West Bengal,8799321,3514495,12313816
2021-05-12,Miscellaneous,1697480,1391984,3089464
2021-05-13,Chhattisgarh,4966175,1015880,5982055
2021-05-13,Jammu and Kashmir,2255270,520482,2775752
2021-05-13,Maharashtra,15287399,4025544,19312943
2021-05-13,Uttar Pradesh,11280730,3112966,14393696
2021-05-14,Goa,331220,92524,423744
2021-05-14,Meghalaya,319553,73859,393412
2021-05-14,Tamil Nadu,5005098,1868492,6873590
2021-05-14,Uttar Pradesh,11391619,3177256,14568875
2021-05-15,Andaman and Nicobar Islands,99084,14910,113994
2021-05-15,Nagaland,181013,51721,232734
2021-05-15,Uttar Pradesh,11508030,3256912,14764942
2021-05-16,Punjab,3445447,702784,4148231
2021-05-16,Uttar Pradesh,11509435,3257469,14766904
2021-05-17,Andaman and Nicobar Islands,99514,14926,114440
2021-05-17,Bihar,7254529,1682392,8936921
2021-05-17,Delhi,3617488,1077528,4695016
2021-05-17,Lakshadweep,20702,6513,27215
2021-05-17,Manipur,315385,69770,385155
2021-05-17,Uttar Pradesh,11721943,3275889,14997832
2021-05-17,Uttarakhand,1969899,680224,2650123
2021-05-17,Miscellaneous,1702162,1409149,3111311
2021-05-18,Andhra Pradesh,5349866,2279714,7629580
2021-05-18,Chhattisgarh,4993070,1081314,6074384
2021-05-18,Himachal Pradesh,1792687,432884,2225571
2021-05-18,Mizoram,242712,50908,293620
2021-05-18,Punjab,3457841,706941,4164782
2021-05-18,Miscellaneous,1703718,1415896,3119614
2021-05-19,Bihar,7371620,1696450,9068070
2021-05-19,Chandigarh,218104,74202,292306
2021-05-19,Rajasthan,12486000,2992846,15478846
2021-05-20,Arunachal Pradesh,240174,77918,318092
2021-05-20,Himachal Pradesh,1870868,432961,2303829
2021-05-20,Sikkim,171353,59615,230968
2021-05-20,Tripura,1020480,506727,1527207
2021-05-20,Miscellaneous,1706694,1425899,3132593
2021-05-21,Karnataka,9301288,2600983,11902271
2021-05-21,Nagaland,195377,51843,247220
2021-05-22,Karnataka,9398118,2615897,12014015
2021-05-22,Maharashtra,16324914,4385997,20710911
2021-05-22,Odisha,5659104,1440698,7099802
2021-05-23,Andaman and Nicobar Islands,103987,15152,119139
2021-05-23,Gujarat,11596019,3919162,15515181
2021-05-23,Jharkhand,3243536,678491,3922027
2021-05-23,Karnataka,9468279,2620370,12088649
2021-05-23,Mizoram,252190,50982,303172
2021-05-23,Nagaland,195650,51845,247495
2021-05-24,Andaman and Nicobar Islands,104438,15152,119590
2021-05-24,Assam,3033982,796080,3830062
2021-05-24,Goa,396582,94709,491291
2021-05-24,Sikkim,175952,59629,235581
2021-05-24,Tamil Nadu,5507034,1966455,7473489
2021-05-24,Tripura,1052913,506924,1559837
2021-05-24,Uttarakhand,2125998,681290,2807288
2021-05-25,Chhattisgarh,5830242,1095115,6925357
2021-05-25,Dadra and Nagar Haveli and Daman and Diu,136876,25913,162789
2021-05-25,Madhya Pradesh,8412107,1763113,10175220
2021-05-25,Sikkim,177224,59633,236857
2021-05-26,Maharashtra,16920616,4431707,21352323
2021-05-26,Manipur,365745,70172,435917
2021-05-26,Meghalaya,375497,74206,449703
2021-05-27,Chhattisgarh,5856511,1097839,6954350
2021-05-27,Jharkhand,3364585,688304,4052889
2021-05-27,Karnataka,10151884,2669729,12821613
2021-05-27,Maharashtra,17181179,4458657,21639836
2021-05-27,Mizoram,257521,51070,308591
2021-05-27,Puducherry,205967,50996,256963
2021-05-27,Punjab,4165757,752357,4918114
2021-05-28,Andhra Pradesh,7075808,2412785,9488593
2021-05-28,Madhya Pradesh,8852109,1777662,10629771
2021-05-28,Meghalaya,385582,74281,459863
2021-05-28,Punjab,4180268,756550,4936818
2021-05-28,Uttar Pradesh,14243499,3424389,17667888
2021-05-28,Total,164779253,44123192,208902445
2021-05-29,Assam,3246474,827224,4073698
2021-05-29,Delhi,4138523,1203863,5342386
2021-05-29,Madhya Pradesh,9095772,1784230,10880002
2021-05-29,Rajasthan,13666242,3091104,16757346
2021-05-29,Uttar Pradesh,14542802,3449797,17992599
2021-05-30,Andaman and Nicobar Islands,108556,15166,123722
2021-05-30,Bihar,8465262,1779574,10244836
2021-05-30,Madhya Pradesh,9112557,1784434,10896991
2021-05-30,Maharashtra,17774757,4532241,22306998
2021-05-30,Nagaland,210628,51930,262558
2021-05-30,Tripura,1094440,507578,1602018
2021-05-30,Miscellaneous,1717716,1456140,3173856
2021-05-31,Arunachal Pradesh,255589,78329,333918
2021-05-31,Bihar,8514462,1791507,10305969
2021-05-31,Chhattisgarh,5892189,1105870,6998059
2021-05-31,Delhi,4185072,1224334,5409406
2021-05-31,Gujarat,12958838,4144949,17103787
2021-05-31,Jharkhand,3483409,710024,4193433
2021-05-31,Madhya Pradesh,9375056,1792248,11167304
2021-05-31,Meghalaya,391357,74340,465697
2021-05-31,Odisha,6378928,1477093,7856021
2021-05-31,Puducherry,217963,51214,269177
2021-05-31,Sikkim,179263,59661,238924
2021-06-01,Assam,3336812,837436,4174248
2021-06-01,Jammu and Kashmir,2783305,549856,3333161
2021-06-01,Madhya Pradesh,9391831,1793545,11185376
2021-06-01,Maharashtra,18216503,4616240,22832743
2021-06-01,Mizoram,265115,51144,316259
2021-06-01,Nagaland,222998,51951,274949
2021-06-01,Tamil Nadu,7185963,2049689,9235652
2021-06-02,Bihar,8607110,1812319,10419429
2021-06-02,Kerala,7572660,2103497,9676157
2021-06-02,Maharashtra,18400557,4651517,23052074
2021-06-03,Haryana,5092260,1009333,6101593
2021-06-03,Kerala,7721315,2119043,9840358
2021-06-03,Manipur,401826,70711,472537
2021-06-03,Odisha,6616809,1491547,8108356
2021-06-04,Andhra Pradesh,8128796,2567253,10696049
2021-06-04,Goa,455963,95934,551897
2021-06-04,Mizoram,271065,51215,322280
2021-06-05,Andaman and Nicobar Islands,111961,15222,127183
2021-06-05,Andhra Pradesh,8215573,2572432,10788005
2021-06-05,Arunachal Pradesh,294099,78600,372699
2021-06-05,Bihar,9077246,1839054,10916300
2021-06-05,Punjab,4464974,792977,5257951
2021-06-05,Rajasthan,14427646,3217034,17644680
2021-06-05,Tamil Nadu,7913888,2093048,10006936
2021-06-05,Uttarakhand,2337978,686962,3024940
2021-06-05,West Bengal,12083132,3940815,16023947
2021-06-05,Total,185138502,46183915,231322417
2021-06-06,Jammu and Kashmir,2908199,565694,3473893
2021-06-06,Tamil Nadu,7960545,2095831,10056376
2021-06-06,Total,186514773,46271709,232786482
2021-06-07,Nagaland,239503,52079,291582
2021-06-07,Odisha,6930830,1524319,8455149
2021-06-08,Arunachal Pradesh,311171,78725,389896
2021-06-08,Haryana,5308737,1030504,6339241
2021-06-08,Mizoram,279876,51576,331452
2021-06-08,Rajasthan,14723621,3281311,18004932
2021-06-09,Chandigarh,311657,75407,387064
2021-06-09,Jammu and Kashmir,2973516,574430,3547946
2021-06-09,West Bengal,12948388,3985843,16934231
2021-06-10,Andhra Pradesh,8875588,2604950,11480538
2021-06-10,Arunachal Pradesh,321595,78911,400506
2021-06-10,Lakshadweep,36514,7028,43542
2021-06-10,Meghalaya,407946,74647,482593
2021-06-10,Rajasthan,15513737,3308308,18822045
2021-06-10,Uttar Pradesh,18270797,3728751,21999548
2021-06-10,West Bengal,13135205,3995296,17130501
2021-06-10,Total,198511574,47574075,246085649
2021-06-11,Assam,3766639,904555,4671194
2021-06-11,Kerala,8865165,2222471,11087636
2021-06-11,Lakshadweep,37711,7039,44750
2021-06-11,Rajasthan,15956804,3321624,19278428
2021-06-11,Uttarakhand,2557107,692620,3249727
2021-06-11,Miscellaneous,1728480,1487695,3216175
2021-06-12,Delhi,4633790,1440397,6074187
2021-06-12,Karnataka,13846875,3005323,16852198
2021-06-12,Nagaland,280485,52321,332806
2021-06-13,Chandigarh,329275,75739,405014
2021-06-13,Kerala,8974431,2238447,11212878
2021-06-13,Punjab,4825739,872028,5697767
2021-06-13,Uttar Pradesh,19160094,3795916,22956010
2021-06-13,Miscellaneous,1729088,1491542,3220630
2021-06-14,Andhra Pradesh,9668857,2635559,12304416
2021-06-14,Chhattisgarh,6066094,1186837,7252931
2021-06-14,Gujarat,15960073,4607094,20567167
2021-06-14,Jharkhand,4380350,815133,5195483
2021-06-14,Lakshadweep,40876,7080,47956
2021-06-14,West Bengal,13786129,4068319,17854448
2021-06-15,Haryana,5848993,1088141,6937134
2021-06-15,Kerala,9290317,2326025,11616342
2021-06-15,Manipur,476539,71616,548155
2021-06-15,Meghalaya,455932,74776,530708
2021-06-15,Mizoram,320683,52393,373076
2021-06-15,Odisha,7490444,1682551,9172995
2021-06-15,Telangana,6959296,1352504,8311800
2021-06-16,Odisha,7611193,1719081,9330274
2021-06-16,Uttarakhand,2724296,719094,3443390
2021-06-17,Chhattisgarh,6188632,1202138,7390770
2021-06-17,Dadra and Nagar Haveli and Daman and Diu,264072,26675,290747
2021-06-17,Uttarakhand,2750630,724798,3475428
2021-06-18,Andaman and Nicobar Islands,120356,15460,135816
2021-06-18,Assam,4170576,1030596,5201172
2021-06-18,Delhi,4875003,1551300,6426303
2021-06-18,Himachal Pradesh,2353332,438298,2791630
2021-06-18,Lakshadweep,43657,7116,50773
2021-06-19,Kerala,9663449,2423008,12086457
2021-06-19,Mizoram,376028,52652,428680
2021-06-20,Dadra and Nagar Haveli and Daman and Diu,281705,26931,308636
2021-06-20,Gujarat,17261819,4818294,22080113
2021-06-20,Jammu and Kashmir,3366524,602212,3968736
2021-06-20,Meghalaya,515874,75065,590939
2021-06-20,Puducherry,362380,56089,418469
2021-06-20,Punjab,5414623,856043,6270666
2021-06-20,Tripura,1403650,538996,1942646
2021-06-21,Goa,674353,101345,775698
2021-06-21,Karnataka,16299541,3308324,19607865
2021-06-21,Kerala,9859341,2549313,12408654
2021-06-21,Sikkim,311565,59938,371503
2021-06-22,Andaman and Nicobar Islands,124713,15556,140269
2021-06-22,Goa,688489,102213,790702
2021-06-22,Haryana,6774271,1204866,7979137
2021-06-22,Sikkim,325281,59978,385259
2021-06-22,West Bengal,15223543,4413123,19636666
2021-06-22,Miscellaneous,1732133,1506662,3238795
2021-06-22,Total,241894504,52745007,294639511
2021-06-23,Arunachal Pradesh,436924,80118,517042
2021-06-23,Himachal Pradesh,2743734,440232,3183966
2021-06-23,Rajasthan,18882422,3588779,22471201
2021-06-23,Sikkim,337086,60026,397112
2021-06-23,Miscellaneous,1733415,1511796,3245211
2021-06-24,Andaman and Nicobar Islands,133497,15772,149269
2021-06-24,Andhra Pradesh,11534623,2816697,14351320
2021-06-24,Assam,5378063,1135046,6513109
2021-06-24,Gujarat,18785079,5133723,23918802
2021-06-24,Himachal Pradesh,2769119,449893,3219012
2021-06-25,Chandigarh,408647,79844,488491
2021-06-25,Delhi,5456734,1664891,7121625
2021-06-25,Himachal Pradesh,2866630,461951,3328581
2021-06-25,Jammu and Kashmir,3603415,629715,4233130
2021-06-25,Jharkhand,5409527,994750,6404277
2021-06-25,Maharashtra,24457024,5827552,30284576
2021-06-26,Andhra Pradesh,11921156,2906639,14827795
2021-06-26,Dadra and Nagar Haveli and Daman and Diu,341452,31909,373361
2021-06-26,Jammu and Kashmir,3644117,639077,4283194
2021-06-26,Kerala,10507088,2977412,13484500
2021-06-26,Manipur,530788,73048,603836
2021-06-27,Andaman and Nicobar Islands,145019,16306,161325
2021-06-27,Nagaland,407669,54869,462538
2021-06-27,Sikkim,371539,61597,433136
2021-06-27,West Bengal,16382716,4746182,21128898
2021-06-28,Bihar,13608974,2194565,15803539
2021-06-28,Punjab,6067090,988120,7055210
2021-06-28,Tripura,1926486,584819,2511305
2021-06-29,Arunachal Pradesh,496872,83739,580611
2021-06-29,Chandigarh,434020,85860,519880
2021-06-29,Delhi,5967041,1780228,7747269
2021-06-29,Himachal Pradesh,3338599,488568,3827167
2021-06-29,Jharkhand,5772132,1058567,6830699
2021-06-29,Lakshadweep,46750,7914,54664
2021-06-29,Maharashtra,25884142,6294973,32179115
2021-06-30,Arunachal Pradesh,509275,84530,593805
2021-06-30,Gujarat,20070986,5621236,25692222
2021-06-30,Himachal Pradesh,3351501,514786,3866287
2021-06-30,Jharkhand,5790247,1064300,6854547
2021-06-30,Madhya Pradesh,17917804,2396391,20314195
2021-06-30,Nagaland,440344,59874,500218
2021-07-01,Andaman and Nicobar Islands,157304,21198,178502
2021-07-01,Maharashtra,26252955,6468296,32721251
2021-07-01,Punjab,6128641,1007215,7135856
2021-07-01,Sikkim,407286,76184,483470
2021-07-01,Total,279454091,60622141,340076232
2021-07-02,Gujarat,20427347,5792629,26219976
2021-07-02,Rajasthan,20857534,4030244,24887778
2021-07-02,Miscellaneous,1736701,1523721,3260422
2021-07-03,Bihar,14727517,2396030,17123547
2021-07-03,Dadra and Nagar Haveli and Daman and Diu,418710,47632,466342
2021-07-03,Telangana,9939448,1692217,11631665
2021-07-03,Uttarakhand,3664348,863059,4527407
2021-07-03,Total,287137161,64084145,351221306
2021-07-04,Assam,6330124,1299534,7629658
2021-07-04,Dadra and Nagar Haveli and Daman and Diu,422020,48412,470432
2021-07-04,Goa,859902,130578,990480
2021-07-04,Jharkhand,6054011,1147181,7201192
2021-07-04,Kerala,11179952,3610500,14790452
2021-07-04,Madhya Pradesh,18783421,2819017,21602438
2021-07-04,Maharashtra,27181412,6894863,34076275
2021-07-04,Rajasthan,21402124,4367709,25769833
2021-07-04,Sikkim,416397,85183,501580
2021-07-04,Uttarakhand,3710393,878599,4588992
2021-07-05,Kerala,11261356,3685733,14947089
2021-07-05,Mizoram,548934,62963,611897
2021-07-05,Total,291172390,66381222,357553612
2021-07-06,Andaman and Nicobar Islands,161401,35088,196489
2021-07-06,Bihar,15047774,2480073,17527847
2021-07-06,Delhi,6543046,1955333,8498379
2021-07-06,Nagaland,478548,73648,552196
2021-07-06,Uttar Pradesh,29315028,5209652,34524680
2021-07-07,Assam,6402566,1318030,7720596
2021-07-07,Dadra and Nagar Haveli and Daman and Diu,444209,54606,498815
2021-07-07,Jharkhand,6277078,1238711,7515789
2021-07-07,Karnataka,20355148,4384445,24739593
2021-07-07,Punjab,6778624,1312896,8091520
2021-07-07,Sikkim,433003,104480,537483
2021-07-07,Tripura,2022226,626396,2648622
2021-07-07,Uttarakhand,3843931,957668,4801599
2021-07-07,Total,295889870,68957679,364847549
2021-07-08,Meghalaya,696290,93824,790114
2021-07-08,Rajasthan,21575229,4547860,26123089
2021-07-08,Uttar Pradesh,30540558,5532965,36073523
2021-07-09,Arunachal Pradesh,583283,108549,691832
2021-07-09,Madhya Pradesh,19555645,3673641,23229286
2021-07-09,Maharashtra,28386834,7588525,35975359
2021-07-09,Uttarakhand,3882097,982302,4864399
2021-07-09,West Bengal,17633337,6220264,23853601
2021-07-09,Total,300742742,71453526,372196268
2021-07-10,Madhya Pradesh,20130896,3789171,23920067
2021-07-10,Nagaland,502157,87758,589915
2021-07-10,Punjab,6842476,1341758,8184234
2021-07-10,Rajasthan,21664063,4667398,26331461
2021-07-10,Tripura,2058044,647462,2705506
2021-07-10,Total,303171498,72861088,376032586
2021-07-11,Dadra and Nagar Haveli and Daman and Diu,468934,60334,529268
2021-07-11,Goa,925118,170968,1096086
2021-07-11,Haryana,8123747,1754981,9878728
2021-07-11,Nagaland,505562,88846,594408
2021-07-11,Telangana,10422316,1987596,12409912
2021-07-11,Tripura,2060295,648572,2708867
2021-07-11,Uttarakhand,3914022,993205,4907227
2021-07-11,Total,304018852,73333649,377352501
2021-07-12,Himachal Pradesh,3427554,891773,4319327
2021-07-12,Lakshadweep,48058,11023,59081
2021-07-12,Nagaland,512320,94625,606945
2021-07-12,Sikkim,445999,124260,570259
2021-07-12,Telangana,10533402,2056708,12590110
2021-07-13,Andaman and Nicobar Islands,174389,66257,240646
2021-07-13,Arunachal Pradesh,607036,120871,727907
2021-07-13,Gujarat,21977912,6516391,28494303
2021-07-13,Mizoram,595382,103294,698676
2021-07-13,Puducherry,503132,119030,622162
2021-07-13,Miscellaneous,1740553,1533607,3274160
2021-07-14,Ladakh,184350,61717,246067
2021-07-14,Manipur,852513,94504,947017
2021-07-14,Punjab,7106538,1457346,8563884
2021-07-14,Miscellaneous,1741146,1534472,3275618
2021-07-15,Jharkhand,6620402,1398718,8019120
2021-07-15,Manipur,876837,97643,974480
2021-07-15,Meghalaya,758934,111547,870481
2021-07-15,Mizoram,604815,116269,721084
2021-07-15,Puducherry,510236,123679,633915
2021-07-15,Punjab,7124365,1463825,8588190
2021-07-15,Sikkim,455497,130608,586105
2021-07-15,Telangana,10762048,2200543,12962591
2021-07-15,Uttarakhand,3992337,1100284,5092621
2021-07-16,Andhra Pradesh,14395900,3996596,18392496
2021-07-16,Bihar,17089841,3004482,20094323
2021-07-16,Chandigarh,531740,132606,664346
2021-07-16,Jammu and Kashmir,4489837,948165,5438002
2021-07-16,Kerala,11918696,4567395,16486091
2021-07-16,Puducherry,513783,125866,639649
2021-07-16,Punjab,7230791,1537444,8768235
2021-07-17,Andaman and Nicobar Islands,180673,77199,257872
2021-07-17,Delhi,7134416,2211701,9346117
2021-07-17,Gujarat,22562614,6788579,29351193
2021-07-17,Meghalaya,777488,119748,897236
2021-07-17,Rajasthan,22827349,5515589,28342938
2021-07-18,Assam,7250360,1532179,8782539
2021-07-18,Goa,978988,211650,1190638
2021-07-18,Kerala,12021047,4683247,16704294
2021-07-18,Meghalaya,777736,119885,897621
2021-07-18,Punjab,7251374,1552932,8804306
2021-07-18,Tamil Nadu,16014736,3483035,19497771
2021-07-19,Bihar,18116037,3227229,21343266
2021-07-19,Chandigarh,549385,143843,693228
2021-07-19,Chhattisgarh,9006605,2093764,11100369
2021-07-19,Odisha,11330737,3242484,14573221
2021-07-20,Andaman and Nicobar Islands,184157,81542,265699
2021-07-20,Arunachal Pradesh,638807,145038,783845
2021-07-20,Chandigarh,554918,148571,703489
2021-07-20,Himachal Pradesh,3593645,1089926,4683571
2021-07-20,Ladakh,185298,62526,247824
2021-07-20,Manipur,965573,116575,1082148
2021-07-20,Nagaland,570016,122546,692562
2021-07-21,Delhi,7230289,2288595,9518884
2021-07-21,Madhya Pradesh,21563261,4132215,25695476
2021-07-21,Rajasthan,23538030,5908869,29446899
2021-07-22,Delhi,7252529,2314978,9567507
2021-07-22,Gujarat,23509720,7173380,30683100
2021-07-22,Lakshadweep,49304,13789,63093
2021-07-22,Meghalaya,817973,149716,967689
2021-07-22,Sikkim,477661,142048,619709
2021-07-23,Rajasthan,23882968,6234866,30117834
2021-07-24,Haryana,8795398,2187290,10982688
2021-07-24,Jammu and Kashmir,4688632,1133624,5822256
2021-07-24,Manipur,1029315,157242,1186557
2021-07-24,Nagaland,592251,135274,727525
2021-07-24,Uttar Pradesh,37180784,7209264,44390048
2021-07-24,Total,340387695,92763169,433150864
2021-07-25,Chandigarh,581613,171013,752626
2021-07-25,Ladakh,185770,63271,249041
2021-07-25,Miscellaneous,1743455,1541611,3285066
2021-07-26,Bihar,19303123,3574242,22877365
2021-07-26,Dadra and Nagar Haveli and Daman and Diu,534497,72112,606609
2021-07-26,Ladakh,186045,63689,249734
2021-07-26,Meghalaya,846505,171534,1018039
2021-07-26,Nagaland,599970,139987,739957
2021-07-26,Tripura,2246085,754341,3000426
2021-07-27,Arunachal Pradesh,661611,165286,826897
2021-07-27,Dadra and Nagar Haveli and Daman and Diu,538592,72646,611238
2021-07-27,Himachal Pradesh,3813969,1206368,5020337
2021-07-27,Jammu and Kashmir,4762465,1196522,5958987
2021-07-27,Mizoram,630725,182336,813061
2021-07-27,Nagaland,604779,142764,747543
2021-07-27,Punjab,7513755,1785137,9298892
2021-07-27,Uttar Pradesh,38287571,7429885,45717456
2021-07-28,Arunachal Pradesh,664317,167939,832256
2021-07-28,Chhattisgarh,9364017,2250601,11614618
2021-07-28,Goa,1034482,261047,1295529
2021-07-28,Sikkim,487514,146413,633927
2021-07-29,Lakshadweep,50094,15613,65707
2021-07-29,Meghalaya,873728,189469,1063197
2021-07-29,Mizoram,636054,191759,827813
2021-07-29,Odisha,12332766,3831467,16164233
2021-07-30,Chhattisgarh,9502737,2313099,11815836
2021-07-30,Nagaland,614449,148726,763175
2021-07-30,Odisha,12470540,3875372,16345912
2021-07-31,Andaman and Nicobar Islands,209696,91562,301258
2021-07-31,Delhi,7426572,2667257,10093829
2021-07-31,Lakshadweep,50400,15984,66384
2021-07-31,Manipur,1112096,205543,1317639
2021-07-31,Punjab,7738387,1965727,9704114
2021-08-01,Madhya Pradesh,27053585,5175306,32228891
2021-08-01,Meghalaya,891007,198444,1089451
2021-08-02,Karnataka,24598271,6817379,31415650
2021-08-02,Ladakh,187602,68136,255738
2021-08-02,Nagaland,620929,151394,772323
2021-08-02,Tamil Nadu,19338030,4302608,23640638
2021-08-02,Total,372626926,105917188,478544114
2021-08-03,Karnataka,24794539,6901931,31696470
2021-08-03,Odisha,13058068,4003379,17061447
2021-08-03,Tamil Nadu,19560373,4356889,23917262
2021-08-04,Chandigarh,664509,206091,870600
2021-08-04,Dadra and Nagar Haveli and Daman and Diu,568719,76092,644811
2021-08-04,Delhi,7579306,2802327,10381633
2021-08-04,Ladakh,187861,68768,256629
2021-08-04,Maharashtra,33939611,11535313,45474924
2021-08-04,Odisha,13209524,4041771,17251295
2021-08-04,Punjab,7909863,2089873,9999736
2021-08-04,Rajasthan,26006350,7953805,33960155
2021-08-04,Tripura,2393111,793578,3186689
2021-08-04,Uttarakhand,4768700,1503537,6272237
2021-08-04,Miscellaneous,1744974,1547138,3292112
2021-08-05,Delhi,7630307,2841491,10471798
2021-08-05,Goa,1076956,285241,1362197
2021-08-05,Puducherry,588669,148747,737416
2021-08-05,Punjab,7931055,2101165,10032220
2021-08-05,Total,385631050,109696545,495327595
2021-08-06,Andhra Pradesh,17319963,6070806,23390769
2021-08-06,Chhattisgarh,9900079,2548382,12448461
2021-08-06,Meghalaya,927352,221790,1149142
2021-08-06,Puducherry,592209,149524,741733
2021-08-07,Andhra Pradesh,17479763,6141743,23621506
2021-08-07,Dadra and Nagar Haveli and Daman and Diu,580321,78889,659210
2021-08-07,Ladakh,188426,69959,258385
2021-08-07,Odisha,13729615,4150724,17880339
2021-08-08,Andhra Pradesh,17533276,6167861,23701137
2021-08-08,Jammu and Kashmir,5270362,1469679,6740041
2021-08-08,Odisha,13749535,4154065,17903600
2021-08-08,Telangana,11597340,3897011,15494351
2021-08-08,Tripura,2406618,800317,3206935
2021-08-08,Uttar Pradesh,45211784,8396910,53608694
2021-08-08,Miscellaneous,1899985,1548575,3448560
2021-08-09,Odisha,13971009,4202596,18173605
2021-08-09,Puducherry,601608,151744,753352
2021-08-09,Uttarakhand,5071246,1596762,6668008
2021-08-10,Arunachal Pradesh,694525,189292,883817
2021-08-10,Delhi,7930829,3057218,10988047
2021-08-10,Goa,1098302,307364,1405666
2021-08-10,Gujarat,28535938,9139961,37675899
2021-08-10,Haryana,10152822,2974775,13127597
2021-08-10,Kerala,15759471,6442507,22201978
2021-08-10,Ladakh,188876,70779,259655
2021-08-10,Nagaland,634479,162621,797100
2021-08-10,Telangana,11714148,4019069,15733217
2021-08-11,Jharkhand,8562590,2050130,10612720
2021-08-11,Ladakh,189080,71239,260319
2021-08-11,Madhya Pradesh,30339175,5830471,36169646
2021-08-11,Uttarakhand,5243250,1646346,6889596
2021-08-12,Assam,10920874,2336262,13257136
2021-08-12,Bihar,24259346,4683508,28942854
2021-08-12,Goa,1104283,315907,1420190
2021-08-12,Himachal Pradesh,4598328,1458249,6056577
2021-08-12,Jammu and Kashmir,5463241,1541583,7004824
2021-08-12,Ladakh,189260,71671,260931
2021-08-12,Puducherry,610058,154420,764478
2021-08-13,Chhattisgarh,10127893,2768444,12896337
2021-08-13,Karnataka,26400151,7733120,34133271
2021-08-13,Rajasthan,28075505,8825627,36901132
2021-08-14,Dadra and Nagar Haveli and Daman and Diu,598356,90398,688754
2021-08-14,Haryana,10492583,3191571,13684154
2021-08-14,Madhya Pradesh,31671595,6094211,37765806
2021-08-14,Meghalaya,968883,257366,1226249
2021-08-14,Tamil Nadu,21751355,4899529,26650884
2021-08-14,Uttarakhand,5496113,1722511,7218624
2021-08-15,Andhra Pradesh,18556609,6502401,25059010
2021-08-15,Ladakh,189535,72832,262367
2021-08-15,Uttar Pradesh,48253717,9185356,57439073
2021-08-16,Bihar,25679414,4967555,30646969
2021-08-16,Maharashtra,36979429,13076064,50055493
2021-08-16,Rajasthan,28932922,9153543,38086465
2021-08-16,Uttar Pradesh,50440291,9366645,59806936
2021-08-17,Himachal Pradesh,5089044,1553369,6642413
2021-08-17,Jharkhand,9001854,2201788,11203642
2021-08-17,Kerala,18190526,6776252,24966778
2021-08-17,Ladakh,189909,74120,264029
2021-08-18,Haryana,10849600,3372839,14222439
2021-08-18,Jammu and Kashmir,5670977,1623420,7294397
2021-08-18,Meghalaya,982948,266573,1249521
2021-08-18,Puducherry,621921,161771,783692
2021-08-18,Punjab,9060240,2723110,11783350
2021-08-18,Tamil Nadu,22546418,5099903,27646321
2021-08-19,Andhra Pradesh,19235444,6810836,26046280
2021-08-19,Punjab,9214454,2790665,12005119
2021-08-19,Tamil Nadu,22725149,5163617,27888766
2021-08-19,Tripura,2441658,838627,3280285
2021-08-19,Uttar Pradesh,52669567,9731134,62400701
2021-08-19,Total,444486031,127795457,572281488
2021-08-20,Andhra Pradesh,19265167,6833681,26098848
2021-08-20,Bihar,26945537,5254012,32199549
2021-08-20,Telangana,12497174,4269682,16766856
2021-08-20,West Bengal,25986028,9751734,35737762
2021-08-20,Miscellaneous,1901106,1552389,3453495
2021-08-21,Delhi,8839662,3486620,12326282
2021-08-21,Karnataka,28187251,8572110,36759361
2021-08-21,Kerala,18871825,6861298,25733123
2021-08-22,Andaman and Nicobar Islands,238632,100172,338804
2021-08-22,Andhra Pradesh,19407158,6985274,26392432
2021-08-22,Arunachal Pradesh,710017,211521,921538
2021-08-22,Karnataka,28316291,8646776,36963067
2021-08-22,Rajasthan,30133754,9616744,39750498
2021-08-22,Tamil Nadu,23201583,5420622,28622205
2021-08-23,Assam,13029750,2797117,15826867
2021-08-23,Ladakh,190799,79877,270676
2021-08-24,Andhra Pradesh,19683430,7196957,26880387
2021-08-24,Madhya Pradesh,33599779,6605296,40205075
2021-08-24,Tripura,2450268,859674,3309942
2021-08-24,Total,460802783,134701810,595504593
2021-08-25,Goa,1148528,380937,1529465
2021-08-25,Gujarat,33117306,10890762,44008068
2021-08-25,Mizoram,668137,230835,898972
2021-08-25,Uttarakhand,6074762,1909954,7984716
2021-08-26,Andhra Pradesh,20000725,7462238,27462963
2021-08-26,Gujarat,33510367,11070444,44580811
2021-08-26,Mizoram,668821,231518,900339
2021-08-26,Odisha,16135732,5071162,21206894
2021-08-26,Sikkim,504968,166158,671126
2021-08-27,Andaman and Nicobar Islands,251619,104010,355629
2021-08-27,Bihar,29078696,5781642,34860338
2021-08-27,Chandigarh,793611,294231,1087842
2021-08-27,Goa,1154536,391811,1546347
2021-08-27,Meghalaya,1017942,300838,1318780
2021-08-27,Nagaland,652171,194035,846206
2021-08-27,Odisha,16330087,5163044,21493131
2021-08-27,Tripura,2455633,872619,3328252
2021-08-29,Andhra Pradesh,20884776,8054513,28939289
2021-08-29,Goa,1160765,406565,1567330
2021-08-29,Mizoram,669582,234012,903594
2021-08-29,Sikkim,505665,166751,672416
2021-08-30,Rajasthan,33231287,10680171,43911458
2021-08-30,Sikkim,505789,166869,672658
2021-08-31,Goa,1166207,420359,1586566
2021-08-31,Madhya Pradesh,38295478,8231890,46527368
2021-08-31,Manipur,1194502,337741,1532243
2021-08-31,Odisha,16885476,5423099,22308575
2021-09-01,Andaman and Nicobar Islands,258946,106378,365324
2021-09-01,Kerala,21402963,7878338,29281301
2021-09-01,Lakshadweep,52684,24330,77014
2021-09-01,Odisha,17083672,5519896,22603568
2021-09-01,Uttar Pradesh,62281084,11879444,74160528
2021-09-01,Uttarakhand,6545990,2054319,8600309
2021-09-02,Chhattisgarh,10927879,3377265,14305144
2021-09-02,Himachal Pradesh,5517168,1775858,7293026
2021-09-02,Maharashtra,44280493,16498057,60778550
2021-09-02,Manipur,1197186,349580,1546766
2021-09-02,Telangana,13526690,4726501,18253191
2021-09-03,Chhattisgarh,10952560,3397718,14350278
2021-09-03,Karnataka,33442347,10967475,44409822
2021-09-03,Ladakh,194853,108948,303801
2021-09-03,Punjab,10904765,3425589,14330354
2021-09-03,Uttar Pradesh,64651792,12341350,76993142
2021-09-04,Bihar,32798481,6587987,39386468
2021-09-04,Himachal Pradesh,5540141,1812443,7352584
2021-09-04,Karnataka,33637174,11157883,44795057
2021-09-04,Tripura,2464917,901086,3366003
2021-09-05,Andaman and Nicobar Islands,262193,108239,370432
2021-09-05,Jharkhand,11028928,2842558,13871486
2021-09-06,Haryana,12810564,4435777,17246341
2021-09-06,Maharashtra,46034724,17455640,63490364
2021-09-06,Mizoram,674375,253437,927812
2021-09-06,Uttarakhand,6794439,2194344,8988783
2021-09-06,Total,534715823,164346953,699062776
2021-09-07,Assam,15632623,3462349,19094972
2021-09-07,Delhi,10264809,4175368,14440177
2021-09-07,Jammu and Kashmir,6576403,2052406,8628809
2021-09-07,Kerala,22058364,8376173,30434537
2021-09-07,Rajasthan,35610155,11746858,47357013
2021-09-08,Dadra and Nagar Haveli and Daman and Diu,624788,170260,795048
2021-09-08,Delhi,10361911,4223666,14585577
2021-09-08,Jharkhand,11454993,2978895,14433888
2021-09-08,Lakshadweep,53191,28640,81831
2021-09-08,Madhya Pradesh,40761568,9398499,50160067
2021-09-08,Odisha,18558501,6089870,24648371
2021-09-08,Total,546897006,169700422,716597428
2021-09-09,Andaman and Nicobar Islands,267126,112124,379250
2021-09-09,Chhattisgarh,11257830,3610581,14868411
2021-09-09,Jammu and Kashmir,6689231,2254308,8943539
2021-09-09,Karnataka,35031340,12059283,47090623
2021-09-09,Punjab,11957909,3788391,15746300
2021-09-10,Goa,1183247,478432,1661679
2021-09-10,Jammu and Kashmir,6738608,2363725,9102333
2021-09-10,Madhya Pradesh,41306209,9613902,50920111
2021-09-10,Manipur,1206722,385144,1591866
2021-09-10,Uttarakhand,6953972,2309793,9263765
2021-09-10,West Bengal,33378808,13232946,46611754
2021-09-11,Chhattisgarh,11349866,3675544,15025410
2021-09-11,Delhi,10632504,4378313,15010817
2021-09-11,Manipur,1207332,387699,1595031
2021-09-12,Himachal Pradesh,5578530,1929028,7507558
2021-09-12,Karnataka,35233188,12295658,47528846
2021-09-12,Punjab,12290257,3912832,16203089
2021-09-12,Telangana,14225375,5310538,19535913
2021-09-12,Miscellaneous,1902403,1556776,3459179
2021-09-13,Delhi,10741515,4446113,15187628
2021-09-13,Maharashtra,49580776,18790591,68371367
2021-09-13,Telangana,14362800,5408870,19771670
2021-09-13,Uttar Pradesh,73669266,14969809,88639075
2021-09-13,Total,570511241,181727083,752238324
2021-09-14,Andaman and Nicobar Islands,275024,117136,392160
2021-09-14,Chandigarh,858220,370238,1228458
2021-09-14,Himachal Pradesh,5592174,2012238,7604412
2021-09-14,Lakshadweep,53956,34765,88721
2021-09-14,Tamil Nadu,31958019,8278912,40236931
2021-09-15,Andaman and Nicobar Islands,278794,119491,398285
2021-09-15,Andhra Pradesh,24504047,10990391,35494438
2021-09-15,Chhattisgarh,11582101,3841871,15423972
2021-09-15,Haryana,14625843,5205548,19831391
2021-09-16,Andaman and Nicobar Islands,279634,122039,401673
2021-09-16,Goa,1192294,518673,1710967
2021-09-16,Haryana,14854285,5285932,20140217
2021-09-16,Jammu and Kashmir,7060178,2713646,9773824
2021-09-16,Kerala,23402378,9501165,32903543
2021-09-16,Manipur,1212534,404012,1616546
2021-09-16,Odisha,19933714,6817439,26751153
2021-09-16,Sikkim,513528,287128,800656
2021-09-16,Telangana,14825401,5677525,20502926
2021-09-16,Tripura,2482097,1135710,3617807
2021-09-16,Uttar Pradesh,75109310,15514895,90624205
2021-09-16,Uttarakhand,7114868,2518626,9633494
2021-09-17,Kerala,23623801,9672550,33296351
2021-09-17,Madhya Pradesh,44590632,11904879,56495511
2021-09-18,Jammu and Kashmir,7169817,2852500,10022317
2021-09-18,Jharkhand,12475612,3446449,15922061
2021-09-18,Uttarakhand,7210386,2711414,9921800
2021-09-18,Miscellaneous,1902673,1558301,3460974
2021-09-19,Andaman and Nicobar Islands,286313,131393,417706
2021-09-19,Bihar,40756767,9345863,50102630
2021-09-19,Himachal Pradesh,5614837,2215899,7830736
2021-09-19,West Bengal,36177522,14735459,50912981
2021-09-20,Andaman and Nicobar Islands,286761,134854,421615
2021-09-20,Chhattisgarh,12239771,4388616,16628387
2021-09-20,Haryana,15617841,5594722,21212563
2021-09-20,Nagaland,676490,304110,980600
2021-09-21,Bihar,41759930,9764961,51524891
2021-09-21,Jammu and Kashmir,7301238,2997646,10298884
2021-09-21,Punjab,13538780,4475199,18013979
2021-09-21,Telangana,16694917,6276040,22970957
2021-09-21,Uttarakhand,7262791,2836302,10099093
2021-09-22,Delhi,11500638,5088168,16588806
2021-09-22,Goa,1207684,603513,1811197
2021-09-22,Odisha,21038022,7669038,28707060
2021-09-22,Miscellaneous,1902750,1558657,3461407
2021-09-23,Delhi,11586343,5190550,16776893
2021-09-23,Goa,1209915,615835,1825750
2021-09-23,Jharkhand,13049217,3756187,16805404
2021-09-23,Mizoram,690706,402479,1093185
2021-09-23,Nagaland,679956,326310,1006266
2021-09-23,Sikkim,516318,351985,868303
2021-09-24,Dadra and Nagar Haveli and Daman and Diu,640953,247438,888391
2021-09-24,Madhya Pradesh,46615736,13673906,60289642
2021-09-24,Tamil Nadu,34221002,9702501,43923503
2021-09-24,Miscellaneous,1902795,1558835,3461630
2021-09-25,Arunachal Pradesh,751045,383577,1134622
2021-09-25,Assam,18108928,5243412,23352340
2021-09-25,Himachal Pradesh,5646349,2576464,8222813
2021-09-25,Manipur,1219483,450816,1670299
2021-09-25,Rajasthan,39956439,14945315,54901754
2021-09-25,Tripura,2490974,1303467,3794441
2021-09-25,Uttar Pradesh,81602185,18687479,100289664
2021-09-25,Total,630831085,225250442,856081527
2021-09-26,Andaman and Nicobar Islands,288523,148108,436631
2021-09-26,Chhattisgarh,12864022,5035377,17899399
2021-09-26,Ladakh,203581,133410,336991
2021-09-26,Telangana,17963636,6743032,24706668
2021-09-26,Uttarakhand,7324133,3016086,10340219
2021-09-26,Total,633216286,226942725,860159011
2021-09-27,Goa,1220106,668230,1888336
2021-09-27,Karnataka,38647205,16273469,54920674
2021-09-27,Maharashtra,56168912,23209551,79378463
2021-09-27,Nagaland,683278,345311,1028589
2021-09-27,Rajasthan,40042426,15060224,55102650
2021-09-27,Uttar Pradesh,84271713,19671679,103943392
2021-09-28,Goa,1222366,680322,1902688
2021-09-28,Gujarat,41715024,18639015,60354039
2021-09-28,Maharashtra,56541838,23567637,80109475
2021-09-28,Mizoram,695394,426710,1122104
2021-09-28,Odisha,21802532,8210821,30013353
2021-09-28,Puducherry,697291,306555,1003846
2021-09-28,Punjab,14446728,4966852,19413580
2021-09-29,Karnataka,39176687,17038279,56214966
2021-09-29,Nagaland,685994,360879,1046873
2021-09-29,Punjab,14479337,4994027,19473364
2021-09-30,Andhra Pradesh,27390525,13706333,41096858
2021-09-30,Puducherry,701630,315709,1017339
2021-09-30,Punjab,14513164,5025021,19538185
2021-09-30,West Bengal,41082569,16682732,57765301
2021-10-01,Bihar,43585087,10858409,54443496
2021-10-01,Chhattisgarh,13131501,5338397,18469898
2021-10-01,Goa,1227878,709369,1937247
2021-10-01,Haryana,16723898,6442407,23166305
2021-10-01,Himachal Pradesh,5664849,2766701,8431550
2021-10-01,Kerala,24730901,11039135,35770036
2021-10-01,Maharashtra,58110270,24632618,82742888
2021-10-01,Mizoram,697722,445928,1143650
2021-10-02,Mizoram,697797,446502,1144299
2021-10-02,Telangana,19102459,7232051,26334510
2021-10-03,Goa,1230959,726577,1957536
2021-10-03,Jammu and Kashmir,8228957,3683377,11912334
2021-10-03,Jharkhand,13814091,4263988,18078079
2021-10-03,Mizoram,697797,446502,1144299
2021-10-03,Uttarakhand,7375336,3196381,10571717
2021-10-04,Delhi,12277728,6116365,18394093
2021-10-04,Jammu and Kashmir,8345748,3742296,12088044
2021-10-04,Karnataka,39520052,17650280,57170332
2021-10-04,Mizoram,698228,449816,1148044
2021-10-04,Nagaland,689897,382893,1072790
2021-10-04,Tripura,2497697,1431379,3929076
2021-10-05,Chandigarh,908493,469684,1378177
2021-10-05,Himachal Pradesh,5671739,2844679,8516418
2021-10-05,Jammu and Kashmir,8463351,3796583,12259934
2021-10-05,Mizoram,699126,454324,1153450
2021-10-06,Arunachal Pradesh,760413,448362,1208775
2021-10-06,Jharkhand,14038155,4428746,18466901
2021-10-06,Ladakh,206401,141131,347532
2021-10-06,Total,669549280,256819328,926368608
2021-10-07,Chhattisgarh,13454592,5729470,19184062
2021-10-07,Delhi,12417667,6332321,18749988
2021-10-07,Manipur,1229462,524365,1753827
2021-10-08,Andaman and Nicobar Islands,291239,165062,456301
2021-10-08,Andhra Pradesh,28789189,15042293,43831482
2021-10-08,Bihar,46497914,13309600,59807514
2021-10-08,Haryana,17071835,6810528,23882363
2021-10-08,Meghalaya,1080092,516659,1596751
2021-10-08,Rajasthan,41222982,16954976,58177958
2021-10-09,Chandigarh,913084,484448,1397532
2021-10-09,Odisha,23297793,9378895,32676688
2021-10-10,Bihar,46860203,13705481,60565684
2021-10-10,Gujarat,43505420,21644195,65149615
2021-10-10,West Bengal,46421169,17990275,64411444
2021-10-10,Total,683009792,268974581,951984373
2021-10-11,Andaman and Nicobar Islands,291679,168154,459833
2021-10-11,Andhra Pradesh,29271683,15701685,44973368
2021-10-11,West Bengal,46847503,18080427,64927930
2021-10-12,Delhi,12630066,6660883,19290949
2021-10-12,Meghalaya,1083870,536859,1620729
2021-10-12,Puducherry,716556,354577,1071133
2021-10-12,Tripura,2501022,1493860,3994882
2021-10-13,Delhi,12660057,6705507,19365564
2021-10-13,Puducherry,717296,356536,1073832
2021-10-14,Chandigarh,917117,498492,1415609
2021-10-14,Goa,1245269,807174,2052443
2021-10-14,Rajasthan,41731545,18023301,59754846
2021-10-14,West Bengal,47439743,18134733,65574476
2021-10-15,Andhra Pradesh,29906048,16466322,46372370
2021-10-15,Assam,19698762,6514507,26213269
2021-10-15,Bihar,47246786,14200413,61447199
2021-10-15,Chandigarh,917295,499129,1416424
2021-10-16,Chandigarh,918209,503781,1421990
2021-10-16,Haryana,17392840,7271925,24664765
2021-10-16,Jammu and Kashmir,9389776,4289607,13679383
2021-10-17,Chhattisgarh,13814495,6256057,20070552
2021-10-17,Goa,1247562,822191,2069753
2021-10-17,Haryana,17403523,7306691,24710214
2021-10-17,Manipur,1236393,592632,1829025
2021-10-17,Sikkim,520283,421718,942001
2021-10-18,Assam,19751592,6662953,26414545
2021-10-18,Maharashtra,63620214,28445763,92065977
2021-10-19,Chhattisgarh,13903455,6402341,20305796
2021-10-19,Himachal Pradesh,5693526,3110126,8803652
2021-10-19,Ladakh,207873,147661,355534
2021-10-19,Tamil Nadu,39127918,14369459,53497377
2021-10-19,Uttar Pradesh,93595314,27288718,120884032
2021-10-19,Miscellaneous,1903144,1562810,3465954
2021-10-20,Goa,1250497,840657,2091154
2021-10-20,Madhya Pradesh,49494616,17729670,67224286
2021-10-20,Miscellaneous,2237389,1563032,3800421
2021-10-21,Andhra Pradesh,31255396,17768254,49023650
2021-10-21,Arunachal Pradesh,767391,502607,1269998
2021-10-21,Jammu and Kashmir,9462229,4593908,14056137
2021-10-21,Jharkhand,14574301,4986021,19560322
2021-10-21,Madhya Pradesh,49697121,18140141,67837262
2021-10-22,Bihar,48394063,15912408,64306471
2021-10-22,Dadra and Nagar Haveli and Daman and Diu,657198,352146,1009344
2021-10-22,Nagaland,704359,464548,1168907
2021-10-22,Punjab,15688144,5961795,21649939
2021-10-22,West Bengal,51245364,19316609,70561973
2021-10-23,Jammu and Kashmir,9474394,4700559,14174953
2021-10-23,Jharkhand,14656236,5103197,19759433
2021-10-23,Madhya Pradesh,49761120,18777947,68539067
2021-10-23,Miscellaneous,2237409,1563456,3800865
2021-10-24,Andhra Pradesh,31753959,18488176,50242135
2021-10-24,Himachal Pradesh,5700451,3209812,8910263
2021-10-24,Sikkim,520981,437465,958446
2021-10-24,Tamil Nadu,40491298,16041059,56532357
2021-10-24,West Bengal,52382569,19688135,72070704
2021-10-26,Andhra Pradesh,32198637,19142897,51341534
2021-10-26,Bihar,48739077,16439324,65178401
2021-10-26,Jharkhand,14772347,5292257,20064604
2021-10-26,Meghalaya,1097819,615269,1713088
2021-10-26,Nagaland,706835,477342,1184177
2021-10-26,Punjab,15827130,6106352,21933482
2021-10-26,Rajasthan,42356089,19461588,61817677
2021-10-26,Tripura,2506405,1582868,4089273
2021-10-27,Jharkhand,14819361,5360701,20180062
2021-10-27,Karnataka,42213325,22322383,64535708
2021-10-27,Nagaland,707732,481751,1189483
2021-10-28,Delhi,12992118,7326725,20318843
2021-10-28,Himachal Pradesh,5708905,3359459,9068364
2021-10-28,Jharkhand,14856573,5418676,20275249
2021-10-28,Meghalaya,1100763,630363,1731126
2021-10-29,Telangana,22243359,9580708,31824067
2021-10-30,Andaman and Nicobar Islands,293998,200144,494142
2021-10-30,Goa,1259996,898710,2158706
2021-10-30,Rajasthan,42535510,20067963,62603473
2021-10-30,West Bengal,55982557,21500866,77483423
2021-10-30,Miscellaneous,2237446,1564623,3802069
2021-10-31,Andhra Pradesh,32976969,20375181,53352150
2021-10-31,Arunachal Pradesh,771875,534486,1306361
2021-10-31,Chandigarh,926035,546981,1473016
2021-10-31,Madhya Pradesh,49911938,20838045,70749983
2021-10-31,Rajasthan,42544909,20097635,62642544
2021-10-31,Telangana,22498559,9772398,32270957
2021-06-03,Bihar,8762804,1820872,10583676
2021-06-27,Bihar,13563128,2182032,15745160
2021-10-08,Telangana,19923954,7638237,27562191
2021-10-30,Tamil Nadu,41202107,17512557,58714664
2021-01-16,Jammu and Kashmir,2044,0,2044
2021-01-16,Meghalaya,509,0,509
2021-01-16,Mizoram,314,0,314
2021-01-16,Tripura,355,0,355
2021-01-16,West Bengal,9730,0,9730
2021-01-16,Total,191181,0,191181
2021-01-18,Dadra and Nagar Haveli and Daman and Diu,123,0,123
2021-01-18,Madhya Pradesh,18174,0,18174
2021-01-18,Odisha,46506,0,46506
2021-01-19,Assam,7418,0,7418
2021-01-19,Himachal Pradesh,5049,0,5049
2021-01-19,Jammu and Kashmir,4395,0,4395
2021-01-19,Madhya Pradesh,18174,0,18174
2021-01-19,Tripura,3734,0,3734
2021-01-20,Andhra Pradesh,91778,0,91778
2021-01-21,Bihar,63541,0,63541
2021-01-21,Chandigarh,753,0,753
2021-01-21,Goa,426,0,426
2021-01-21,Manipur,1454,0,1454
2021-01-21,Total,1043534,0,1043534
2021-01-22,Andaman and Nicobar Islands,1466,0,1466
2021-01-22,Maharashtra,74960,0,74960
2021-01-22,Mizoram,3657,0,3657
2021-01-22,Uttarakhand,10514,0,10514
2021-01-23,Himachal Pradesh,13544,0,13544
2021-01-23,Karnataka,188971,0,188971
2021-01-23,Maharashtra,99885,0,99885
2021-01-23,Manipur,2319,0,2319
2021-01-23,Puducherry,1478,0,1478
2021-01-24,Assam,13881,0,13881
2021-01-24,Nagaland,3443,0,3443
2021-01-24,Rajasthan,93525,0,93525
2021-01-24,Tripura,14252,0,14252
2021-01-24,Uttar Pradesh,123761,0,123761
2021-01-24,West Bengal,84505,0,84505
2021-01-25,Andaman and Nicobar Islands,2369,0,2369
2021-01-25,Bihar,88450,0,88450
2021-01-25,Madhya Pradesh,67083,0,67083
2021-01-25,Mizoram,4852,0,4852
2021-01-25,Puducherry,1813,0,1813
2021-01-25,Tamil Nadu,69027,0,69027
2021-01-25,Uttar Pradesh,123761,0,123761
2021-01-26,Haryana,105419,0,105419
2021-01-26,Tamil Nadu,73953,0,73953
2021-01-27,Andaman and Nicobar Islands,2385,0,2385
2021-01-27,Andhra Pradesh,163727,0,163727
2021-01-27,Arunachal Pradesh,7307,0,7307
2021-01-27,Uttarakhand,14690,0,14690
2021-01-28,Arunachal Pradesh,8656,0,8656
2021-01-28,Himachal Pradesh,18848,0,18848
2021-01-28,Jammu and Kashmir,22401,0,22401
2021-01-28,Mizoram,6728,0,6728
2021-01-28,Odisha,194058,0,194058
2021-01-28,Sikkim,1776,0,1776
2021-01-29,Himachal Pradesh,22918,0,22918
2021-01-29,Karnataka,307891,0,307891
2021-01-29,Madhya Pradesh,246181,0,246181
2021-01-29,Puducherry,2299,0,2299
2021-01-29,Total,3500027,0,3500027
2021-01-30,Delhi,56818,0,56818
2021-01-30,Gujarat,246054,0,246054
2021-01-30,Karnataka,315370,0,315370
2021-01-30,Lakshadweep,807,0,807
2021-01-30,Sikkim,2020,0,2020
2021-01-30,Miscellaneous,52120,0,52120
2021-01-31,Andhra Pradesh,187252,0,187252
2021-01-31,Gujarat,247891,0,247891
2021-01-31,Tripura,29796,0,29796
2021-01-31,Uttar Pradesh,463793,0,463793
2021-01-31,West Bengal,243143,0,243143
2021-02-01,Assam,39724,0,39724
2021-02-01,Chandigarh,3803,0,3803
2021-02-01,Chhattisgarh,76705,0,76705
2021-02-01,Delhi,64711,0,64711
2021-02-01,Manipur,4373,0,4373
2021-02-01,Punjab,59285,0,59285
2021-02-01,Miscellaneous,54019,0,54019
2021-02-02,Andhra Pradesh,187252,0,187252
2021-02-02,Goa,5422,0,5422
2021-02-02,Karnataka,316368,0,316368
2021-02-02,Mizoram,9932,0,9932
2021-02-02,Sikkim,2647,0,2647
2021-02-02,Uttarakhand,43430,0,43430
2021-02-02,West Bengal,288245,0,288245
2021-02-03,Delhi,81433,0,81433
2021-02-03,Gujarat,311251,0,311251
2021-02-03,Sikkim,3425,0,3425
2021-02-03,Tamil Nadu,133434,0,133434
2021-02-03,West Bengal,301091,0,301091
2021-02-03,Total,4449552,0,4449552
2021-02-04,Meghalaya,5469,0,5469
2021-02-04,Mizoram,10044,0,10044
2021-02-04,Odisha,234923,0,234923
2021-02-04,Uttar Pradesh,589101,0,589101
2021-02-04,West Bengal,320668,0,320668
2021-02-05,Andaman and Nicobar Islands,3161,0,3161
2021-02-05,Chhattisgarh,150487,0,150487
2021-02-05,Goa,7939,0,7939
2021-02-05,Mizoram,10555,0,10555
2021-02-05,Odisha,235680,0,235680
2021-02-05,Rajasthan,414422,0,414422
2021-02-05,West Bengal,344227,0,344227
2021-02-06,Andaman and Nicobar Islands,3161,0,3161
2021-02-06,Dadra and Nagar Haveli and Daman and Diu,2212,0,2212
2021-02-06,Madhya Pradesh,342016,0,342016
2021-02-06,Nagaland,4535,0,4535
2021-02-07,Jharkhand,106577,0,106577
2021-02-07,Karnataka,388769,0,388769
2021-02-07,Lakshadweep,839,0,839
2021-02-07,Mizoram,10937,0,10937
2021-02-07,Odisha,276323,0,276323
2021-02-07,Sikkim,5372,0,5372
2021-02-07,Telangana,209104,0,209104
2021-02-07,Uttar Pradesh,673542,0,673542
2021-02-08,Delhi,119329,0,119329
2021-02-08,Jammu and Kashmir,61035,0,61035
2021-02-08,Ladakh,2234,0,2234
2021-02-08,Lakshadweep,868,0,868
2021-02-08,Punjab,82127,0,82127
2021-02-08,Telangana,229027,0,229027
2021-02-08,Miscellaneous,63510,0,63510
2021-02-09,Himachal Pradesh,61271,0,61271
2021-02-09,Jharkhand,143401,0,143401
2021-02-09,Ladakh,2309,0,2309
2021-02-09,Nagaland,5826,0,5826
2021-02-09,Telangana,243665,0,243665
2021-02-10,Haryana,183529,0,183529
2021-02-10,Jammu and Kashmir,74219,0,74219
2021-02-10,Lakshadweep,920,0,920
2021-02-10,Odisha,361623,0,361623
2021-02-10,Puducherry,4770,0,4770
2021-02-11,Himachal Pradesh,72191,0,72191
2021-02-11,Mizoram,11046,0,11046
2021-02-11,Nagaland,8371,0,8371
2021-02-11,Odisha,383023,0,383023
2021-02-11,Tamil Nadu,211762,0,211762
2021-02-11,Uttar Pradesh,763421,0,763421
2021-02-12,Andhra Pradesh,351993,0,351993
2021-02-12,Jharkhand,188095,0,188095
2021-02-12,Manipur,19563,0,19563
2021-02-12,Odisha,399670,0,399670
2021-02-13,Assam,127566,2215,129781
2021-02-13,Karnataka,496159,0,496159
2021-02-13,Sikkim,8335,0,8335
2021-02-14,Puducherry,5953,71,6024
2021-02-14,Miscellaneous,116018,430,116448
2021-02-15,Andhra Pradesh,361814,14630,376444
2021-02-15,Arunachal Pradesh,16613,1574,18187
2021-02-15,Chhattisgarh,282031,5193,287224
2021-02-15,Lakshadweep,1776,0,1776
2021-02-15,Odisha,416756,10034,426790
2021-02-15,Puducherry,6320,193,6513
2021-02-15,Telangana,279237,14205,293442
2021-02-16,Arunachal Pradesh,16613,1574,18187
2021-02-16,Lakshadweep,1809,115,1924
2021-02-16,Meghalaya,17889,337,18226
2021-02-16,Mizoram,12330,227,12557
2021-02-16,Nagaland,15025,1209,16234
2021-02-16,Punjab,109911,2041,111952
2021-02-16,Total,8722853,276377,8999230
2021-02-17,Bihar,502903,15192,518095
2021-02-17,Goa,13692,354,14046
2021-02-17,Gujarat,699443,17801,717244
2021-02-17,Odisha,421142,18248,439390
2021-02-17,Uttar Pradesh,916568,18394,934962
2021-02-17,Uttarakhand,123656,3063,126719
2021-02-19,Goa,14386,634,15020
2021-02-19,Himachal Pradesh,92702,71322,164024
2021-02-19,Mizoram,14428,2206,16634
2021-02-19,West Bengal,609987,40989,650976
2021-02-20,Dadra and Nagar Haveli and Daman and Diu,6674,457,7131
2021-02-20,Rajasthan,782701,38358,821059
2021-02-21,Chandigarh,12953,795,13748
2021-02-21,Chhattisgarh,341251,20699,361950
2021-02-21,Rajasthan,782701,38358,821059
2021-02-21,Sikkim,11865,700,12565
2021-02-22,Chhattisgarh,350716,28186,378902
2021-02-22,Dadra and Nagar Haveli and Daman and Diu,6786,506,7292
2021-02-22,Jammu and Kashmir,210544,9315,219859
2021-02-22,Karnataka,553888,140076,693964
2021-02-22,Tamil Nadu,349527,36073,385600
2021-02-22,West Bengal,673939,69651,743590
2021-02-23,Chhattisgarh,358080,30946,389026
2021-02-23,Dadra and Nagar Haveli and Daman and Diu,6836,515,7351
2021-02-23,Delhi,334333,24762,359095
2021-02-23,Jharkhand,267556,14578,282134
2021-02-23,Odisha,447176,130470,577646
2021-02-23,Puducherry,9431,1019,10450
2021-02-23,Telangana,281382,106167,387549
2021-02-23,Total,10767198,1398400,12165598
2021-02-24,Lakshadweep,2344,639,2983
2021-02-24,Maharashtra,981359,105752,1087111
2021-02-24,Telangana,283387,106583,389970
2021-02-24,Miscellaneous,469356,39098,508454
2021-02-25,Telangana,284058,114020,398078
2021-02-26,Andaman and Nicobar Islands,6134,2422,8556
2021-02-26,Lakshadweep,2368,710,3078
2021-02-26,Nagaland,29806,5497,35303
2021-02-27,Arunachal Pradesh,25379,6741,32120
2021-02-27,Karnataka,604954,213768,818722
2021-02-27,Mizoram,21997,5659,27656
2021-02-27,Nagaland,29806,5497,35303
2021-02-27,Punjab,154449,36351,190800
2021-02-27,Uttar Pradesh,1170925,310058,1480983
2021-02-28,Chandigarh,20890,1712,22602
2021-02-28,Chhattisgarh,377834,51791,429625
2021-02-28,Delhi,372906,37053,409959
2021-02-28,Kerala,482445,104866,587311
2021-02-28,Meghalaya,30465,1726,32191
2021-02-28,West Bengal,961416,144765,1106181
2021-02-28,Total,11845075,2456191,14301266
2021-03-01,Kerala,511510,113613,625123
2021-03-01,Meghalaya,31202,1920,33122
2021-03-01,Uttarakhand,143835,21677,165512
2021-03-02,Chhattisgarh,398574,61489,460063
2021-03-02,Manipur,57280,3116,60396
2021-03-02,Odisha,499346,169152,668498
2021-03-02,Uttar Pradesh,1178302,310119,1488421
2021-03-03,Goa,26530,3971,30501
2021-03-03,Ladakh,9582,896,10478
2021-03-03,Manipur,60566,3523,64089
2021-03-04,Chhattisgarh,446330,88875,535205
2021-03-04,Goa,30473,5009,35482
2021-03-04,Haryana,251481,81934,333415
2021-03-04,Jammu and Kashmir,279250,20168,299418
2021-03-04,Madhya Pradesh,778691,220200,998891
2021-03-04,Nagaland,35222,5918,41140
2021-03-04,Telangana,340068,131942,472010
2021-03-04,Uttar Pradesh,1228226,364486,1592712
2021-03-04,Total,14796835,3208668,18005503
2021-03-05,Arunachal Pradesh,34966,8952,43918
2021-03-05,Goa,33856,5910,39766
2021-03-05,Madhya Pradesh,788184,221423,1009607
2021-03-05,Manipur,65465,4290,69755
2021-03-06,Andaman and Nicobar Islands,8977,2865,11842
2021-03-06,Himachal Pradesh,122400,45581,167981
2021-03-06,Madhya Pradesh,858101,234666,1092767
2021-03-06,Tamil Nadu,749180,97917,847097
2021-03-06,Tripura,105394,29827,135221
2021-03-06,Uttar Pradesh,1300671,411044,1711715
2021-03-06,Total,17168303,3754041,20922344
2021-03-07,Jammu and Kashmir,312827,26397,339224
2021-03-07,Kerala,835572,185422,1020994
2021-03-07,Puducherry,16536,2311,18847
2021-03-07,Rajasthan,1806825,329424,2136249
2021-03-07,Tripura,105394,29827,135221
2021-03-07,Total,17227903,3761107,20989010
2021-03-08,Bihar,822286,222083,1044369
2021-03-08,Jammu and Kashmir,333595,31206,364801
2021-03-08,Lakshadweep,2784,854,3638
2021-03-08,Madhya Pradesh,927953,248379,1176332
2021-03-09,Bihar,875735,244396,1120131
2021-03-09,Haryana,332536,100219,432755
2021-03-09,Manipur,72387,6643,79030
2021-03-09,Punjab,251631,55914,307545
2021-03-09,Tamil Nadu,925927,111897,1037824
2021-03-09,Tripura,115500,37446,152946
2021-03-10,Arunachal Pradesh,39733,10651,50384
2021-03-10,Goa,46796,7819,54615
2021-03-10,Uttarakhand,234765,69933,304698
2021-03-11,Bihar,918099,261191,1179290
2021-03-11,Chhattisgarh,618339,161209,779548
2021-03-11,Karnataka,899482,284476,1183958
2021-03-11,Madhya Pradesh,1012791,275183,1287974
2021-03-11,Nagaland,43972,9008,52980
2021-03-11,Tamil Nadu,1078862,126323,1205185
2021-03-11,Total,21435841,4729079,26164920
2021-03-12,Delhi,614404,106603,721007
2021-03-12,Mizoram,44223,10008,54231
2021-03-12,Telangana,459769,163865,623634
2021-03-12,Tripura,123437,45672,169109
2021-03-13,Assam,459599,79314,538913
2021-03-13,Ladakh,30743,2907,33650
2021-03-13,Lakshadweep,3501,1592,5093
2021-03-13,Madhya Pradesh,1138321,327284,1465605
2021-03-13,Maharashtra,2385928,397395,2783323
2021-03-13,Uttarakhand,272857,82735,355592
2021-03-14,Andhra Pradesh,844903,232910,1077813
2021-03-14,Bihar,1098054,302895,1400949
2021-03-14,Karnataka,1066365,306859,1373224
2021-03-14,Madhya Pradesh,1138321,327284,1465605
2021-03-14,Manipur,76055,10636,86691
2021-03-14,Puducherry,25487,3832,29319
2021-03-14,Tripura,125758,47732,173490
2021-03-14,Total,24452385,5455653,29908038
2021-03-15,Chhattisgarh,764514,208728,973242
2021-03-15,Gujarat,2129019,527684,2656703
2021-03-15,Maharashtra,2658293,438754,3097047
2021-03-15,Manipur,77127,12751,89878
2021-03-15,Rajasthan,2633236,472016,3105252
2021-03-16,Assam,492729,87966,580695
2021-03-16,Manipur,77819,13911,91730
2021-03-16,Punjab,345891,72780,418671
2021-03-16,Miscellaneous,1334512,149817,1484329
2021-03-17,Arunachal Pradesh,48684,13484,62168
2021-03-17,Chhattisgarh,879589,234912,1114501
2021-03-17,Meghalaya,54971,13539,68510
2021-03-17,Uttarakhand,339854,97213,437067
2021-03-17,Miscellaneous,1351329,175943,1527272
2021-03-18,Chandigarh,52481,7669,60150
2021-03-18,Haryana,702840,129113,831953
2021-03-18,Rajasthan,3131450,607287,3738737
2021-03-18,Uttarakhand,366801,101592,468393
2021-03-18,Miscellaneous,1366369,206444,1572813
2021-03-18,Total,32426230,6913587,39339817
2021-03-19,Assam,529704,98114,627818
2021-03-19,Delhi,764919,172577,937496
2021-03-19,Goa,73840,12544,86384
2021-03-19,Karnataka,1923165,361034,2284199
2021-03-19,Mizoram,50055,11564,61619
2021-03-19,Nagaland,51428,15925,67353
2021-03-20,Himachal Pradesh,283251,83251,366502
2021-03-20,Jharkhand,680446,192742,873188
2021-03-20,Kerala,1962681,334495,2297176
2021-03-20,Meghalaya,59169,19385,78554
2021-03-20,Rajasthan,3624232,649981,4274213
2021-03-20,Telangana,692820,202526,895346
2021-03-21,Arunachal Pradesh,54050,15869,69919
2021-03-21,Goa,76489,13019,89508
2021-03-21,Himachal Pradesh,284645,83353,367998
2021-03-21,Rajasthan,3637514,651387,4288901
2021-03-21,Miscellaneous,1390280,278151,1668431
2021-03-22,Assam,568778,109881,678659
2021-03-22,Chandigarh,57257,8956,66213
2021-03-22,Karnataka,2347603,382853,2730456
2021-03-22,Ladakh,38476,5794,44270
2021-03-22,Lakshadweep,4264,2029,6293
2021-03-22,Uttarakhand,439317,110284,549601
2021-03-23,Haryana,1058744,141735,1200479
2021-03-24,Himachal Pradesh,325647,87548,413195
2021-03-24,Sikkim,56855,11907,68762
2021-03-24,Tripura,411819,72178,483997
2021-03-25,Assam,798627,127723,926350
2021-03-25,Nagaland,58818,21651,80469
2021-03-25,Sikkim,58474,12049,70523
2021-03-25,Telangana,866810,221499,1088309
2021-03-25,Uttarakhand,508638,115457,624095
2021-03-26,Assam,854733,132071,986804
2021-03-26,Madhya Pradesh,2593674,484999,3078673
2021-03-27,Delhi,959715,237160,1196875
2021-03-27,Haryana,1171027,147158,1318185
2021-03-27,Jammu and Kashmir,612275,139347,751622
2021-03-27,Punjab,630437,98693,729130
2021-03-27,Tamil Nadu,2498283,253345,2751628
2021-03-28,Assam,870902,133346,1004248
2021-03-28,Chandigarh,63620,10703,74323
2021-03-28,Karnataka,3000838,415341,3416179
2021-03-28,Meghalaya,68243,28183,96426
2021-03-28,Mizoram,52575,13156,65731
2021-03-28,Puducherry,61157,6823,67980
2021-03-28,Rajasthan,4806418,677766,5484184
2021-03-28,Telangana,950014,225462,1175476
2021-03-28,Tripura,582814,75233,658047
2021-03-28,Miscellaneous,1468271,598754,2067025
2021-03-28,Total,51660234,8870201,60530435
2021-03-29,Gujarat,4628511,634395,5262906
2021-03-29,Kerala,2805410,376210,3181620
2021-03-29,Puducherry,63209,6915,70124
2021-03-29,West Bengal,4250981,637644,4888625
2021-03-29,Miscellaneous,1468477,600796,2069273
2021-03-30,Assam,901311,137991,1039302
2021-03-30,Goa,95243,17411,112654
2021-03-30,Jammu and Kashmir,656985,146839,803824
2021-03-30,Manipur,86044,33529,119573
2021-03-30,Uttar Pradesh,4417459,910960,5328419
2021-03-30,Uttarakhand,563392,119615,683007
2021-03-30,Total,53989035,9065318,63054353
2021-03-31,Kerala,3015107,386811,3401918
2021-03-31,Lakshadweep,4829,2130,6959
2021-03-31,Mizoram,52859,13807,66666
2021-03-31,Punjab,736424,106024,842448
2021-03-31,Telangana,1066073,229741,1295814
2021-04-01,Arunachal Pradesh,71504,21655,93159
2021-04-01,Chandigarh,68995,12085,81080
2021-04-01,Goa,100899,19506,120405
2021-04-01,Haryana,1544298,157502,1701800
2021-04-01,Odisha,2190790,423393,2614183
2021-04-02,Arunachal Pradesh,77143,23083,100226
2021-04-03,Chandigarh,75037,13626,88663
2021-04-03,Chhattisgarh,2351463,342599,2694062
2021-04-03,Dadra and Nagar Haveli and Daman and Diu,34854,6496,41350
2021-04-03,Manipur,84338,34307,118645
2021-04-03,Meghalaya,87064,34455,121519
2021-04-03,Odisha,2426177,397133,2823310
2021-04-04,Haryana,1644625,159605,1804230
2021-04-04,Kerala,3462664,421560,3884224
2021-04-04,Nagaland,60909,23222,84131
2021-04-04,Punjab,1129011,123537,1252548
2021-04-04,West Bengal,5416000,696805,6112805
2021-04-05,Haryana,1748000,165936,1913936
2021-04-05,Himachal Pradesh,577594,93382,670976
2021-04-05,Lakshadweep,6303,1893,8196
2021-04-05,Total,72277309,10833617,83110926
2021-04-06,Haryana,1832652,170337,2002989
2021-04-06,Lakshadweep,7036,2016,9052
2021-04-06,Meghalaya,91294,34942,126236
2021-04-07,Delhi,1481156,318250,1799406
2021-04-07,Gujarat,7224754,922935,8147689
2021-04-07,Puducherry,79262,8319,87581
2021-04-07,Tripura,682191,84838,767029
2021-04-07,Total,78763027,11435646,90198673
2021-04-08,Andaman and Nicobar Islands,25396,5403,30799
2021-04-08,Himachal Pradesh,741610,100199,841809
2021-04-08,Madhya Pradesh,4651144,583500,5234644
2021-04-08,Mizoram,67481,19506,86987
2021-04-08,Odisha,3317085,452068,3769153
2021-04-08,West Bengal,6465955,846739,7312694
2021-04-09,Haryana,2025153,187429,2212582
2021-04-09,Karnataka,5242211,546969,5789180
2021-04-09,Tripura,713357,89811,803168
2021-04-09,Miscellaneous,1583314,1023973,2607287
2021-04-09,Total,85763852,12311308,98075160
2021-04-10,Andaman and Nicobar Islands,29877,5570,35447
2021-04-10,Maharashtra,8970148,953386,9923534
2021-04-10,Manipur,88817,43387,132204
2021-04-10,Nagaland,75334,26146,101480
2021-04-11,Andaman and Nicobar Islands,32059,5612,37671
2021-04-11,Bihar,4191596,556630,4748226
2021-04-11,Delhi,1780624,365116,2145740
2021-04-11,Maharashtra,9220610,971743,10192353
2021-04-11,Mizoram,73847,22010,95857
2021-04-11,Puducherry,93816,9730,103546
2021-04-11,Punjab,1691144,154115,1845259
2021-04-12,Delhi,1855516,380411,2235927
2021-04-12,Haryana,2308382,218312,2526694
2021-04-12,Kerala,4571678,526506,5098184
2021-04-12,Manipur,92517,45162,137679
2021-04-12,Odisha,3843843,512252,4356095
2021-04-12,Sikkim,110175,15949,126124
2021-04-12,Telangana,1982661,309468,2292129
2021-04-13,Andhra Pradesh,3383763,534766,3918529
2021-04-13,Karnataka,5848203,598274,6446477
2021-04-13,Maharashtra,9718039,1035908,10753947
2021-04-13,Nagaland,92503,28351,120854
2021-04-13,Miscellaneous,1604430,1101365,2705795
2021-04-14,Andaman and Nicobar Islands,49657,5941,55598
2021-04-14,Chandigarh,108803,21577,130380
2021-04-14,Telangana,2129830,323126,2452956
2021-04-15,Andhra Pradesh,4004003,593574,4597577
2021-04-15,Bihar,4717948,638186,5356134
2021-04-15,Rajasthan,9095197,1265134,10360331
2021-04-15,Total,102349255,14874254,117223509
2021-04-16,Lakshadweep,13655,2931,16586
2021-04-16,Manipur,99928,48707,148635
2021-04-17,Lakshadweep,14259,2992,17251
2021-04-17,Manipur,102125,50010,152135
2021-04-17,Telangana,2585616,367294,2952910
2021-04-17,Tripura,766319,114048,880367
2021-04-17,West Bengal,7577349,1162724,8740073
2021-04-18,Ladakh,67185,10672,77857
2021-04-18,Lakshadweep,15125,3099,18224
2021-04-18,Nagaland,109570,30536,140106
2021-04-18,Uttarakhand,1326582,241590,1568172
2021-04-19,Karnataka,6711272,832053,7543325
2021-04-19,Ladakh,67732,12863,80595
2021-04-19,Odisha,4413360,659405,5072765
2021-04-19,Tamil Nadu,4147880,666782,4814662
2021-04-20,Andhra Pradesh,4234813,692923,4927736
2021-04-20,Chandigarh,124937,29647,154584
2021-04-20,Manipur,109889,52228,162117
2021-04-20,Rajasthan,9828519,1622618,11451137
2021-04-20,Miscellaneous,1634519,1205819,2840338
2021-04-21,Andhra Pradesh,4257224,711280,4968504
2021-04-21,Arunachal Pradesh,148714,41786,190500
2021-04-21,Lakshadweep,16259,3527,19786
2021-04-21,Manipur,114375,53179,167554
2021-04-21,Sikkim,147787,24678,172465
2021-04-21,Uttar Pradesh,9450086,1809660,11259746
2021-04-22,Assam,1510540,390299,1900839
2021-04-22,Bihar,5345938,825555,6171493
2021-04-22,Chandigarh,130884,32988,163872
2021-04-22,Chhattisgarh,4643298,569966,5213264
2021-04-22,Jammu and Kashmir,1577017,279978,1856995
2021-04-22,Kerala,5603437,900680,6504117
2021-04-22,Sikkim,149884,27276,177160
2021-04-23,Goa,230436,59251,289687
2021-04-24,Maharashtra,12327006,1903207,14230213
2021-04-24,Nagaland,137230,35047,172277
2021-04-24,Odisha,4733735,793337,5527072
2021-04-25,Dadra and Nagar Haveli and Daman and Diu,76905,13545,90450
2021-04-25,Tamil Nadu,4388488,962896,5351384
2021-04-26,Kerala,5885342,1106058,6991400
2021-04-26,Maharashtra,12768755,2137788,14906543
2021-04-26,Manipur,135061,57219,192280
2021-04-26,Nagaland,141444,36752,178196
2021-04-26,Odisha,4791100,826957,5618057
2021-04-26,Tamil Nadu,4440851,1043782,5484633
2021-04-26,Uttar Pradesh,9883945,2063783,11947728
2021-04-27,Goa,256198,67029,323227
2021-04-27,Lakshadweep,18018,3947,21965
2021-04-27,Punjab,2779390,352241,3131631
2021-04-27,Total,122930008,24897359,147827367
2021-04-28,Chandigarh,151928,44127,196055
2021-04-28,Chhattisgarh,4807765,661947,5469712
2021-04-28,Delhi,2512517,635401,3147918
2021-04-28,Gujarat,9787790,2267073,12054863
2021-04-28,Haryana,3148162,528007,3676169
2021-04-28,Meghalaya,202369,56629,258998
2021-04-28,Tripura,866472,274202,1140674
2021-04-29,Chhattisgarh,4823964,683619,5507583
2021-04-29,Gujarat,9874554,2378124,12252678
2021-04-29,Maharashtra,13360594,2510559,15871153
2021-04-29,Puducherry,167670,26214,193884
2021-04-30,Tripura,898932,338806,1237738
2021-05-01,Meghalaya,237337,60630,297967
2021-05-01,Tamil Nadu,4683293,1362335,6045628
2021-05-01,Telangana,4158702,630248,4788950
2021-05-02,Arunachal Pradesh,190516,56066,246582
2021-05-02,Assam,2033507,556769,2590276
2021-05-02,Jammu and Kashmir,2027655,387799,2415454
2021-05-02,Ladakh,75063,34631,109694
2021-05-02,Punjab,3047712,450811,3498523
2021-05-02,Uttarakhand,1674216,427663,2101879
2021-05-03,Chandigarh,168366,51789,220155
2021-05-03,Gujarat,10228418,2722190,12950608
2021-05-03,Maharashtra,13736214,2685938,16422152
2021-05-03,Tamil Nadu,4705715,1417446,6123161
2021-05-03,Telangana,4177282,637119,4814401
2021-05-03,Uttar Pradesh,10420459,2444846,12865305
2021-05-04,Chhattisgarh,4904625,800988,5705613
2021-05-04,Jammu and Kashmir,2086235,411593,2497828
2021-05-04,Ladakh,77203,35581,112784
2021-05-04,Tripura,915984,385274,1301258
2021-05-05,Bihar,6105905,1324259,7430164
2021-05-05,Jharkhand,2675223,529807,3205030
2021-05-05,Ladakh,79168,35889,115057
2021-05-05,Madhya Pradesh,7087932,1269485,8357417
2021-05-05,Meghalaya,256409,64304,320713
2021-05-05,Mizoram,225105,45887,270992
2021-05-05,Puducherry,173041,33951,206992
2021-05-05,Tripura,918570,401043,1319613
2021-05-05,Uttar Pradesh,10590061,2585264,13175325
2021-05-05,Uttarakhand,1698434,484551,2182985
2021-05-06,Karnataka,8406980,1845420,10252400
2021-05-06,Lakshadweep,19838,5108,24946
2021-05-06,Meghalaya,263467,65907,329374
2021-05-07,Arunachal Pradesh,204766,67424,272190
2021-05-07,Chhattisgarh,4926238,865210,5791448
2021-05-07,Haryana,3504875,684732,4189607
2021-05-07,Odisha,5011769,1082478,6094247
2021-05-07,Tamil Nadu,4814633,1608046,6422679
2021-05-08,Arunachal Pradesh,206638,69838,276476
2021-05-08,Dadra and Nagar Haveli and Daman and Diu,82064,20770,102834
2021-05-08,Kerala,6169344,1764559,7933903
2021-05-08,Mizoram,230871,46989,277860
2021-05-08,Rajasthan,11370196,2649328,14019524
2021-05-09,Arunachal Pradesh,207216,70509,277725
2021-05-09,Gujarat,10636530,3289086,13925616
2021-05-09,Karnataka,8477264,2049657,10526921
2021-05-09,Ladakh,82919,36490,119409
2021-05-09,Manipur,263115,66896,330011
2021-05-10,Chhattisgarh,4941032,927490,5868522
2021-05-10,Jharkhand,2717923,596007,3313930
2021-05-10,Manipur,272944,68017,340961
2021-05-10,Puducherry,176524,42730,219254
2021-05-10,Total,135494474,37215592,172710066
2021-05-11,Chandigarh,192703,68712,261415
2021-05-11,Punjab,3354318,669413,4023731
2021-05-12,Gujarat,10860213,3715416,14575629
2021-05-12,Karnataka,8599750,2305369,10905119
2021-05-12,Kerala,6227392,1927844,8155236
2021-05-12,Ladakh,84923,37003,121926
2021-05-13,Arunachal Pradesh,214480,77223,291703
2021-05-13,Delhi,3360072,1007326,4367398
2021-05-13,Goa,325994,90824,416818
2021-05-13,Tripura,939723,502556,1442279
2021-05-13,Miscellaneous,1699273,1397541,3096814
2021-05-14,Assam,2556805,726365,3283170
2021-05-14,Chhattisgarh,4973490,1048742,6022232
2021-05-14,Delhi,3364123,1008618,4372741
2021-05-14,Gujarat,10978124,3821613,14799737
2021-05-14,Haryana,3865314,895230,4760544
2021-05-14,Karnataka,8659073,2406768,11065841
2021-05-15,Assam,2609305,729717,3339022
2021-05-15,Goa,340203,94196,434399
2021-05-15,Gujarat,11009944,3822778,14832722
2021-05-15,Himachal Pradesh,1744944,432563,2177507
2021-05-15,West Bengal,8846834,3714322,12561156
2021-05-15,Miscellaneous,1699273,1397541,3096814
2021-05-15,Total,119960676,35857301,182220164
2021-05-16,Bihar,7148062,1676244,8824306
2021-05-16,Chhattisgarh,4983782,1078265,6062047
2021-05-16,Delhi,3523829,1057950,4581779
2021-05-16,Haryana,3946312,910016,4856328
2021-05-16,Maharashtra,15512475,4220839,19733314
2021-05-16,Nagaland,181266,51728,232994
2021-05-16,Puducherry,180976,50429,231405
2021-05-17,Andhra Pradesh,5344541,2224905,7569446
2021-05-17,Haryana,4005701,913102,4918803
2021-05-17,Total,142428227,42024922,184453149
2021-05-18,Meghalaya,339301,74091,413392
2021-05-18,Odisha,5327488,1417510,6744998
2021-05-18,Puducherry,182786,50641,233427
2021-05-18,Sikkim,166701,59610,226311
2021-05-19,Chhattisgarh,4997711,1082817,6080528
2021-05-19,Ladakh,89337,37256,126593
2021-05-19,Madhya Pradesh,7594466,1724085,9318551
2021-05-20,Lakshadweep,22186,6872,29058
2021-05-20,Telangana,4452048,1070313,5522361
2021-05-21,Chandigarh,231897,74413,306310
2021-05-21,Jharkhand,3164290,674849,3839139
2021-05-21,Maharashtra,16222952,4364605,20587557
2021-05-21,Meghalaya,355598,74146,429744
2021-05-21,Tripura,1027700,506752,1534452
2021-05-21,Uttar Pradesh,12699287,3329388,16028675
2021-05-22,Goa,389208,94659,483867
2021-05-22,Gujarat,11503498,3897285,15400783
2021-05-22,Lakshadweep,23057,6920,29977
2021-05-22,Nagaland,195477,51845,247322
2021-05-22,Tripura,1044024,506794,1550818
2021-05-23,Rajasthan,13003735,3030032,16033767
2021-05-24,Jharkhand,3291555,681065,3972620
2021-05-24,Ladakh,96799,37263,134062
2021-05-24,Nagaland,201514,51849,253363
2021-05-24,Puducherry,197946,50889,248835
2021-05-24,Punjab,4076224,735870,4812094
2021-05-24,Rajasthan,13143982,3039768,16183750
2021-05-25,Gujarat,11930254,3967609,15897863
2021-05-25,Tamil Nadu,5679909,1970591,7650500
2021-05-26,Chandigarh,250116,74697,324813
2021-05-26,Uttarakhand,2155996,681803,2837799
2021-05-26,West Bengal,9717657,3836569,13554226
2021-05-26,Miscellaneous,1714125,1446279,3160404
2021-05-27,Himachal Pradesh,1971768,433299,2405067
2021-05-27,Lakshadweep,24487,6938,31425
2021-05-27,Odisha,6024028,1453617,7477645
2021-05-27,Rajasthan,13361360,3064986,16426346
2021-05-27,Sikkim,179062,59635,238697
2021-05-27,Tripura,1062996,507211,1570207
2021-05-27,West Bengal,9886306,3842006,13728312
2021-05-28,Dadra and Nagar Haveli and Daman and Diu,154694,25951,180645
2021-05-28,Jharkhand,3391076,693382,4084458
2021-05-29,Bihar,8430150,1773194,10203344
2021-05-29,Haryana,4815133,988326,5803459
2021-05-29,Odisha,6236232,1470637,7706869
2021-05-29,Tamil Nadu,6782968,2013165,8796133
2021-05-30,Manipur,380866,70337,451203
2021-05-30,Sikkim,179179,59653,238832
2021-05-30,Uttarakhand,2217786,683288,2901074
2021-05-31,Assam,3304145,833156,4137301
2021-05-31,Jammu and Kashmir,2754337,546074,3300411
2021-05-31,Karnataka,10924013,2753565,13677578
2021-05-31,Nagaland,216970,51942,268912
2021-05-31,Uttarakhand,2234626,683922,2918548
2021-05-31,Total,171200166,44846472,216046638
2021-06-01,Chandigarh,280190,74933,355123
2021-06-01,Dadra and Nagar Haveli and Daman and Diu,175957,25990,201947
2021-06-01,Jharkhand,3511232,715016,4226248
2021-06-01,Manipur,391758,70520,462278
2021-06-01,Odisha,6477001,1483088,7960089
2021-06-01,Sikkim,179311,59673,238984
2021-06-01,West Bengal,11071085,3893629,14964714
2021-06-02,Chhattisgarh,5901876,1117039,7018915
2021-06-02,Dadra and Nagar Haveli and Daman and Diu,181604,26005,207609
2021-06-02,Haryana,5021542,1004697,6026239
2021-06-02,Ladakh,130679,37295,167974
2021-06-03,Goa,448098,95603,543701
2021-06-03,Tripura,1116702,507852,1624554
2021-06-03,Uttar Pradesh,15869421,3561731,19431152
2021-06-03,West Bengal,11511500,3915428,15426928
2021-06-04,Bihar,8938004,1830578,10768582
2021-06-04,Maharashtra,18940778,4727545,23668323
2021-06-04,Odisha,6700223,1498077,8198300
2021-06-04,Rajasthan,14288985,3190408,17479393
2021-06-04,Uttarakhand,2301283,686353,2987636
2021-06-05,Goa,467373,96246,563619
2021-06-05,Ladakh,140354,37306,177660
2021-06-06,Andaman and Nicobar Islands,111969,15222,127191
2021-06-06,Andhra Pradesh,8275784,2576273,10852057
2021-06-06,Jharkhand,3802739,742801,4545540
2021-06-06,Kerala,8096639,2160135,10256774
2021-06-06,Lakshadweep,32074,6971,39045
2021-06-06,Uttar Pradesh,16625016,3628984,20254000
2021-06-06,Uttarakhand,2361977,687405,3049382
2021-06-06,West Bengal,12198576,3942887,16141463
2021-06-07,Chandigarh,307859,75225,383084
2021-06-07,Chhattisgarh,5980265,1135792,7116057
2021-06-07,Dadra and Nagar Haveli and Daman and Diu,203098,26083,229181
2021-06-07,Haryana,5267430,1025177,6292607
2021-06-07,Rajasthan,14587044,3256747,17843791
2021-06-07,Telangana,5539018,1310592,6849610
2021-06-07,Uttarakhand,2395248,688565,3083813
2021-06-07,West Bengal,12482843,3960543,16443386
2021-06-07,Total,189595747,46602979,236198726
2021-06-08,Andaman and Nicobar Islands,112875,15276,128151
2021-06-08,Jharkhand,3911567,754948,4666515
2021-06-08,Maharashtra,19748461,4932788,24681249
2021-06-08,Tamil Nadu,8060098,2107162,10167260
2021-06-09,Andhra Pradesh,8627811,2596769,11224580
2021-06-09,Haryana,5392205,1034755,6426960
2021-06-09,Punjab,4625706,805969,5431675
2021-06-10,Dadra and Nagar Haveli and Daman and Diu,218847,26194,245041
2021-06-10,Jharkhand,4032279,765855,4798134
2021-06-10,Madhya Pradesh,11869735,1891192,13760927
2021-06-10,Miscellaneous,1727657,1484920,3212577
2021-06-11,Andaman and Nicobar Islands,114829,15319,130148
2021-06-11,Andhra Pradesh,9066361,2610233,11676594
2021-06-11,Himachal Pradesh,2140648,435642,2576290
2021-06-11,Karnataka,13571091,2979262,16550353
2021-06-11,Manipur,463537,71407,534944
2021-06-11,Tamil Nadu,8203122,2122163,10325285
2021-06-12,Haryana,5673819,1061823,6735642
2021-06-12,Jharkhand,4205847,785402,4991249
2021-06-12,Ladakh,153676,37375,191051
2021-06-12,Lakshadweep,39097,7063,46160
2021-06-12,Mizoram,291725,52319,344044
2021-06-13,Andaman and Nicobar Islands,115688,15348,131036
2021-06-13,Assam,3878327,928155,4806482
2021-06-13,Ladakh,153677,37375,191052
2021-06-13,Madhya Pradesh,11979616,1950285,13929901
2021-06-13,Odisha,7344019,1631043,8975062
2021-06-13,Puducherry,273909,52877,326786
2021-06-13,Uttarakhand,2620670,698506,3319176
2021-06-14,Delhi,4687323,1463616,6150939
2021-06-14,Maharashtra,20995275,5233018,26228293
2021-06-14,Odisha,7398819,1653991,9052810
2021-06-14,Miscellaneous,1729682,1494722,3224404
2021-06-15,Andhra Pradesh,9748174,2640218,12388392
2021-06-15,Gujarat,16189423,4640786,20830209
2021-06-15,Jharkhand,4436818,830603,5267421
2021-06-15,Maharashtra,21198464,5281293,26479757
2021-06-16,Andaman and Nicobar Islands,118493,15413,133906
2021-06-16,Andhra Pradesh,9776531,2643539,12420070
2021-06-16,Jharkhand,4495466,845079,5340545
2021-06-16,Kerala,9367028,2358420,11725448
2021-06-16,Manipur,482392,71698,554090
2021-06-16,Uttar Pradesh,20292946,3910074,24203020
2021-06-17,Chandigarh,355583,76392,431975
2021-06-17,Meghalaya,488028,74925,562953
2021-06-17,Odisha,7728962,1749729,9478691
2021-06-17,Sikkim,271881,59876,331757
2021-06-18,Goa,626029,100182,726211
2021-06-18,Jharkhand,4653432,875889,5529321
2021-06-18,Tamil Nadu,9872488,2231555,12104043
2021-06-18,Total,221901281,50487502,272388783
2021-06-19,Dadra and Nagar Haveli and Daman and Diu,281381,26912,308293
2021-06-19,Jharkhand,4755110,893460,5648570
2021-06-19,Ladakh,161804,37470,199274
2021-06-19,Manipur,493011,72119,565130
2021-06-19,Puducherry,354065,55872,409937
2021-06-19,Tripura,1382756,536998,1919754
2021-06-19,West Bengal,14662623,4258178,18920801
2021-06-19,Total,225687086,51006486,276693572
2021-06-20,Chandigarh,375774,77035,452809
2021-06-20,Madhya Pradesh,12958379,2053576,15011955
2021-06-20,Rajasthan,17801747,3428930,21230677
2021-06-20,Uttar Pradesh,21569948,4023450,25593398
2021-06-20,Miscellaneous,1731546,1504011,3235557
2021-06-21,Himachal Pradesh,2478161,440202,2918363
2021-06-21,Telangana,7907825,1394386,9302211
2021-06-21,Total,236681488,52084713,288766201
2021-06-22,Assam,4877830,1102926,5980756
2021-06-22,Maharashtra,23036805,5608738,28645543
2021-06-22,Manipur,503959,72370,576329
2021-06-22,Mizoram,420398,52862,473260
2021-06-22,Odisha,8555664,1866959,10422623
2021-06-22,Rajasthan,18552992,3545678,22098670
2021-06-22,Tamil Nadu,11064602,2311335,13375937
2021-06-23,Andhra Pradesh,11315609,2758924,14074533
2021-06-23,Uttar Pradesh,23877037,4140430,28017467
2021-06-23,Uttarakhand,3175155,745556,3920711
2021-06-23,Total,248224925,53401103,301626028
2021-06-24,Chhattisgarh,6835243,1307769,8143012
2021-06-24,Goa,713332,104121,817453
2021-06-24,Maharashtra,23993590,5730047,29723637
2021-06-24,Puducherry,401601,60285,461886
2021-06-24,Punjab,5757250,907022,6664272
2021-06-25,Andhra Pradesh,11681705,2844212,14525917
2021-06-25,Odisha,9329423,1967738,11297161
2021-06-26,Andaman and Nicobar Islands,143336,16301,159637
2021-06-26,Arunachal Pradesh,470285,81339,551624
2021-06-26,Haryana,7132868,1298060,8430928
2021-06-26,Ladakh,168673,47338,216011
2021-06-26,Total,265384559,56375518,321760077
2021-06-27,Goa,762730,108743,871473
2021-06-27,Karnataka,18196699,3554331,21751030
2021-06-27,Meghalaya,587788,76522,664310
2021-06-27,Punjab,6030088,978243,7008331
2021-06-27,Total,266933878,56729419,323663297
2021-06-28,Andhra Pradesh,12120128,2974695,15094823
2021-06-28,Dadra and Nagar Haveli and Daman and Diu,359949,35525,395474
2021-06-28,Himachal Pradesh,3187720,479217,3666937
2021-06-28,Jammu and Kashmir,3759152,658346,4417498
2021-06-28,Jharkhand,5725171,1045915,6771086
2021-06-28,Ladakh,169423,51712,221135
2021-06-28,Madhya Pradesh,17899027,2392384,20291411
2021-06-28,Tamil Nadu,12718488,2514570,15233058
2021-06-29,Assam,5785198,1223549,7008747
2021-06-29,Dadra and Nagar Haveli and Daman and Diu,372895,37884,410779
2021-06-29,Goa,800268,113745,914013
2021-06-29,Puducherry,434340,65565,499905
2021-06-29,Rajasthan,20635133,3914073,24549206
2021-06-29,Tripura,1946161,590952,2537113
2021-06-29,Uttar Pradesh,26741158,4468894,31210052
2021-06-30,Andaman and Nicobar Islands,156470,19823,176293
2021-06-30,Chhattisgarh,7926420,1600677,9527097
2021-06-30,Meghalaya,619745,79481,699226
2021-06-30,Mizoram,518686,54369,573055
2021-06-30,Puducherry,440326,67068,507394
2021-06-30,Uttar Pradesh,26792830,4488619,31281449
2021-06-30,Miscellaneous,1736281,1521424,3257705
2021-07-01,Assam,5958059,1249746,7207805
2021-07-01,Dadra and Nagar Haveli and Daman and Diu,397945,42423,440368
2021-07-01,Puducherry,445115,68346,513461
2021-07-02,Punjab,6149284,1018375,7167659
2021-07-02,Total,282743449,61867842,344611291
2021-07-03,Andhra Pradesh,13172967,3268484,16441451
2021-07-03,Arunachal Pradesh,534374,89461,623835
2021-07-03,Chandigarh,456634,94952,551586
2021-07-03,Ladakh,173803,58330,232133
2021-07-03,Manipur,643887,75690,719577
2021-07-03,Mizoram,540569,59673,600242
2021-07-03,Miscellaneous,1736809,1524557,3261366
2021-07-04,Bihar,14837000,2420710,17257710
2021-07-04,Haryana,7840075,1569705,9409780
2021-07-04,Himachal Pradesh,3378319,607686,3986005
2021-07-04,Ladakh,174447,58348,232795
2021-07-04,Uttar Pradesh,27802597,4826538,32629135
2021-07-04,Total,288323682,64568364,352892046
2021-07-05,Andaman and Nicobar Islands,160298,29266,189564
2021-07-05,Andhra Pradesh,13264680,3317584,16582264
2021-07-05,Assam,6380471,1309982,7690453
2021-07-05,Lakshadweep,47243,8963,56206
2021-07-05,Odisha,10221766,2370621,12592387
2021-07-05,Rajasthan,21436674,4384950,25821624
2021-07-05,Sikkim,423173,92194,515367
2021-07-06,Meghalaya,674909,88768,763677
2021-07-06,Odisha,10421760,2505430,12927190
2021-07-06,Total,293706832,67616716,361323548
2021-07-07,Andaman and Nicobar Islands,162375,40529,202904
2021-07-07,Andhra Pradesh,13322361,3354510,16676871
2021-07-07,Delhi,6554851,1965905,8520756
2021-07-07,Ladakh,178128,60177,238305
2021-07-08,Chandigarh,479535,107119,586654
2021-07-08,Dadra and Nagar Haveli and Daman and Diu,450924,56128,507052
2021-07-08,Nagaland,492727,82677,575404
2021-07-08,Uttarakhand,3865593,970930,4836523
2021-07-09,Chandigarh,483886,110610,594496
2021-07-09,Karnataka,20709400,4567725,25277125
2021-07-09,Lakshadweep,47830,10455,58285
2021-07-09,Puducherry,473917,100944,574861
2021-07-09,Telangana,10353234,1919742,12272976
2021-07-10,Telangana,10417619,1977578,12395197
2021-07-10,West Bengal,17705276,6363044,24068320
2021-07-11,Madhya Pradesh,20143924,3791057,23934981
2021-07-11,Maharashtra,28703564,7822426,36525990
2021-07-11,Mizoram,583639,88062,671701
2021-07-12,Goa,935700,178081,1113781
2021-07-12,Maharashtra,28982589,8042207,37024796
2021-07-12,Uttar Pradesh,31759463,5939597,37699060
2021-07-12,West Bengal,17798492,6558807,24357299
2021-07-13,Chandigarh,515329,123378,638707
2021-07-13,Chhattisgarh,8674092,1879369,10553461
2021-07-13,Delhi,6957233,2131485,9088718
2021-07-13,Madhya Pradesh,20345753,3818260,24164013
2021-07-13,Meghalaya,737304,103914,841218
2021-07-13,Tripura,2103011,667511,2770522
2021-07-14,Goa,954703,190273,1144976
2021-07-14,Karnataka,21531799,4953534,26485333
2021-07-14,Maharashtra,29557739,8366620,37924359
2021-07-14,Odisha,10995438,2821725,13817163
2021-07-14,Sikkim,451037,125587,576624
2021-07-14,Telangana,10707196,2133726,12840922
2021-07-15,Andaman and Nicobar Islands,178777,72480,251257
2021-07-15,Arunachal Pradesh,617911,129122,747033
2021-07-15,Tamil Nadu,15444736,3287279,18732015
2021-07-16,Dadra and Nagar Haveli and Daman and Diu,505781,65426,571207
2021-07-16,Tamil Nadu,15657545,3374362,19031907
2021-07-16,Uttar Pradesh,33523481,6412237,39935718
2021-07-17,Arunachal Pradesh,627397,136454,763851
2021-07-17,Chandigarh,538909,137245,676154
2021-07-17,Manipur,923130,104020,1027150
2021-07-17,West Bengal,18540767,7460076,26000843
2021-07-17,Miscellaneous,1742335,1537622,3279957
2021-07-18,Chandigarh,544177,140240,684417
2021-07-18,Jammu and Kashmir,4544747,991028,5535775
2021-07-18,Rajasthan,23104608,5624046,28728654
2021-07-18,Tripura,2141163,692737,2833900
2021-07-18,Miscellaneous,1742335,1537622,3279957
2021-07-19,Jharkhand,6849074,1500637,8349711
2021-07-19,Sikkim,465924,136777,602701
2021-07-20,Madhya Pradesh,21562031,4130311,25692342
2021-07-20,Puducherry,527972,132046,660018
2021-07-21,Assam,7532422,1595903,9128325
2021-07-21,Karnataka,22399673,5557994,27957667
2021-07-21,Lakshadweep,49276,13713,62989
2021-07-21,Mizoram,621330,152596,773926
2021-07-21,Telangana,10961028,2556298,13517326
2021-07-22,Jharkhand,6981004,1559806,8540810
2021-07-22,Maharashtra,30922439,9499007,40421446
2021-07-22,Puducherry,533037,134481,667518
2021-07-22,Telangana,11025840,2673867,13699707
2021-07-22,Uttar Pradesh,35835165,6961973,42797138
2021-07-23,Delhi,7268264,2335433,9603697
2021-07-23,Jammu and Kashmir,4646398,1088967,5735365
2021-07-23,Maharashtra,31160321,9695962,40856283
2021-07-24,Arunachal Pradesh,653436,159286,812722
2021-07-24,Chandigarh,576913,168213,745126
2021-07-24,Dadra and Nagar Haveli and Daman and Diu,530221,71351,601572
2021-07-24,Madhya Pradesh,23291062,4548830,27839892
2021-07-24,Telangana,11070117,2940869,14010986
2021-07-25,Bihar,19024124,3501453,22525577
2021-07-25,Chhattisgarh,9255247,2204614,11459861
2021-07-25,Dadra and Nagar Haveli and Daman and Diu,531085,71518,602603
2021-07-25,Delhi,7296521,2387695,9684216
2021-07-25,Goa,1016952,248432,1265384
2021-07-25,Gujarat,24208110,7431320,31639430
2021-07-25,Meghalaya,836298,164387,1000685
2021-07-25,Mizoram,626660,171640,798300
2021-07-25,Rajasthan,23957916,6417943,30375859
2021-07-26,Andaman and Nicobar Islands,195082,87884,282966
2021-07-26,Goa,1023685,253371,1277056
2021-07-26,Tamil Nadu,17581627,3852790,21434417
2021-07-26,Uttarakhand,4229674,1344347,5574021
2021-07-26,Total,346516149,95396246,441912395
2021-07-27,Jharkhand,7437165,1698766,9135931
2021-07-27,Lakshadweep,49949,15111,65060
2021-07-27,Odisha,12066218,3746941,15813159
2021-07-27,Sikkim,486553,146135,632688
2021-07-27,Uttarakhand,4248463,1367633,5616096
2021-07-28,Bihar,19604256,3665854,23270110
2021-07-28,Haryana,9022451,2333448,11355899
2021-07-29,Andhra Pradesh,15906353,5267794,21174147
2021-07-29,Goa,1040080,264503,1304583
2021-07-29,Gujarat,24873866,7762506,32636372
2021-07-29,Tripura,2326235,776570,3102805
2021-07-30,Bihar,20160494,3814053,23974547
2021-07-30,Chandigarh,608006,190362,798368
2021-07-30,Karnataka,23624164,6406425,30030589
2021-07-30,Kerala,13812976,5970187,19783163
2021-07-31,Assam,8753397,1929881,10683278
2021-07-31,Chhattisgarh,9634947,2346318,11981265
2021-07-31,Ladakh,187393,67654,255047
2021-07-31,Puducherry,574172,145528,719700
2021-08-01,Dadra and Nagar Haveli and Daman and Diu,557768,74936,632704
2021-08-01,Goa,1061081,274247,1335328
2021-08-01,Lakshadweep,50405,16001,66406
2021-08-01,Maharashtra,33440863,11231791,44672654
2021-08-01,Mizoram,643958,197013,840971
2021-08-01,Rajasthan,25284389,7530701,32815090
2021-08-01,Uttar Pradesh,40647594,7795548,48443142
2021-08-02,Assam,9152495,1988471,11140966
2021-08-02,Delhi,7482004,2716719,10198723
2021-08-02,Kerala,14568350,6153842,20722192
2021-08-02,Tripura,2384038,788884,3172922
2021-08-03,Gujarat,26001754,8432012,34433766
2021-08-03,Himachal Pradesh,4048894,1307623,5356517
2021-08-03,Jharkhand,7994584,1882306,9876890
2021-08-03,Manipur,1128586,216777,1345363
2021-08-04,Chhattisgarh,9719395,2419105,12138500
2021-08-04,Haryana,9721455,2712313,12433768
2021-08-04,Kerala,14882725,6231751,21114476
2021-08-04,Meghalaya,912096,211646,1123742
2021-08-04,Mizoram,647051,200035,847086
2021-08-04,Puducherry,585119,148023,733142
2021-08-05,Andaman and Nicobar Islands,213457,93559,307016
2021-08-05,Bihar,22023303,4213307,26236610
2021-08-05,Mizoram,648930,201734,850664
2021-08-05,Miscellaneous,1745100,1547685,3292785
2021-08-06,Assam,9977914,2111716,12089630
2021-08-06,Bihar,22501851,4294454,26796305
2021-08-06,Jharkhand,8159801,1934303,10094104
2021-08-06,Maharashtra,34530719,11846167,46376886
2021-08-06,Sikkim,496921,150619,647540
2021-08-07,Andaman and Nicobar Islands,215022,94251,309273
2021-08-07,Kerala,15416859,6365607,21782466
2021-08-07,Uttar Pradesh,45201804,8391745,53593549
2021-08-08,Assam,10262204,2161640,12423844
2021-08-08,Delhi,7750023,2940832,10690855
2021-08-08,Gujarat,27638343,8961874,36600217
2021-08-08,Haryana,10000745,2870952,12871697
2021-08-08,Meghalaya,932764,226661,1159425
2021-08-08,Puducherry,597505,150743,748248
2021-08-08,Total,395667593,112997166,508664759
2021-08-09,Chandigarh,700329,223569,923898
2021-08-09,Haryana,10090001,2924714,13014715
2021-08-09,Rajasthan,27017475,8377435,35394910
2021-08-09,Uttar Pradesh,45976210,8518342,54494552
2021-08-10,Chandigarh,706582,226814,933396
2021-08-10,Jammu and Kashmir,5376054,1508641,6884695
2021-08-10,Manipur,1163534,251078,1414612
2021-08-10,Odisha,14222570,4264500,18487070
2021-08-10,Punjab,8222725,2303559,10526284
2021-08-10,Sikkim,498609,152574,651183
2021-08-10,Uttar Pradesh,46430534,8618231,55048765
2021-08-11,Arunachal Pradesh,696355,192480,888835
2021-08-11,Himachal Pradesh,4447699,1429129,5876828
2021-08-11,Maharashtra,35421888,12326358,47748246
2021-08-11,Total,406980329,116690690,523671019
2021-08-12,Gujarat,29202560,9435671,38638231
2021-08-12,Jharkhand,8639325,2079244,10718569
2021-08-12,Mizoram,658520,215259,873779
2021-08-12,Total,411629356,117953600,529582956
2021-08-13,Chandigarh,724636,238675,963311
2021-08-13,Telangana,11944242,4117320,16061562
2021-08-13,Uttarakhand,5416661,1696411,7113072
2021-08-14,Kerala,17282833,6657853,23940686
2021-08-15,Jammu and Kashmir,5558861,1577148,7136009
2021-08-15,Nagaland,639478,168024,807502
2021-08-15,Total,424072750,121784358,545857108
2021-08-16,Andhra Pradesh,18769214,6582154,25351368
2021-08-16,Arunachal Pradesh,703022,202821,905843
2021-08-16,Tripura,2436491,830685,3267176
2021-08-17,Gujarat,31266982,9995955,41262937
2021-08-18,Arunachal Pradesh,705987,206594,912581
2021-08-18,Goa,1125584,347163,1472747
2021-08-18,Uttarakhand,5714455,1790770,7505225
2021-08-18,Miscellaneous,1900922,1551733,3452655
2021-08-19,Assam,12529234,2650237,15179471
2021-08-19,Gujarat,31773036,10244687,42017723
2021-08-19,Madhya Pradesh,33176008,6467138,39643146
2021-08-19,Mizoram,664714,224574,889288
2021-08-20,Arunachal Pradesh,708608,209946,918554
2021-08-20,Goa,1131666,355705,1487371
2021-08-20,Ladakh,190179,75603,265782
2021-08-20,Lakshadweep,51953,19104,71057
2021-08-20,Manipur,1181171,292546,1473717
2021-08-20,Total,447303462,128813888,576117350
2021-08-21,Lakshadweep,51970,19198,71168
2021-08-21,Madhya Pradesh,33553099,6583349,40136448
2021-08-21,Punjab,9427904,2878996,12306900
2021-08-21,Tamil Nadu,23051879,5351394,28403273
2021-08-21,Telangana,12568129,4294280,16862409
2021-08-21,Tripura,2445746,846611,3292357
2021-08-21,West Bengal,26206635,9881166,36087801
2021-08-22,Bihar,27085730,5300555,32386285
2021-08-22,Dadra and Nagar Haveli and Daman and Diu,607380,109653,717033
2021-08-22,Himachal Pradesh,5250505,1615250,6865755
2021-08-22,Jammu and Kashmir,5789969,1669502,7459471
2021-08-22,Puducherry,625247,166465,791712
2021-08-22,Uttarakhand,5884620,1845616,7730236
2021-08-23,Gujarat,32619025,10592128,43211153
2021-08-23,Karnataka,28701547,8835665,37537212
2021-08-23,Maharashtra,39635783,14269913,53905696
2021-08-23,Telangana,12670665,4327906,16998571
2021-08-24,Andaman and Nicobar Islands,244623,102072,346695
2021-08-24,Odisha,15982115,4971165,20953280
2021-08-24,Sikkim,504320,165451,669771
2021-08-25,Assam,13360859,2879165,16240024
2021-08-25,Dadra and Nagar Haveli and Daman and Diu,611227,121517,732744
2021-08-25,Karnataka,29293552,9156983,38450535
2021-08-25,Meghalaya,1011377,293957,1305334
2021-08-25,Sikkim,504634,165706,670340
2021-08-25,Telangana,12810399,4373019,17183418
2021-08-26,Arunachal Pradesh,716111,221003,937114
2021-08-26,Chhattisgarh,10573241,3133789,13707030
2021-08-26,Karnataka,29593337,9315953,38909290
2021-08-26,Lakshadweep,52306,21347,73653
2021-08-26,Puducherry,631646,174570,806216
2021-08-26,Tripura,2453894,870446,3324340
2021-08-26,Uttar Pradesh,56219796,10627522,66847318
2021-08-26,Uttarakhand,6155569,1932219,8087788
2021-08-27,Assam,13776584,2974963,16751547
2021-08-27,Delhi,9328246,3703892,13032138
2021-08-27,Jharkhand,9884023,2476908,12360931
2021-08-27,Madhya Pradesh,36935919,7668669,44604588
2021-08-27,Sikkim,505405,166510,671915
2021-08-27,Total,480876699,142112435,622989134
2021-08-29,Andaman and Nicobar Islands,254459,104851,359310
2021-08-29,Delhi,9452898,3775941,13228839
2021-08-29,Jharkhand,10067659,2537251,12604910
2021-08-29,Punjab,10174312,3170375,13344687
2021-08-30,Bihar,29616973,5926379,35543352
2021-08-30,Ladakh,193273,99496,292769
2021-08-30,Mizoram,669821,235748,905569
2021-08-30,Nagaland,653333,196920,850253
2021-08-30,Odisha,16697926,5322736,22020662
2021-08-30,Puducherry,637881,183458,821339
2021-08-30,Punjab,10217165,3185070,13402235
2021-08-30,Telangana,13290142,4590905,17881047
2021-08-31,Andaman and Nicobar Islands,257495,105802,363297
2021-08-31,Ladakh,193686,101990,295676
2021-08-31,Total,503331527,150781981,654113508
2021-09-01,Delhi,9737352,3894298,13631650
2021-09-01,Maharashtra,43791110,16282390,60073500
2021-09-02,Andaman and Nicobar Islands,260237,107011,367248
2021-09-02,Ladakh,194491,106570,301061
2021-09-02,Mizoram,671357,241093,912450
2021-09-02,Puducherry,643537,189880,833417
2021-09-03,Chandigarh,819772,320171,1139943
2021-09-03,Dadra and Nagar Haveli and Daman and Diu,620459,152298,772757
2021-09-03,Gujarat,35910625,12407911,48318536
2021-09-03,Haryana,12602757,4305975,16908732
2021-09-03,Telangana,13624505,4799921,18424426
2021-09-04,Goa,1175334,443994,1619328
2021-09-04,Kerala,21599168,8016370,29615538
2021-09-04,Mizoram,673046,245670,918716
2021-09-04,Nagaland,658637,215113,873750
2021-09-04,Puducherry,649400,197632,847032
2021-09-04,Uttar Pradesh,64755164,12753189,77508353
2021-09-05,Assam,15168976,3343223,18512199
2021-09-05,Goa,1176591,449889,1626480
2021-09-05,Mizoram,673147,245689,918836
2021-09-05,Punjab,11312390,3592191,14904581
2021-09-05,Total,526381797,161159965,687541762
2021-09-06,Karnataka,34167026,11491703,45658729
2021-09-06,West Bengal,31629038,12475916,44104954
2021-09-07,Dadra and Nagar Haveli and Daman and Diu,624022,167475,791497
2021-09-07,Gujarat,37080162,13245724,50325886
2021-09-07,Maharashtra,46432785,17645799,64078584
2021-09-07,Tamil Nadu,28765649,7250574,36016223
2021-09-07,Uttarakhand,6835661,2225886,9061547
2021-09-08,Andaman and Nicobar Islands,265589,110961,376550
2021-09-08,Andhra Pradesh,22780838,9478147,32258985
2021-09-08,Kerala,22183005,8481412,30664417
2021-09-08,Mizoram,675907,274873,950780
2021-09-08,Telangana,13972953,5102696,19075649
2021-09-08,Uttar Pradesh,69822355,13670519,83492874
2021-09-09,Andhra Pradesh,22795641,9498592,32294233
2021-09-09,Assam,15987775,3560902,19548677
2021-09-09,Ladakh,197077,117245,314322
2021-09-09,Nagaland,665382,244910,910292
2021-09-09,Tripura,2469706,927404,3397110
2021-09-10,Assam,16209501,3620655,19830156
2021-09-10,Chhattisgarh,11281827,3630778,14912605
2021-09-10,Karnataka,35061622,12092242,47153864
2021-09-10,Lakshadweep,53499,30630,84129
2021-09-10,Puducherry,654961,209323,864284
2021-09-10,Rajasthan,36990638,12446279,49436917
2021-09-10,Miscellaneous,1902322,1556469,3458791
2021-09-11,Jharkhand,11758870,3102021,14860891
2021-09-11,Kerala,22737709,8938608,31676317
2021-09-11,Madhya Pradesh,41676134,9767301,51443435
2021-09-11,Maharashtra,49125208,18564838,67690046
2021-09-11,Odisha,19095678,6299712,25395390
2021-09-12,Andaman and Nicobar Islands,271358,114406,385764
2021-09-12,Bihar,36951899,7859740,44811639
2021-09-12,Madhya Pradesh,41827440,9824482,51651922
2021-09-12,Meghalaya,1046691,359010,1405701
2021-09-13,Andaman and Nicobar Islands,273062,115236,388298
2021-09-13,Arunachal Pradesh,740051,296982,1037033
2021-09-13,Himachal Pradesh,5585654,1967281,7552935
2021-09-13,Punjab,12459587,3975139,16434726
2021-09-13,West Bengal,34151525,13623203,47774728
2021-09-14,Haryana,14184793,5034242,19219035
2021-09-14,Kerala,22820484,9054380,31874864
2021-09-14,Ladakh,198652,123198,321850
2021-09-14,Total,574657255,184255022,758912277
2021-09-15,Bihar,38038723,8248028,46286751
2021-09-15,Maharashtra,50629841,19349683,69979524
2021-09-15,Meghalaya,1052630,381707,1434337
2021-09-15,Telangana,14525908,5539982,20065890
2021-09-16,Arunachal Pradesh,742800,317408,1060208
2021-09-16,Karnataka,35655006,12832683,48487689
2021-09-16,Total,582606905,189818839,772425744
2021-09-17,Assam,17266350,4430951,21697301
2021-09-17,Bihar,40456205,9163110,49619315
2021-09-17,Gujarat,39707202,16359818,56067020
2021-09-17,Karnataka,37244338,14331994,51576332
2021-09-17,Lakshadweep,54185,36475,90660
2021-09-17,Mizoram,684018,358478,1042496
2021-09-18,Gujarat,39867489,16611405,56478894
2021-09-18,Haryana,15319792,5471171,20790963
2021-09-18,Rajasthan,39269460,14191321,53460781
2021-09-18,Uttar Pradesh,77509869,16643990,94153859
2021-09-19,Kerala,23807401,9833623,33641024
2021-09-19,Odisha,20357819,7156403,27514222
2021-09-19,Rajasthan,39326657,14249452,53576109
2021-09-19,Telangana,15973614,6052369,22025983
2021-09-19,Total,603666773,204901371,808568144
2021-09-20,Jharkhand,12699077,3561537,16260614
2021-09-20,Kerala,24003365,9978689,33982054
2021-09-20,Total,609568160,208945667,818513827
2021-09-21,Assam,17735880,4859429,22595309
2021-09-21,Jharkhand,12820331,3627565,16447896
2021-09-21,Meghalaya,1060881,417957,1478838
2021-09-22,Gujarat,40568740,17465224,58033964
2021-09-22,Uttar Pradesh,79970763,17634231,97604994
2021-09-23,Jammu and Kashmir,7441156,3116463,10557619
2021-09-23,Madhya Pradesh,46362905,13518826,59881731
2021-09-23,Manipur,1217411,434132,1651543
2021-09-23,Odisha,21272105,7832873,29104978
2021-09-23,Puducherry,682803,277135,959938
2021-09-23,Punjab,13876483,4632092,18508575
2021-09-24,Assam,18022615,5140291,23162906
2021-09-24,Chhattisgarh,12725313,4875275,17600588
2021-09-24,Goa,1212471,628250,1840721
2021-09-24,Jharkhand,13173931,3822026,16995957
2021-09-24,Karnataka,38425093,15872944,54298037
2021-09-24,Telangana,17522521,6575871,24098392
2021-09-25,Bihar,42784538,10358032,53142570
2021-09-25,Madhya Pradesh,46901620,13946321,60847941
2021-09-25,Sikkim,517068,365971,883039
2021-09-25,Uttarakhand,7319604,3000525,10320129
2021-09-25,West Bengal,39511522,16063488,55575010
2021-09-26,Andhra Pradesh,26331281,12825194,39156475
2021-09-26,Himachal Pradesh,5646719,2580536,8227255
2021-09-26,Kerala,24521633,10590340,35111973
2021-09-26,Maharashtra,55543151,22783101,78326252
2021-09-26,Nagaland,681792,336958,1018750
2021-09-27,Jharkhand,13433518,3983426,17416944
2021-09-27,Ladakh,203901,134157,338058
2021-09-27,Meghalaya,1067855,452529,1520384
2021-09-28,Himachal Pradesh,5655422,2668787,8324209
2021-09-28,Lakshadweep,54776,41093,95869
2021-09-28,Manipur,1221560,468375,1689935
2021-09-29,Andhra Pradesh,27224534,13599095,40823629
2021-09-29,Arunachal Pradesh,754746,410636,1165382
2021-09-29,Bihar,43441833,10719041,54160874
2021-09-29,Ladakh,204742,136734,341476
2021-09-29,Madhya Pradesh,48095796,14925458,63021254
2021-09-29,Puducherry,699583,311583,1011166
2021-09-29,Rajasthan,40294094,15447589,55741683
2021-09-29,Sikkim,518116,384336,902452
2021-09-29,Tamil Nadu,35834757,11036819,46871576
2021-09-29,Tripura,2494132,1365537,3859669
2021-09-30,Bihar,43549451,10803062,54352513
2021-09-30,Jammu and Kashmir,7939446,3540782,11480228
2021-09-30,Kerala,24695552,10943387,35638939
2021-09-30,Madhya Pradesh,48428086,15188410,63616496
2021-09-30,Meghalaya,1071622,471712,1543334
2021-09-30,Nagaland,686908,366785,1053693
2021-09-30,Tamil Nadu,36011832,11195278,47207110
2021-09-30,Telangana,18649783,7048629,25698412
2021-09-30,Uttarakhand,7360564,3139340,10499904
2021-10-01,Chandigarh,902936,454194,1357130
2021-10-01,Delhi,12144237,5921236,18065473
2021-10-01,Tripura,2496265,1405321,3901586
2021-10-02,Arunachal Pradesh,757153,426799,1183952
2021-10-02,Chandigarh,904205,457862,1362067
2021-10-02,Haryana,16818438,6538046,23356484
2021-10-02,Jammu and Kashmir,8131549,3645704,11777253
2021-10-02,Kerala,24747633,11119632,35867265
2021-10-03,Dadra and Nagar Haveli and Daman and Diu,647029,285955,932984
2021-10-03,Karnataka,39438904,17503009,56941913
2021-10-03,Kerala,24750569,11126705,35877274
2021-10-03,Puducherry,705319,324756,1030075
2021-10-03,Rajasthan,40671385,15996107,56667492
2021-10-03,Tamil Nadu,37076731,12066795,49143526
2021-10-03,Telangana,19142355,7248860,26391215
2021-10-03,Tripura,2496558,1411377,3907935
2021-10-03,Uttar Pradesh,87526234,21664277,109190511
2021-10-04,Chhattisgarh,13274222,5507443,18781665
2021-10-04,Puducherry,707427,329920,1037347
2021-10-04,Rajasthan,40720836,16073365,56794201
2021-10-04,Total,663807388,251658438,915465826
2021-10-05,Assam,19034206,6070672,25104878
2021-10-05,Madhya Pradesh,48775167,15664772,64439939
2021-10-05,Uttar Pradesh,89047649,22686604,111734253
2021-10-06,Manipur,1229109,520348,1749457
2021-10-06,Nagaland,692085,394860,1086945
2021-10-06,Odisha,23031067,9122570,32153637
2021-10-06,West Bengal,43358133,17391379,60749512
2021-10-07,Chandigarh,910666,475611,1386277
2021-10-07,Jammu and Kashmir,8728569,3884520,12613089
2021-10-07,West Bengal,44320614,17583444,61904058
2021-10-07,Miscellaneous,1903020,1560630,3463650
2021-10-08,Arunachal Pradesh,762075,460296,1222371
2021-10-08,Chandigarh,911698,479070,1390768
2021-10-08,Jammu and Kashmir,8863715,3925665,12789380
2021-10-08,Karnataka,40038832,18567279,58606111
2021-10-08,Ladakh,206805,143230,350035
2021-10-08,Nagaland,694254,405772,1100026
2021-10-08,Uttarakhand,7405970,3308673,10714643
2021-10-09,Himachal Pradesh,5679157,2920370,8599527
2021-10-09,Karnataka,40109871,18707117,58816988
2021-10-09,Telangana,20088205,7734959,27823164
2021-10-09,Miscellaneous,1903052,1561135,3464187
2021-10-10,Andaman and Nicobar Islands,291428,166748,458176
2021-10-10,Delhi,12536222,6523550,19059772
2021-10-10,Jammu and Kashmir,9071357,3999987,13071344
2021-10-10,Mizoram,701301,469486,1170787
2021-10-11,Lakshadweep,54994,43796,98790
2021-10-11,Mizoram,702292,473999,1176291
2021-10-11,Puducherry,715514,351522,1067036
2021-10-11,Rajasthan,41567021,17645602,59212623
2021-10-12,Jammu and Kashmir,9244397,4098317,13342714
2021-10-12,Manipur,1233125,561926,1795051
2021-10-12,Rajasthan,41648635,17822118,59470753
2021-10-14,Madhya Pradesh,49096959,16843277,65940236
2021-10-14,Meghalaya,1086453,547948,1634401
2021-10-14,Tamil Nadu,38793353,13799266,52592619
2021-10-15,Arunachal Pradesh,764997,482470,1247467
2021-10-15,Gujarat,43894001,22531268,66425269
2021-10-15,Karnataka,40716353,19880946,60597299
2021-10-15,Kerala,25047212,12014455,37061667
2021-10-15,Nagaland,699381,432941,1132322
2021-10-15,Rajasthan,41786528,18129651,59916179
2021-10-15,Uttar Pradesh,92269172,25534898,117804070
2021-10-15,Total,693014131,279362914,972377045
2021-10-16,Karnataka,40790960,20059317,60850277
2021-10-16,Rajasthan,41904936,18382312,60287248
2021-10-16,Sikkim,520272,421510,941782
2021-10-16,Tamil Nadu,38902099,13968886,52870985
2021-10-16,Uttarakhand,7432013,3460909,10892922
2021-10-17,Dadra and Nagar Haveli and Daman and Diu,654861,335807,990668
2021-10-17,Kerala,25079316,12171427,37250743
2021-10-17,Lakshadweep,55038,44726,99764
2021-10-17,Madhya Pradesh,49114258,16978913,66093171
2021-10-17,Mizoram,705057,489191,1194248
2021-10-17,Rajasthan,41940558,18446592,60387150
2021-10-17,Miscellaneous,1903130,1562597,3465727
2021-10-18,Meghalaya,1089363,564776,1654139
2021-10-18,Sikkim,520368,423167,943535
2021-10-18,Total,699116940,287652471,986769411
2021-10-19,Gujarat,44099056,23261606,67360662
2021-10-19,Karnataka,40955587,20391289,61346876
2021-10-19,Maharashtra,63752040,28582204,92334244
2021-10-19,Manipur,1238130,610745,1848875
2021-10-20,Arunachal Pradesh,766832,498200,1265032
2021-10-20,Delhi,12819659,7014365,19834024
2021-10-20,Himachal Pradesh,5694279,3120818,8815097
2021-10-20,Odisha,24613652,10250872,34864524
2021-10-20,Total,705669024,292869051,998538075
2021-10-21,Assam,19819929,6939090,26759019
2021-10-21,Chandigarh,921059,518390,1439449
2021-10-21,Ladakh,208116,148436,356552
2021-10-21,Tamil Nadu,39730927,14614839,54345766
2021-10-21,Telangana,21107367,8467905,29575272
2021-10-22,Andaman and Nicobar Islands,292988,186655,479643
2021-10-22,Haryana,17580989,7677070,25258059
2021-10-22,Telangana,21262277,8625048,29887325
2021-10-22,Uttarakhand,7448839,3598948,11047787
2021-10-22,Total,712413356,300615055,1013028411
2021-10-23,Himachal Pradesh,5700386,3208548,8908934
2021-10-23,Meghalaya,1095353,599759,1695112
2021-10-23,Puducherry,725288,383431,1108719
2021-10-23,Sikkim,520981,437464,958445
2021-10-23,Telangana,21406061,8786090,30192151
2021-10-24,Arunachal Pradesh,768563,510839,1279402
2021-10-24,Bihar,48588120,16201811,64789931
2021-10-24,Ladakh,208273,150748,359021
2021-10-24,Lakshadweep,55060,45155,100215
2021-10-24,Rajasthan,42273409,19232688,61506097
2021-10-25,Goa,1255244,871396,2126640
2021-10-25,Haryana,17643488,7819575,25463063
2021-10-25,Nagaland,706016,473056,1179072
2021-10-25,Tripura,2505441,1565378,4070819
2021-10-25,Uttar Pradesh,96509099,30228982,126738081
2021-10-25,West Bengal,53048088,20047308,73095396
2021-10-26,Gujarat,44520405,24831900,69352305
2021-10-26,Mizoram,709245,505630,1214875
2021-10-27,Andaman and Nicobar Islands,293644,195689,489333
2021-10-27,Madhya Pradesh,49826677,19652582,69479259
2021-10-27,Puducherry,731757,397842,1129599
2021-10-27,Uttar Pradesh,97154466,31197031,128351497
2021-10-28,Dadra and Nagar Haveli and Daman and Diu,660248,367194,1027442
2021-10-28,Gujarat,44623721,25289036,69912757
2021-10-28,Haryana,17717326,7988497,25705823
2021-10-28,Karnataka,42302787,22482370,64785157
2021-10-28,Lakshadweep,55081,45666,100747
2021-10-28,Maharashtra,66658668,30551280,97209948
2021-10-28,Puducherry,732505,399979,1132484
2021-10-28,Punjab,15886367,6169936,22056303
2021-10-29,Arunachal Pradesh,771430,531959,1303389
2021-10-29,Dadra and Nagar Haveli and Daman and Diu,660648,369465,1030113
2021-10-29,Karnataka,42408235,22680416,65088651
2021-10-29,Ladakh,208752,152006,360758
2021-10-29,Manipur,1247600,702685,1950285
2021-10-30,Kerala,25304489,13646429,38950918
2021-10-30,Telangana,22459778,9745660,32205438
2021-10-30,Total,731621098,329819237,1061440335
2021-10-31,Haryana,17772376,8115463,25887839
2021-10-31,Karnataka,42497761,22858384,65356145
2021-10-31,Kerala,25306499,13658343,38964842
2021-10-31,Punjab,15942714,6238973,22181687
2021-10-31,Tamil Nadu,41279432,17619141,58898573
2021-10-31,Miscellaneous,2237446,1564623,3802069
2021-10-28,Tamil Nadu,40759678,16548903,57308581
2021-01-16,Chandigarh,265,0,265
2021-01-16,Ladakh,79,0,79
2021-01-16,Puducherry,274,0,274
2021-01-16,Tamil Nadu,2945,0,2945
2021-01-18,Punjab,3318,0,3318
2021-01-18,Telangana,17408,0,17408
2021-01-19,Andhra Pradesh,58495,0,58495
2021-01-19,Chhattisgarh,10872,0,10872
2021-01-19,Dadra and Nagar Haveli and Daman and Diu,208,0,208
2021-01-19,Ladakh,119,0,119
2021-01-19,Nagaland,2286,0,2286
2021-01-20,Chandigarh,469,0,469
2021-01-20,Chhattisgarh,16255,0,16255
2021-01-20,Dadra and Nagar Haveli and Daman and Diu,219,0,219
2021-01-20,Delhi,12902,0,12902
2021-01-20,Jharkhand,11641,0,11641
2021-01-20,Madhya Pradesh,27770,0,27770
2021-01-20,West Bengal,46310,0,46310
2021-01-21,Delhi,18844,0,18844
2021-01-21,Himachal Pradesh,5790,0,5790
2021-01-21,Jharkhand,11641,0,11641
2021-01-21,Kerala,35173,0,35173
2021-01-21,Madhya Pradesh,38278,0,38278
2021-01-21,Maharashtra,52393,0,52393
2021-01-21,Nagaland,3187,0,3187
2021-01-22,Madhya Pradesh,38278,0,38278
2021-01-22,Sikkim,960,0,960
2021-01-23,Andaman and Nicobar Islands,1998,0,1998
2021-01-23,Arunachal Pradesh,6511,0,6511
2021-01-23,Delhi,25811,0,25811
2021-01-23,Haryana,71297,0,71297
2021-01-23,Meghalaya,2236,0,2236
2021-01-23,Odisha,152371,0,152371
2021-01-23,Telangana,110031,0,110031
2021-01-23,Uttarakhand,10514,0,10514
2021-01-24,Haryana,72204,0,72204
2021-01-25,Chhattisgarh,40025,0,40025
2021-01-25,Kerala,71973,0,71973
2021-01-25,Manipur,2485,0,2485
2021-01-25,Punjab,39418,0,39418
2021-01-25,Telangana,130390,0,130390
2021-01-25,Uttarakhand,14546,0,14546
2021-01-26,Chandigarh,1928,0,1928
2021-01-26,Madhya Pradesh,67083,0,67083
2021-01-26,Manipur,2485,0,2485
2021-01-26,Mizoram,4852,0,4852
2021-01-26,Odisha,177090,0,177090
2021-01-27,Bihar,89074,0,89074
2021-01-27,Madhya Pradesh,131679,0,131679
2021-01-27,Punjab,44708,0,44708
2021-01-28,Assam,28918,0,28918
2021-01-28,Chandigarh,2764,0,2764
2021-01-28,Goa,2882,0,2882
2021-01-28,Jharkhand,24315,0,24315
2021-01-28,Karnataka,286089,0,286089
2021-01-28,Madhya Pradesh,195187,0,195187
2021-01-28,Puducherry,1813,0,1813
2021-01-28,Tamil Nadu,88467,0,88467
2021-01-28,Tripura,24302,0,24302
2021-01-28,Uttar Pradesh,294959,0,294959
2021-01-28,Total,2928053,0,2928053
2021-01-29,Chhattisgarh,62529,0,62529
2021-01-29,Kerala,135835,0,135835
2021-01-29,Ladakh,989,0,989
2021-01-29,Maharashtra,261320,0,261320
2021-01-30,Andaman and Nicobar Islands,2727,0,2727
2021-01-30,Bihar,146015,0,146015
2021-01-30,Meghalaya,4324,0,4324
2021-01-30,Punjab,57499,0,57499
2021-01-30,Rajasthan,329611,0,329611
2021-01-30,Uttarakhand,28791,0,28791
2021-01-30,West Bengal,243069,0,243069
2021-01-31,Assam,38106,0,38106
2021-01-31,Dadra and Nagar Haveli and Daman and Diu,1083,0,1083
2021-01-31,Kerala,165171,0,165171
2021-01-31,Ladakh,1128,0,1128
2021-01-31,Lakshadweep,807,0,807
2021-01-31,Odisha,206424,0,206424
2021-01-31,Rajasthan,330797,0,330797
2021-01-31,Telangana,168606,0,168606
2021-01-31,Miscellaneous,52120,0,52120
2021-02-01,Haryana,126759,0,126759
2021-02-01,Jammu and Kashmir,26634,0,26634
2021-02-01,Ladakh,1234,0,1234
2021-02-01,Telangana,168771,0,168771
2021-02-01,Uttarakhand,37505,0,37505
2021-02-01,Total,3950156,0,3950156
2021-02-02,Madhya Pradesh,298376,0,298376
2021-02-03,Andaman and Nicobar Islands,2772,0,2772
2021-02-03,Chhattisgarh,101564,0,101564
2021-02-04,Chhattisgarh,131173,0,131173
2021-02-04,Dadra and Nagar Haveli and Daman and Diu,1636,0,1636
2021-02-04,Himachal Pradesh,48360,0,48360
2021-02-04,Lakshadweep,807,0,807
2021-02-04,Punjab,67861,0,67861
2021-02-04,Uttarakhand,62858,0,62858
2021-02-05,Gujarat,394416,0,394416
2021-02-05,Himachal Pradesh,51555,0,51555
2021-02-05,Nagaland,4515,0,4515
2021-02-05,Telangana,193667,0,193667
2021-02-05,Tripura,37359,0,37359
2021-02-06,Assam,87269,0,87269
2021-02-06,Himachal Pradesh,54573,0,54573
2021-02-06,Lakshadweep,839,0,839
2021-02-06,Maharashtra,473480,0,473480
2021-02-06,Puducherry,3532,0,3532
2021-02-06,Tamil Nadu,166408,0,166408
2021-02-07,Dadra and Nagar Haveli and Daman and Diu,2212,0,2212
2021-02-07,Haryana,139129,0,139129
2021-02-07,Tripura,40405,0,40405
2021-02-08,Gujarat,505960,0,505960
2021-02-08,Meghalaya,7662,0,7662
2021-02-08,Nagaland,4973,0,4973
2021-02-08,West Bengal,377608,0,377608
2021-02-09,Bihar,415989,0,415989
2021-02-09,Gujarat,572412,0,572412
2021-02-09,Odisha,342254,0,342254
2021-02-09,Puducherry,4301,0,4301
2021-02-09,Rajasthan,491543,0,491543
2021-02-10,Assam,110977,0,110977
2021-02-10,Chandigarh,6903,0,6903
2021-02-10,Karnataka,464485,0,464485
2021-02-10,Tripura,52908,0,52908
2021-02-10,Uttarakhand,90483,0,90483
2021-02-11,Kerala,333560,0,333560
2021-02-11,Lakshadweep,920,0,920
2021-02-11,Madhya Pradesh,487271,0,487271
2021-02-11,Manipur,15944,0,15944
2021-02-11,Rajasthan,590990,0,590990
2021-02-12,Bihar,471683,0,471683
2021-02-12,Karnataka,491552,0,491552
2021-02-12,Tamil Nadu,227542,0,227542
2021-02-12,Telangana,278250,0,278250
2021-02-12,Uttarakhand,104052,0,104052
2021-02-13,Arunachal Pradesh,15633,461,16094
2021-02-13,Meghalaya,13998,91,14089
2021-02-13,Tripura,69196,366,69562
2021-02-14,Lakshadweep,1776,0,1776
2021-02-15,Bihar,495717,13309,509026
2021-02-16,Dadra and Nagar Haveli and Daman and Diu,4483,164,4647
2021-02-16,Jharkhand,224005,5408,229413
2021-02-16,Puducherry,6627,330,6957
2021-02-16,Sikkim,8991,157,9148
2021-02-16,Tamil Nadu,280892,9356,290248
2021-02-16,Telangana,279497,53350,332847
2021-02-17,Andhra Pradesh,376308,35475,411783
2021-02-17,Chandigarh,10583,277,10860
2021-02-18,Delhi,249791,11188,260979
2021-02-18,Miscellaneous,226853,22159,249012
2021-02-19,Andaman and Nicobar Islands,4453,895,5348
2021-02-19,Bihar,515363,35070,550433
2021-02-19,Haryana,205616,21093,226709
2021-02-19,Jharkhand,246213,10522,256735
2021-02-19,Odisha,433584,68129,501713
2021-02-19,Tripura,81042,11134,92176
2021-02-20,Haryana,208308,23987,232295
2021-02-20,Jharkhand,252634,11325,263959
2021-02-20,Miscellaneous,306557,31590,338147
2021-02-21,Haryana,208308,23987,232295
2021-02-21,Kerala,399284,38829,438113
2021-02-21,West Bengal,639252,49912,689164
2021-02-22,Madhya Pradesh,643277,32124,675401
2021-02-23,Himachal Pradesh,97607,12672,110279
2021-02-23,Karnataka,569416,157944,727360
2021-02-23,Punjab,133718,23867,157585
2021-02-23,Tamil Nadu,359063,41337,400400
2021-02-23,Miscellaneous,417079,37214,454293
2021-02-24,Andhra Pradesh,472460,120443,592903
2021-02-24,Dadra and Nagar Haveli and Daman and Diu,6905,520,7425
2021-02-24,Himachal Pradesh,98881,12818,111699
2021-02-24,Uttarakhand,139169,11833,151002
2021-02-24,West Bengal,787013,99478,886491
2021-02-25,Arunachal Pradesh,24193,6331,30524
2021-02-25,Assam,189569,21468,211037
2021-02-25,Chandigarh,18894,1568,20462
2021-02-25,Goa,17875,1918,19793
2021-02-25,Mizoram,20955,4876,25831
2021-02-25,Tamil Nadu,378411,50844,429255
2021-02-26,Chandigarh,20890,1712,22602
2021-02-26,Delhi,372906,37053,409959
2021-02-26,Gujarat,833722,167448,1001170
2021-02-26,Himachal Pradesh,101504,20924,122428
2021-02-26,Jammu and Kashmir,240817,16255,257072
2021-02-26,Total,11788669,2453878,14242547
2021-02-27,Assam,195906,27675,223581
2021-02-27,Dadra and Nagar Haveli and Daman and Diu,7723,719,8442
2021-02-27,Ladakh,9226,829,10055
2021-02-27,Maharashtra,1041947,160233,1202180
2021-02-27,Manipur,52420,2545,54965
2021-02-27,Tamil Nadu,388896,56432,445328
2021-02-28,Andaman and Nicobar Islands,6134,2422,8556
2021-02-28,Jammu and Kashmir,240817,16255,257072
2021-02-28,Jharkhand,284371,23837,308208
2021-02-28,Lakshadweep,2368,710,3078
2021-02-28,Mizoram,21997,5659,27656
2021-02-28,Tamil Nadu,388896,56432,445328
2021-03-01,Assam,201640,29159,230799
2021-03-01,Delhi,385341,40139,425480
2021-03-01,Madhya Pradesh,671302,183795,855097
2021-03-01,Manipur,53805,2653,56458
2021-03-01,Nagaland,30251,5579,35830
2021-03-01,Odisha,475608,165127,640735
2021-03-01,Sikkim,17516,1882,19398
2021-03-02,Delhi,402942,43815,446757
2021-03-02,Jharkhand,295125,32454,327579
2021-03-02,Sikkim,18428,2002,20430
2021-03-02,Telangana,303387,131942,435329
2021-03-02,Uttarakhand,149030,25532,174562
2021-03-03,Chandigarh,24832,2159,26991
2021-03-03,Mizoram,28350,9036,37386
2021-03-03,Nagaland,33810,5766,39576
2021-03-03,Odisha,525494,171264,696758
2021-03-03,Telangana,318861,131942,450803
2021-03-04,Andaman and Nicobar Islands,6912,2589,9501
2021-03-04,Arunachal Pradesh,32733,8097,40830
2021-03-04,Meghalaya,35382,2539,37921
2021-03-04,Rajasthan,1326074,283269,1609343
2021-03-05,Bihar,623488,165419,788907
2021-03-05,Chhattisgarh,476352,103785,580137
2021-03-05,Gujarat,1295464,309655,1605119
2021-03-05,Jammu and Kashmir,295633,23015,318648
2021-03-05,Kerala,736363,166495,902858
2021-03-05,Meghalaya,38512,3412,41924
2021-03-05,Mizoram,31804,9171,40975
2021-03-05,Nagaland,35901,5994,41895
2021-03-05,Odisha,590213,188517,778730
2021-03-05,Puducherry,15431,2070,17501
2021-03-05,Rajasthan,1585089,306029,1891118
2021-03-05,Telangana,354107,131942,486049
2021-03-05,Uttar Pradesh,1291419,410242,1701661
2021-03-06,Chhattisgarh,512080,120670,632750
2021-03-06,Jammu and Kashmir,312827,26397,339224
2021-03-06,Jharkhand,338631,61491,400122
2021-03-06,Nagaland,36626,6043,42669
2021-03-06,Uttarakhand,188803,54089,242892
2021-03-07,Andaman and Nicobar Islands,9187,2865,12052
2021-03-07,Bihar,650391,191841,842232
2021-03-07,Maharashtra,1484440,261625,1746065
2021-03-07,Nagaland,36626,6043,42669
2021-03-08,Chhattisgarh,549916,133822,683738
2021-03-08,Delhi,523361,72451,595812
2021-03-08,Goa,40162,6639,46801
2021-03-08,Gujarat,1589197,363951,1953148
2021-03-08,Haryana,306498,91809,398307
2021-03-08,Kerala,926083,203608,1129691
2021-03-08,Punjab,235739,52365,288104
2021-03-08,Sikkim,27392,5099,32491
2021-03-08,Uttar Pradesh,1501803,416526,1918329
2021-03-08,West Bengal,1460507,269515,1730022
2021-03-09,Chandigarh,37475,4125,41600
2021-03-10,Andhra Pradesh,756593,216646,973239
2021-03-10,Bihar,918099,261191,1179290
2021-03-10,Dadra and Nagar Haveli and Daman and Diu,13214,2342,15556
2021-03-10,Delhi,571616,89375,660991
2021-03-10,Gujarat,1734671,428253,2162924
2021-03-10,Jammu and Kashmir,355348,37021,392369
2021-03-11,Andhra Pradesh,763896,217825,981721
2021-03-11,Arunachal Pradesh,42096,11290,53386
2021-03-11,Assam,436022,72959,508981
2021-03-11,Jammu and Kashmir,356152,37216,393368
2021-03-11,Lakshadweep,3066,902,3968
2021-03-11,Meghalaya,48569,7518,56087
2021-03-11,Telangana,459769,163865,623634
2021-03-11,Uttarakhand,237395,70576,307971
2021-03-12,Andaman and Nicobar Islands,11729,3145,14874
2021-03-12,Goa,52051,10122,62173
2021-03-12,Karnataka,999834,300328,1300162
2021-03-12,Madhya Pradesh,1016958,277856,1294814
2021-03-12,Manipur,75463,10191,85654
2021-03-12,Punjab,287170,63517,350687
2021-03-12,Miscellaneous,1271209,90269,1361478
2021-03-13,Mizoram,44703,10084,54787
2021-03-13,Miscellaneous,1290020,105596,1395616
2021-03-14,Himachal Pradesh,177837,67255,245092
2021-03-14,Ladakh,31232,2908,34140
2021-03-14,Maharashtra,2427213,404937,2832150
2021-03-14,Sikkim,39100,7429,46529
2021-03-15,Andaman and Nicobar Islands,12360,3486,15846
2021-03-15,Delhi,673477,127125,800602
2021-03-15,Telangana,538053,177533,715586
2021-03-15,Uttar Pradesh,2398586,568148,2966734
2021-03-16,Lakshadweep,3746,1762,5508
2021-03-16,Odisha,1042071,342871,1384942
2021-03-16,Uttarakhand,324643,93825,418468
2021-03-16,Total,28862037,6202499,35064536
2021-03-17,Andhra Pradesh,1049415,266777,1316192
2021-03-17,Goa,68755,11821,80576
2021-03-17,Lakshadweep,3940,1851,5791
2021-03-17,Tripura,164782,58868,223650
2021-03-17,Uttar Pradesh,2607439,638884,3246323
2021-03-18,Goa,71086,12010,83096
2021-03-18,Uttar Pradesh,2912986,755959,3668945
2021-03-19,Bihar,1432884,372720,1805604
2021-03-19,Ladakh,37427,4777,42204
2021-03-19,Uttarakhand,394919,105105,500024
2021-03-20,Dadra and Nagar Haveli and Daman and Diu,18661,3663,22324
2021-03-20,Delhi,797588,186677,984265
2021-03-20,Nagaland,51682,16252,67934
2021-03-20,Uttarakhand,409592,107659,517251
2021-03-21,Andaman and Nicobar Islands,13785,4347,18132
2021-03-21,Kerala,1968582,334671,2303253
2021-03-21,Lakshadweep,4183,2014,6197
2021-03-21,Uttar Pradesh,3341941,790194,4132135
2021-03-22,Bihar,1620295,392764,2013059
2021-03-22,Delhi,829091,201626,1030717
2021-03-22,Rajasthan,3883490,658050,4541540
2021-03-22,Sikkim,52929,10742,63671
2021-03-22,Tamil Nadu,2019260,219495,2238755
2021-03-22,Telangana,720982,203509,924491
2021-03-22,Total,40631153,7863441,48494594
2021-03-23,Arunachal Pradesh,58099,17375,75474
2021-03-23,Jharkhand,1017921,208782,1226703
2021-03-23,Maharashtra,4093349,650488,4743837
2021-03-23,Punjab,518477,90769,609246
2021-03-23,Tripura,345072,71046,416118
2021-03-23,West Bengal,3563759,561450,4125209
2021-03-23,Total,42731952,8109334,50841286
2021-03-24,Assam,716328,120799,837127
2021-03-24,Chhattisgarh,1197167,291767,1488934
2021-03-24,Haryana,1070888,142762,1213650
2021-03-24,Jammu and Kashmir,537307,124190,661497
2021-03-24,Puducherry,53441,6600,60041
2021-03-24,West Bengal,3669065,581075,4250140
2021-03-25,Andhra Pradesh,1772829,341152,2113981
2021-03-25,Bihar,1965991,415782,2381773
2021-03-25,Delhi,906665,227967,1134632
2021-03-25,Odisha,1708888,386329,2095217
2021-03-25,Rajasthan,4387817,669692,5057509
2021-03-25,Tamil Nadu,2297100,240102,2537202
2021-03-25,West Bengal,3771752,600615,4372367
2021-03-25,Total,47001472,8502968,55504440
2021-03-26,Andhra Pradesh,1865305,353748,2219053
2021-03-26,Dadra and Nagar Haveli and Daman and Diu,21813,3984,25797
2021-03-26,Haryana,1156125,146552,1302677
2021-03-26,Himachal Pradesh,383719,89939,473658
2021-03-26,Kerala,2536834,368111,2904945
2021-03-26,Nagaland,59450,21967,81417
2021-03-27,Madhya Pradesh,2699003,489494,3188497
2021-03-27,Manipur,85714,32454,118168
2021-03-27,Odisha,1844679,391944,2236623
2021-03-27,Sikkim,60149,12160,72309
2021-03-28,Bihar,2206580,427657,2634237
2021-03-28,Dadra and Nagar Haveli and Daman and Diu,22249,4039,26288
2021-03-28,Haryana,1172236,147164,1319400
2021-03-28,Lakshadweep,4724,2076,6800
2021-03-28,Madhya Pradesh,2699003,489494,3188497
2021-03-29,Andaman and Nicobar Islands,15989,5372,21361
2021-03-29,Arunachal Pradesh,64618,19190,83808
2021-03-29,Karnataka,3130801,421237,3552038
2021-03-29,Ladakh,39298,6394,45692
2021-03-29,Nagaland,59620,22074,81694
2021-03-29,Odisha,1844679,391944,2236623
2021-03-30,Andaman and Nicobar Islands,16480,5608,22088
2021-03-30,Bihar,2281396,430301,2711697
2021-03-30,Chhattisgarh,1508503,310243,1818746
2021-03-30,Haryana,1331532,151167,1482699
2021-03-30,Lakshadweep,4829,2130,6959
2021-03-30,Madhya Pradesh,2702019,489773,3191792
2021-03-31,Bihar,2398125,436013,2834138
2021-03-31,Odisha,1999347,411674,2411021
2021-04-01,Delhi,1076552,260201,1336753
2021-04-01,Himachal Pradesh,484104,93477,577581
2021-04-01,Telangana,1125512,232883,1358395
2021-04-02,Andhra Pradesh,2495977,411625,2907602
2021-04-02,Himachal Pradesh,505998,89694,595692
2021-04-02,Madhya Pradesh,3377402,525938,3903340
2021-04-02,Meghalaya,85992,34154,120146
2021-04-02,Uttar Pradesh,5366904,1061169,6428073
2021-04-03,Haryana,1600351,158241,1758592
2021-04-03,Jharkhand,1511113,260903,1772016
2021-04-03,Karnataka,4007374,481282,4488656
2021-04-03,Madhya Pradesh,3549851,533820,4083671
2021-04-03,Maharashtra,6559094,795150,7354244
2021-04-03,Rajasthan,5624931,806670,6431601
2021-04-04,Andhra Pradesh,2627356,426186,3053542
2021-04-04,Arunachal Pradesh,81893,24373,106266
2021-04-04,Dadra and Nagar Haveli and Daman and Diu,37685,6683,44368
2021-04-04,Goa,114143,22023,136166
2021-04-04,Gujarat,6552816,837619,7390435
2021-04-04,Jammu and Kashmir,781331,170035,951366
2021-04-04,Total,68678838,10426325,79105163
2021-04-05,Dadra and Nagar Haveli and Daman and Diu,41922,7200,49122
2021-04-05,Delhi,1373454,299084,1672538
2021-04-05,Gujarat,6817703,871804,7689507
2021-04-05,Madhya Pradesh,3915779,547709,4463488
2021-04-05,Punjab,1201737,126499,1328236
2021-04-05,West Bengal,5791392,749978,6541370
2021-04-06,Arunachal Pradesh,86864,25402,112266
2021-04-06,Himachal Pradesh,640752,96325,737077
2021-04-06,Karnataka,4496243,501678,4997921
2021-04-06,Madhya Pradesh,4112933,558136,4671069
2021-04-06,Odisha,3076261,432219,3508480
2021-04-06,Sikkim,77249,13262,90511
2021-04-07,Arunachal Pradesh,88250,25781,114031
2021-04-07,Haryana,1863517,172875,2036392
2021-04-07,Himachal Pradesh,680428,97974,778402
2021-04-07,Meghalaya,94058,35833,129891
2021-04-08,Andhra Pradesh,3020636,476379,3497015
2021-04-08,Assam,1182238,223442,1405680
2021-04-08,Gujarat,7501404,973901,8475305
2021-04-08,Tamil Nadu,3062266,339932,3402198
2021-04-08,Total,82456522,11877740,94334262
2021-04-09,Assam,1215771,238806,1454577
2021-04-09,Chandigarh,92814,17335,110149
2021-04-09,Delhi,1613241,343552,1956793
2021-04-09,Kerala,4099030,476570,4575600
2021-04-09,Madhya Pradesh,4770449,591710,5362159
2021-04-09,Odisha,3485921,470325,3956246
2021-04-09,West Bengal,6785233,889401,7674634
2021-04-10,Jharkhand,1971885,289726,2261611
2021-04-10,Meghalaya,103084,38242,141326
2021-04-10,Punjab,1618664,151307,1769971
2021-04-11,Jammu and Kashmir,1129343,193025,1322368
2021-04-11,Karnataka,5636466,572558,6209024
2021-04-11,Tripura,727231,91876,819107
2021-04-11,Uttar Pradesh,7559629,1265790,8825419
2021-04-12,Andaman and Nicobar Islands,36572,5713,42285
2021-04-12,Andhra Pradesh,3380467,533252,3913719
2021-04-12,Bihar,4374749,579982,4954731
2021-04-12,Goa,154531,33557,188088
2021-04-12,Himachal Pradesh,940183,111049,1051232
2021-04-12,Ladakh,66115,8493,74608
2021-04-13,Chandigarh,106138,20711,126849
2021-04-13,Lakshadweep,11852,2719,14571
2021-04-13,Manipur,94174,45804,139978
2021-04-13,Meghalaya,112648,40207,152855
2021-04-13,Tripura,744971,97426,842397
2021-04-14,Manipur,96396,46535,142931
2021-04-14,Tamil Nadu,3641255,469197,4110452
2021-04-15,Assam,1277867,277594,1555461
2021-04-15,Goa,173929,39213,213142
2021-04-15,Jharkhand,2318659,322587,2641246
2021-04-15,Karnataka,6061565,643466,6705031
2021-04-15,Lakshadweep,13243,2901,16144
2021-04-15,Manipur,97793,47697,145490
2021-04-15,Mizoram,105266,30317,135583
2021-04-15,Uttar Pradesh,8791482,1482514,10273996
2021-04-15,Miscellaneous,1611266,1125557,2736823
2021-04-16,Goa,182592,42392,224984
2021-04-16,Uttar Pradesh,8978586,1560116,10538702
2021-04-17,Chhattisgarh,4377025,493552,4870577
2021-04-17,Karnataka,6449748,742880,7192628
2021-04-17,Mizoram,122337,31701,154038
2021-04-18,Dadra and Nagar Haveli and Daman and Diu,72365,11314,83679
2021-04-18,Kerala,5189796,680436,5870232
2021-04-18,Madhya Pradesh,6566455,763446,7329901
2021-04-18,Meghalaya,125611,43967,169578
2021-04-18,Puducherry,151684,13963,165647
2021-04-18,Tripura,769529,116602,886131
2021-04-19,Andaman and Nicobar Islands,75722,7363,83085
2021-04-19,Jammu and Kashmir,1439629,248768,1688397
2021-04-19,Mizoram,131788,33045,164833
2021-04-19,Puducherry,153652,15020,168672
2021-04-19,Sikkim,143952,22657,166609
2021-04-20,Goa,212256,52107,264363
2021-04-20,Gujarat,9181707,1625731,10807438
2021-04-20,Karnataka,6871674,897320,7768994
2021-04-20,Nagaland,122615,32580,155195
2021-04-20,Punjab,2352746,242274,2595020
2021-04-20,Uttar Pradesh,9356397,1764383,11120780
2021-04-20,Uttarakhand,1400682,277957,1678639
2021-04-21,Andaman and Nicobar Islands,80901,8171,89072
2021-04-21,Assam,1455272,370040,1825312
2021-04-21,Haryana,2890506,397355,3287861
2021-04-21,Himachal Pradesh,1244661,156186,1400847
2021-04-21,Jharkhand,2496799,380775,2877574
2021-04-21,Madhya Pradesh,6737936,828447,7566383
2021-04-21,Maharashtra,11692299,1587671,13279970
2021-04-21,Nagaland,128949,33469,162418
2021-04-21,Uttarakhand,1426520,289319,1715839
2021-04-21,West Bengal,7934485,1461792,9396277
2021-04-22,Dadra and Nagar Haveli and Daman and Diu,75414,12677,88091
2021-04-22,Himachal Pradesh,1286023,165347,1451370
2021-04-23,Dadra and Nagar Haveli and Daman and Diu,76124,13062,89186
2021-04-23,Kerala,5673951,954462,6628413
2021-04-23,Total,116936487,21443345,138379832
2021-04-24,Andaman and Nicobar Islands,86810,9299,96109
2021-04-24,Assam,1593261,412917,2006178
2021-04-24,Dadra and Nagar Haveli and Daman and Diu,76716,13385,90101
2021-04-24,Goa,237654,61584,299238
2021-04-24,Jammu and Kashmir,1692218,305623,1997841
2021-04-24,Punjab,2617356,307645,2925001
2021-04-24,Rajasthan,10298573,1909319,12207892
2021-04-24,Sikkim,153579,31870,185449
2021-04-24,Uttar Pradesh,9779846,1997363,11777209
2021-04-25,Haryana,3059744,480182,3539926
2021-04-26,Assam,1665104,440684,2105788
2021-04-26,Chhattisgarh,4772489,633858,5406347
2021-04-26,Ladakh,72754,28150,100904
2021-04-27,Arunachal Pradesh,172237,49922,222159
2021-04-27,Assam,1729878,464022,2193900
2021-04-27,Bihar,5687362,975544,6662906
2021-04-27,Himachal Pradesh,1434423,210080,1644503
2021-04-27,Karnataka,7751009,1337464,9088473
2021-04-27,Madhya Pradesh,6996437,1013987,8010424
2021-04-27,Nagaland,145553,37650,183203
2021-04-27,Sikkim,157168,36666,193834
2021-04-28,Andaman and Nicobar Islands,91394,10376,101770
2021-04-28,Kerala,5967887,1176235,7144122
2021-04-28,Madhya Pradesh,7020092,1051656,8071748
2021-04-28,Nagaland,150926,38839,189765
2021-04-28,Rajasthan,10670385,2142588,12812973
2021-04-29,Jharkhand,2619359,463774,3083133
2021-04-29,Ladakh,74391,33014,107405
2021-04-29,Lakshadweep,18576,4074,22650
2021-04-29,Manipur,168275,60069,228344
2021-04-29,Mizoram,206116,44330,250446
2021-04-30,Assam,1950117,534496,2484613
2021-04-30,Chhattisgarh,4853099,718000,5571099
2021-04-30,Lakshadweep,18943,4197,23140
2021-04-30,Total,127056746,27932889,154989635
2021-05-01,Andhra Pradesh,5178514,1521734,6700248
2021-05-01,Arunachal Pradesh,189935,55698,245633
2021-05-01,Assam,2018850,554699,2573549
2021-05-01,Dadra and Nagar Haveli and Daman and Diu,79824,16580,96404
2021-05-01,Kerala,6072156,1356764,7428920
2021-05-01,Ladakh,75007,34471,109478
2021-05-01,Miscellaneous,1673751,1315591,2989342
2021-05-03,Andaman and Nicobar Islands,94599,11604,106203
2021-05-03,Bihar,6012682,1205221,7217903
2021-05-03,Jammu and Kashmir,2062003,402049,2464052
2021-05-03,Total,129227412,29705509,158932921
2021-05-04,Goa,292306,75941,368247
2021-05-04,Himachal Pradesh,1616831,296503,1913334
2021-05-04,Karnataka,8274897,1673434,9948331
2021-05-04,Madhya Pradesh,7064866,1177868,8242734
2021-05-04,Punjab,3083481,467985,3551466
2021-05-04,Uttarakhand,1686003,453620,2139623
2021-05-05,Gujarat,10383723,2847755,13231478
2021-05-05,Haryana,3372017,612047,3984064
2021-05-05,Manipur,239359,64707,304066
2021-05-05,Sikkim,162673,49488,212161
2021-05-06,Assam,2204065,623496,2827561
2021-05-06,Chandigarh,177729,58041,235770
2021-05-06,Chhattisgarh,4920177,846682,5766859
2021-05-06,Goa,300071,79251,379322
2021-05-06,Himachal Pradesh,1656155,333536,1989691
2021-05-06,Ladakh,80912,36198,117110
2021-05-06,Miscellaneous,1686676,1354466,3041142
2021-05-07,Dadra and Nagar Haveli and Daman and Diu,81698,20094,101792
2021-05-07,Delhi,2945498,822549,3768047
2021-05-07,Jammu and Kashmir,2188417,464090,2652507
2021-05-07,Kerala,6153727,1700323,7854050
2021-05-07,Lakshadweep,19923,5344,25267
2021-05-07,Tripura,926237,449290,1375527
2021-05-07,Uttarakhand,1733697,554298,2287995
2021-05-08,Chhattisgarh,4931083,883731,5814814
2021-05-08,Delhi,3035798,861391,3897189
2021-05-08,Haryana,3554704,712044,4266748
2021-05-08,West Bengal,8764229,3127188,11891417
2021-05-09,Assam,2354056,660218,3014274
2021-05-09,Uttar Pradesh,10817123,2778728,13595851
2021-05-09,West Bengal,8765395,3135928,11901323
2021-05-09,Total,134404867,35771736,170176603
2021-05-10,Assam,2418087,685832,3103919
2021-05-10,Haryana,3657685,778346,4436031
2021-05-10,Rajasthan,11555728,2732304,14288032
2021-05-11,Assam,2469020,709001,3178021
2021-05-11,Sikkim,164311,57000,221311
2021-05-11,Telangana,4378806,983048,5361854
2021-05-12,Assam,2499093,714213,3213306
2021-05-12,Jharkhand,2741173,630878,3372051
2021-05-12,Madhya Pradesh,7273080,1585930,8859010
2021-05-12,Odisha,5098052,1350572,6448624
2021-05-13,Chandigarh,198100,70928,269028
2021-05-13,Meghalaya,311546,73293,384839
2021-05-13,Puducherry,178414,47682,226096
2021-05-13,Uttarakhand,1868151,670832,2538983
2021-05-14,Himachal Pradesh,1729593,424042,2153635
2021-05-14,West Bengal,8824252,3676768,12501020
2021-05-14,Total,139375695,41081884,180457579
2021-05-15,Andhra Pradesh,5336834,2165691,7502525
2021-05-15,Madhya Pradesh,7394717,1688118,9082835
2021-05-15,Rajasthan,12015027,2976398,14991425
2021-05-16,Jammu and Kashmir,2283447,532105,2815552
2021-05-16,Lakshadweep,20588,6494,27082
2021-05-16,Mizoram,238215,50900,289115
2021-05-16,Total,141147770,41778690,182926460
2021-05-17,Gujarat,11040435,3823422,14863857
2021-05-17,Meghalaya,334321,74078,408399
2021-05-17,Telangana,4385864,1062599,5448463
2021-05-17,West Bengal,8891796,3736383,12628179
2021-05-18,Assam,2759467,748119,3507586
2021-05-18,Chandigarh,214399,74107,288506
2021-05-18,Dadra and Nagar Haveli and Daman and Diu,96768,25877,122645
2021-05-18,Delhi,3706105,1094619,4800724
2021-05-18,Gujarat,11040715,3823467,14864182
2021-05-18,Telangana,4386463,1063960,5450423
2021-05-18,Tripura,970370,504172,1474542
2021-05-19,Goa,362946,94502,457448
2021-05-19,Haryana,4117596,918335,5035931
2021-05-19,Jammu and Kashmir,2317478,533198,2850676
2021-05-19,Lakshadweep,21168,6541,27709
2021-05-19,Nagaland,192775,51772,244547
2021-05-20,Andhra Pradesh,5539622,2317398,7857020
2021-05-20,Bihar,7648604,1714512,9363116
2021-05-20,Dadra and Nagar Haveli and Daman and Diu,107689,25901,133590
2021-05-20,Goa,371936,94552,466488
2021-05-20,Gujarat,11321155,3855643,15176798
2021-05-20,Ladakh,91095,37257,128352
2021-05-21,Bihar,7737203,1721463,9458666
2021-05-21,Haryana,4344885,938276,5283161
2021-05-21,Madhya Pradesh,7888178,1742920,9631098
2021-05-21,Manipur,339924,70024,409948
2021-05-22,Jammu and Kashmir,2417120,537331,2954451
2021-05-22,Jharkhand,3199634,676560,3876194
2021-05-22,Madhya Pradesh,8023061,1752756,9775817
2021-05-22,Sikkim,174661,59629,234290
2021-05-23,Assam,2972428,780858,3753286
2021-05-23,Chandigarh,240743,74614,315357
2021-05-23,Kerala,6627947,2019976,8647923
2021-05-23,Sikkim,174662,59629,234291
2021-05-23,Uttarakhand,2102378,681001,2783379
2021-05-24,Jammu and Kashmir,2470791,539351,3010142
2021-05-24,Madhya Pradesh,8406437,1762138,10168575
2021-05-24,Maharashtra,16607417,4406325,21013742
2021-05-24,Meghalaya,366491,74175,440666
2021-05-24,Mizoram,253879,51045,304924
2021-05-25,Andhra Pradesh,5781754,2374331,8156085
2021-05-25,Chandigarh,248680,74683,323363
2021-05-25,Haryana,4596092,960276,5556368
2021-05-25,Kerala,6736439,2020210,8756649
2021-05-25,Lakshadweep,24383,6935,31318
2021-05-25,Punjab,4108914,744101,4853015
2021-05-25,Total,157149593,43512863,200662456
2021-05-26,Assam,3121334,813577,3934911
2021-05-26,Chhattisgarh,5843954,1096622,6940576
2021-05-26,Lakshadweep,24445,6935,31380
2021-05-26,Puducherry,203180,50956,254136
2021-05-27,Arunachal Pradesh,252177,78125,330302
2021-05-27,Haryana,4710972,972444,5683416
2021-05-27,Kerala,6878833,2022091,8900924
2021-05-27,Manipur,368787,70212,438999
2021-05-28,Chhattisgarh,5869748,1099997,6969745
2021-05-28,Goa,420094,94885,514979
2021-05-28,Himachal Pradesh,1985472,433542,2419014
2021-05-28,Jammu and Kashmir,2662281,541852,3204133
2021-05-28,Tamil Nadu,6523932,1995551,8519483
2021-05-28,Uttarakhand,2192106,682624,2874730
2021-05-29,Andaman and Nicobar Islands,108314,15166,123480
2021-05-29,Kerala,7160260,2044763,9205023
2021-05-29,Maharashtra,17699104,4521400,22220504
2021-05-29,Manipur,380673,70336,451009
2021-05-29,Meghalaya,389325,74321,463646
2021-05-29,Nagaland,210545,51930,262475
2021-05-29,Total,167617477,44449137,212066614
2021-05-30,Andhra Pradesh,7282314,2484464,9766778
2021-05-30,Goa,429365,94979,524344
2021-05-30,Kerala,7180189,2050547,9230736
2021-05-31,Andaman and Nicobar Islands,109084,15181,124265
2021-05-31,Telangana,4796912,1261921,6058833
2021-06-01,Bihar,8560053,1803082,10363135
2021-06-01,Goa,438255,95218,533473
2021-06-01,Haryana,4952721,1001332,5954053
2021-06-01,Rajasthan,13985177,3133405,17118582
2021-06-02,Gujarat,13269427,4202315,17471742
2021-06-02,Himachal Pradesh,2048775,433830,2482605
2021-06-02,Puducherry,224480,51365,275845
2021-06-02,Uttarakhand,2259267,684980,2944247
2021-06-03,Chhattisgarh,5905382,1121715,7027097
2021-06-03,Karnataka,11592270,2810673,14402943
2021-06-04,Haryana,5147720,1013804,6161524
2021-06-04,Manipur,412336,70790,483126
2021-06-04,Puducherry,230476,51528,282004
2021-06-04,Punjab,4412261,788913,5201174
2021-06-04,Miscellaneous,1724441,1475029,3199470
2021-06-05,Dadra and Nagar Haveli and Daman and Diu,196910,26060,222970
2021-06-05,Lakshadweep,31303,6968,38271
2021-06-05,Meghalaya,402269,74461,476730
2021-06-05,Nagaland,229807,52039,281846
2021-06-05,Odisha,6772575,1504884,8277459
2021-06-05,Uttar Pradesh,16607371,3627227,20234598
2021-06-06,Karnataka,12314441,2869463,15183904
2021-06-06,Meghalaya,402277,74461,476738
2021-06-06,Mizoram,272304,51215,323519
2021-06-07,Andhra Pradesh,8408633,2583684,10992317
2021-06-07,Goa,484965,96496,581461
2021-06-07,Kerala,8288579,2170392,10458971
2021-06-07,Maharashtra,19559193,4852055,24411248
2021-06-07,Tamil Nadu,8016934,2102648,10119582
2021-06-07,Tripura,1132250,508241,1640491
2021-06-08,Jammu and Kashmir,2951221,572869,3524090
2021-06-08,Madhya Pradesh,11351568,1855233,13206801
2021-06-08,Manipur,440356,71104,511460
2021-06-08,Miscellaneous,1725996,1479867,3205863
2021-06-08,Total,192137133,46921227,239058360
2021-06-09,Jharkhand,3968097,761387,4729484
2021-06-09,Ladakh,146102,37340,183442
2021-06-09,Maharashtra,20007070,5008476,25015546
2021-06-09,Sikkim,184523,59759,244282
2021-06-10,Andaman and Nicobar Islands,114083,15300,129383
2021-06-10,Assam,3692774,890211,4582985
2021-06-10,Bihar,9704625,1887545,11592170
2021-06-10,Haryana,5505857,1043738,6549595
2021-06-10,Kerala,8759501,2209625,10969126
2021-06-10,Ladakh,148627,37355,185982
2021-06-10,Tripura,1140843,508864,1649707
2021-06-11,Arunachal Pradesh,326434,78990,405424
2021-06-11,Goa,516651,97513,614164
2021-06-11,West Bengal,13353003,4016602,17369605
2021-06-12,Arunachal Pradesh,331398,79029,410427
2021-06-12,Bihar,10020239,1906380,11926619
2021-06-12,Chandigarh,325378,75717,401095
2021-06-12,Jammu and Kashmir,3064681,582241,3646922
2021-06-12,Odisha,7336124,1629715,8965839
2021-06-13,Delhi,4645751,1442900,6088651
2021-06-13,Lakshadweep,39686,7073,46759
2021-06-13,Maharashtra,20727966,5181057,25909023
2021-06-13,Manipur,466390,71437,537827
2021-06-13,Mizoram,291725,52319,344044
2021-06-13,Telangana,6611795,1342756,7954551
2021-06-14,Andaman and Nicobar Islands,116624,15368,131992
2021-06-14,Arunachal Pradesh,341767,79111,420878
2021-06-14,Bihar,10202989,1922683,12125672
2021-06-14,Chandigarh,336021,75846,411867
2021-06-14,Goa,559749,98506,658255
2021-06-14,Haryana,5787413,1076127,6863540
2021-06-14,Jammu and Kashmir,3145764,585201,3730965
2021-06-14,Kerala,9140193,2266014,11406207
2021-06-14,Meghalaya,442075,74726,516801
2021-06-14,Puducherry,280716,53138,333854
2021-06-15,Andaman and Nicobar Islands,117533,15390,132923
2021-06-15,Nagaland,309192,52465,361657
2021-06-15,Punjab,4975658,826947,5802605
2021-06-15,West Bengal,13994245,4108521,18102766
2021-06-16,Arunachal Pradesh,359690,79354,439044
2021-06-16,Karnataka,14554319,3098446,17652765
2021-06-16,Punjab,5049433,831134,5880567
2021-06-16,Tamil Nadu,9419536,2197541,11617077
2021-06-17,Mizoram,357803,52635,410438
2021-06-18,Jammu and Kashmir,3307205,596441,3903646
2021-06-18,Maharashtra,21737241,5412382,27149623
2021-06-18,Manipur,488761,71979,560740
2021-06-18,Rajasthan,17247419,3370894,20618313
2021-06-18,Uttarakhand,2784984,728699,3513683
2021-06-19,Andaman and Nicobar Islands,121196,15497,136693
2021-06-19,Andhra Pradesh,9841709,2651619,12493328
2021-06-19,Delhi,4938050,1576775,6514825
2021-06-19,Goa,646295,100779,747074
2021-06-19,Maharashtra,22099860,5476317,27576177
2021-06-19,Odisha,8007028,1806556,9813584
2021-06-19,Uttar Pradesh,21550317,4022263,25572580
2021-06-20,Assam,4289772,1065467,5355239
2021-06-20,Jharkhand,4864343,908891,5773234
2021-06-20,Ladakh,161805,37470,199275
2021-06-20,Sikkim,299464,59906,359370
2021-06-20,West Bengal,14728426,4272006,19000432
2021-06-20,Total,228741774,51295124,280036898
2021-06-21,Andaman and Nicobar Islands,121956,15520,137476
2021-06-21,Arunachal Pradesh,414338,79760,494098
2021-06-21,Dadra and Nagar Haveli and Daman and Diu,290155,27026,317181
2021-06-21,Lakshadweep,44815,7154,51969
2021-06-21,Mizoram,392951,52806,445757
2021-06-21,Puducherry,379210,56896,436106
2021-06-21,Miscellaneous,1732133,1506662,3238795
2021-06-22,Arunachal Pradesh,425065,80011,505076
2021-06-22,Chandigarh,389648,77595,467243
2021-06-22,Jammu and Kashmir,3435703,610811,4046514
2021-06-22,Lakshadweep,45207,7204,52411
2021-06-22,Tripura,1733943,551437,2285380
2021-06-22,Uttar Pradesh,23083768,4101579,27185347
2021-06-22,Uttarakhand,3055862,741777,3797639
2021-06-23,Jharkhand,5157969,963126,6121095
2021-06-23,Maharashtra,23620724,5671918,29292642
2021-06-23,Tamil Nadu,11257029,2334154,13591183
2021-06-24,Haryana,6907330,1233166,8140496
2021-06-24,Jharkhand,5261627,978539,6240166
2021-06-24,Madhya Pradesh,16452929,2250841,18703770
2021-06-24,Tamil Nadu,11613983,2374498,13988481
2021-06-25,Karnataka,17865449,3476929,21342378
2021-06-25,Kerala,10403348,2901942,13305290
2021-06-25,Mizoram,487327,53195,540522
2021-06-25,Puducherry,408403,61352,469755
2021-06-25,Tripura,1862233,566572,2428805
2021-06-25,Total,259834772,55211154,315045926
2021-06-26,Delhi,5629464,1700206,7329670
2021-06-26,Madhya Pradesh,17446567,2356827,19803394
2021-06-26,Meghalaya,587049,76506,663555
2021-06-26,Mizoram,497203,53240,550443
2021-06-26,Rajasthan,20190790,3796534,23987324
2021-06-26,Uttarakhand,3426029,768022,4194051
2021-06-26,Miscellaneous,1734532,1515727,3250259
2021-06-27,Dadra and Nagar Haveli and Daman and Diu,346710,32965,379675
2021-06-27,Haryana,7166208,1307304,8473512
2021-06-27,Jharkhand,5640980,1028742,6669722
2021-06-27,Puducherry,418646,63226,481872
2021-06-28,Manipur,548098,73373,621471
2021-06-28,Nagaland,419127,55992,475119
2021-06-28,Telangana,9139787,1514891,10654678
2021-06-29,Andaman and Nicobar Islands,153048,18542,171590
2021-06-29,Bihar,13650536,2205858,15856394
2021-06-29,Chhattisgarh,7821424,1574384,9395808
2021-06-29,Gujarat,19873086,5535746,25408832
2021-06-29,Meghalaya,612035,78628,690663
2021-06-29,Uttarakhand,3536468,803295,4339763
2021-06-30,Goa,817614,116566,934180
2021-06-30,Jammu and Kashmir,3845292,680870,4526162
2021-06-30,Kerala,10842601,3254223,14096824
2021-06-30,Rajasthan,20751161,3980702,24731863
2021-06-30,Sikkim,401506,72304,473810
2021-06-30,West Bengal,16833415,5056919,21890334
2021-07-01,Goa,827800,119193,946993
2021-07-01,Himachal Pradesh,3362066,546919,3908985
2021-07-01,Madhya Pradesh,18762997,2545187,21308184
2021-07-01,Rajasthan,20795337,4006987,24802324
2021-07-02,Dadra and Nagar Haveli and Daman and Diu,407849,44695,452544
2021-07-02,Haryana,7705836,1514764,9220600
2021-07-02,Himachal Pradesh,3370592,576798,3947390
2021-07-02,Jharkhand,5846521,1077690,6924211
2021-07-02,Karnataka,19293718,3858937,23152655
2021-07-02,Sikkim,411724,81810,493534
2021-07-02,Tripura,1987810,608325,2596135
2021-07-03,Assam,6303714,1294608,7598322
2021-07-03,Karnataka,19602490,4037786,23640276
2021-07-03,Sikkim,416397,85181,501578
2021-07-03,Tripura,1998977,614628,2613605
2021-07-04,Chhattisgarh,8240838,1713403,9954241
2021-07-04,Manipur,653419,75922,729341
2021-07-04,Puducherry,455714,73723,529437
2021-07-04,Tamil Nadu,14015593,2732378,16747971
2021-07-04,Miscellaneous,1736809,1524557,3261366
2021-07-05,Goa,870453,136535,1006988
2021-07-05,Gujarat,21037552,6081045,27118597
2021-07-05,Haryana,7907797,1608298,9516095
2021-07-05,Ladakh,176300,59127,235427
2021-07-05,Madhya Pradesh,18788825,3227671,22016496
2021-07-05,Manipur,682013,77454,759467
2021-07-06,Madhya Pradesh,18792035,3236461,22028496
2021-07-06,Maharashtra,27660383,7142815,34803198
2021-07-06,Rajasthan,21454506,4393818,25848324
2021-07-06,Miscellaneous,1737305,1527259,3264564
2021-07-07,Arunachal Pradesh,566001,101318,667319
2021-07-07,Odisha,10542457,2589364,13131821
2021-07-07,Telangana,10182863,1810039,11992902
2021-07-07,Uttar Pradesh,29896371,5375629,35272000
2021-07-08,Delhi,6666304,2013480,8679784
2021-07-08,Haryana,7991029,1667304,9658333
2021-07-08,Jammu and Kashmir,4254750,810355,5065105
2021-07-08,Manipur,758845,82292,841137
2021-07-08,Odisha,10623963,2652090,13276053
2021-07-08,Puducherry,470845,95606,566451
2021-07-08,Sikkim,436734,110041,546775
2021-07-09,Chhattisgarh,8449013,1846188,10295201
2021-07-09,Delhi,6761670,2049346,8811016
2021-07-09,Jharkhand,6318626,1254799,7573425
2021-07-09,Odisha,10683343,2693487,13376830
2021-07-09,Punjab,6800474,1329096,8129570
2021-07-09,Rajasthan,21609690,4589904,26199594
2021-07-09,Tamil Nadu,14418168,2918241,17336409
2021-07-10,Andaman and Nicobar Islands,166120,56520,222640
2021-07-10,Bihar,15882280,2674098,18556378
2021-07-10,Chhattisgarh,8498849,1865528,10364377
2021-07-10,Sikkim,442125,118462,560587
2021-07-10,Uttar Pradesh,31368938,5797454,37166392
2021-07-11,Andaman and Nicobar Islands,166343,56716,223059
2021-07-11,Arunachal Pradesh,593409,112679,706088
2021-07-11,Kerala,11559011,4141963,15700974
2021-07-11,Sikkim,442125,118462,560587
2021-07-12,Arunachal Pradesh,600181,117004,717185
2021-07-12,Chandigarh,500328,120393,620721
2021-07-12,Miscellaneous,1740207,1532718,3272925
2021-07-13,Andhra Pradesh,14063743,3772529,17836272
2021-07-13,Assam,6988194,1384441,8372635
2021-07-13,Himachal Pradesh,3487424,928925,4416349
2021-07-13,Karnataka,21365071,4846702,26211773
2021-07-13,Maharashtra,29348230,8168543,37516773
2021-07-13,Sikkim,450013,125036,575049
2021-07-13,Tamil Nadu,15160088,3143822,18303910
2021-07-14,Arunachal Pradesh,611880,124519,736399
2021-07-14,Gujarat,21984689,6519179,28503868
2021-07-14,Himachal Pradesh,3491953,955322,4447275
2021-07-15,Andhra Pradesh,14242468,3887767,18130235
2021-07-15,Goa,960479,195403,1155882
2021-07-15,Karnataka,21610036,5004572,26614608
2021-07-15,Lakshadweep,48780,12364,61144
2021-07-15,Odisha,11092426,2924665,14017091
2021-07-15,Uttar Pradesh,33212075,6308010,39520085
2021-07-15,Miscellaneous,1741615,1535668,3277283
2021-07-16,Arunachal Pradesh,623199,133302,756501
2021-07-16,Gujarat,22342350,6695070,29037420
2021-07-16,Meghalaya,769936,116645,886581
2021-07-16,Sikkim,461643,134333,595976
2021-07-17,Chhattisgarh,8858395,2013866,10872261
2021-07-17,Himachal Pradesh,3505004,1039787,4544791
2021-07-17,Karnataka,21951515,5260196,27211711
2021-07-17,Nagaland,545016,112838,657854
2021-07-17,Tripura,2140335,692203,2832538
2021-07-18,Andaman and Nicobar Islands,180805,77305,258110
2021-07-18,Gujarat,22564829,6789931,29354760
2021-07-18,Madhya Pradesh,21176794,4015364,25192158
2021-07-18,Mizoram,609380,127514,736894
2021-07-18,West Bengal,18590415,7508202,26098617
2021-07-19,Gujarat,22850251,6902088,29752339
2021-07-19,Karnataka,22188552,5408325,27596877
2021-07-19,Maharashtra,30636740,9275340,39912080
2021-07-19,Manipur,947072,110389,1057461
2021-07-19,Meghalaya,788294,126750,915044
2021-07-19,Uttarakhand,4088707,1210234,5298941
2021-07-19,West Bengal,18751077,7674598,26425675
2021-07-20,Assam,7498423,1587248,9085671
2021-07-20,Goa,990913,222451,1213364
2021-07-20,Kerala,12277846,5051565,17329411
2021-07-20,Tripura,2163519,710671,2874190
2021-07-20,Uttarakhand,4132940,1240959,5373899
2021-07-21,Jammu and Kashmir,4622184,1065720,5687904
2021-07-21,Kerala,12340371,5087592,17427963
2021-07-21,Nagaland,577392,127080,704472
2021-07-21,Uttar Pradesh,35198077,6838114,42036191
2021-07-21,Miscellaneous,1743095,1539569,3282664
2021-07-22,Assam,7697838,1641219,9339057
2021-07-22,Miscellaneous,1743250,1540244,3283494
2021-07-23,Arunachal Pradesh,650132,156649,806781
2021-07-23,Chhattisgarh,9183532,2169304,11352836
2021-07-23,Dadra and Nagar Haveli and Daman and Diu,526625,70567,597192
2021-07-23,Goa,1005102,238765,1243867
2021-07-23,Sikkim,481112,143887,624999
2021-07-24,Assam,7958759,1711690,9670449
2021-07-24,Maharashtra,31356929,9844097,41201026
2021-07-24,Tripura,2210177,741838,2952015
2021-07-24,Uttarakhand,4210352,1316369,5526721
2021-07-24,West Bengal,19487580,8194575,27682155
2021-07-25,Jharkhand,7242101,1643256,8885357
2021-07-25,Karnataka,22942288,5944413,28886701
2021-07-25,Manipur,1038690,158626,1197316
2021-07-25,Nagaland,594445,136401,730846
2021-07-25,Uttarakhand,4213935,1323550,5537485
2021-07-26,Gujarat,24295325,7517929,31813254
2021-07-26,Kerala,13129804,5683515,18813319
2021-07-26,Manipur,1055476,170480,1225956
2021-07-26,Sikkim,484754,145263,630017
2021-07-27,Delhi,7324923,2454517,9779440
2021-07-27,Goa,1029078,257039,1286117
2021-07-27,Kerala,13234020,5708946,18942966
2021-07-27,Rajasthan,24136241,6709297,30845538
2021-07-28,Gujarat,24563691,7639321,32203012
2021-07-28,West Bengal,20136326,8461201,28597527
2021-07-28,Miscellaneous,1743954,1543824,3287778
2021-07-29,Andaman and Nicobar Islands,203975,90223,294198
2021-07-29,Chhattisgarh,9435658,2284932,11720590
2021-07-29,Dadra and Nagar Haveli and Daman and Diu,546223,73618,619841
2021-07-29,Jharkhand,7614875,1754306,9369181
2021-07-29,Ladakh,186751,66106,252857
2021-07-29,Telangana,11176337,3280505,14456842
2021-07-29,Uttar Pradesh,39185216,7595764,46780980
2021-07-30,Maharashtra,32793470,10971677,43765147
2021-07-30,Uttarakhand,4413594,1418451,5832045
2021-07-30,West Bengal,20540439,8611188,29151627
2021-07-31,Jharkhand,7829987,1814073,9644060
2021-07-31,Meghalaya,890842,198439,1089281
2021-07-31,Uttarakhand,4497424,1436698,5934122
2021-07-31,Miscellaneous,1744376,1545196,3289572
2021-08-01,Andaman and Nicobar Islands,209744,91633,301377
2021-08-01,Haryana,9408116,2537782,11945898
2021-08-01,Odisha,12718069,3919719,16637788
2021-08-02,Bihar,20930091,3962583,24892674
2021-08-02,Goa,1066012,277150,1343162
2021-08-02,Jammu and Kashmir,5032466,1356910,6389376
2021-08-02,Madhya Pradesh,27784785,5292287,33077072
2021-08-02,Manipur,1122272,212251,1334523
2021-08-03,Chandigarh,659903,203429,863332
2021-08-03,Total,378090597,107195973,485286570
2021-08-05,Himachal Pradesh,4115581,1334173,5449754
2021-08-05,Maharashtra,34255431,11740060,45995491
2021-08-05,Nagaland,627189,155313,782502
2021-08-06,Dadra and Nagar Haveli and Daman and Diu,576133,77418,653551
2021-08-06,Ladakh,188226,69325,257551
2021-08-06,Uttarakhand,4882205,1542125,6424330
2021-08-07,Himachal Pradesh,4190275,1360958,5551233
2021-08-07,Meghalaya,932563,226357,1158920
2021-08-07,Punjab,8068067,2205009,10273076
2021-08-07,Tamil Nadu,20519815,4619879,25139694
2021-08-08,Bihar,23190928,4447714,27638642
2021-08-08,Chhattisgarh,9960587,2597535,12558122
2021-08-08,Lakshadweep,50962,16951,67913
2021-08-08,Madhya Pradesh,29251677,5649657,34901334
2021-08-08,Mizoram,653446,204972,858418
2021-08-08,Punjab,8110573,2232985,10343558
2021-08-08,West Bengal,23018390,9081172,32099562
2021-08-09,Himachal Pradesh,4249932,1382642,5632574
2021-08-09,Jammu and Kashmir,5325806,1491262,6817068
2021-08-09,Lakshadweep,51165,17170,68335
2021-08-09,Meghalaya,938984,232152,1171136
2021-08-09,Mizoram,654946,206780,861726
2021-08-10,Chhattisgarh,10000779,2632861,12633640
2021-08-10,Tamil Nadu,21024528,4734496,25759024
2021-08-10,Tripura,2417276,808369,3225645
2021-08-11,Assam,10775036,2290972,13066008
2021-08-11,Chhattisgarh,10025148,2661650,12686798
2021-08-11,Haryana,10191514,3003411,13194925
2021-08-11,Karnataka,26188737,7609863,33798600
2021-08-12,Rajasthan,27692302,8666775,36359077
2021-08-12,Telangana,11822212,4081905,15904117
2021-08-13,Goa,1107380,321103,1428483
2021-08-13,Madhya Pradesh,30929322,5937669,36866991
2021-08-13,West Bengal,24482797,9338980,33821777
2021-08-14,Assam,11432960,2443107,13876067
2021-08-14,Himachal Pradesh,4950815,1513710,6464525
2021-08-14,Karnataka,26663230,7837574,34500804
2021-08-14,Ladakh,189535,72825,262360
2021-08-14,Nagaland,639379,167940,807319
2021-08-14,Odisha,15011582,4475606,19487188
2021-08-14,Telangana,12073758,4152143,16225901
2021-08-15,Andaman and Nicobar Islands,232929,97305,330234
2021-08-15,Haryana,10542267,3215782,13758049
2021-08-15,Maharashtra,36542647,12875413,49418060
2021-08-15,Meghalaya,969057,257426,1226483
2021-08-15,Tripura,2434672,826885,3261557
2021-08-15,Miscellaneous,1900807,1551347,3452154
2021-08-16,Andaman and Nicobar Islands,234616,97814,332430
2021-08-16,Assam,11861415,2521016,14382431
2021-08-16,Goa,1118736,337909,1456645
2021-08-16,Uttarakhand,5582903,1748355,7331258
2021-08-16,West Bengal,25138845,9462389,34601234
2021-08-17,Chandigarh,752894,256265,1009159
2021-08-17,Karnataka,27353315,8119278,35472593
2021-08-17,Maharashtra,37444743,13307700,50752443
2021-08-17,Puducherry,620081,160375,780456
2021-08-17,Rajasthan,29183876,9237187,38421063
2021-08-17,Uttarakhand,5661593,1773164,7434757
2021-08-18,Chandigarh,758525,260311,1018836
2021-08-18,Kerala,18442543,6808722,25251265
2021-08-18,Mizoram,662987,223029,886016
2021-08-18,Nagaland,643950,177197,821147
2021-08-19,Andaman and Nicobar Islands,236726,99292,336018
2021-08-19,Jammu and Kashmir,5705878,1637831,7343709
2021-08-19,Nagaland,644594,178496,823090
2021-08-20,Himachal Pradesh,5215365,1600633,6815998
2021-08-20,Jammu and Kashmir,5735458,1649882,7385340
2021-08-20,Meghalaya,995171,278467,1273638
2021-08-20,Odisha,15634113,4794146,20428259
2021-08-20,Sikkim,503326,164078,667404
2021-08-21,Bihar,27048961,5293511,32342472
2021-08-21,Jammu and Kashmir,5765135,1660893,7426028
2021-08-21,Ladakh,190402,77088,267490
2021-08-21,Maharashtra,38994650,14009863,53004513
2021-08-21,Manipur,1182202,297035,1479237
2021-08-21,Nagaland,646190,180259,826449
2021-08-22,Assam,12806451,2738154,15544605
2021-08-22,Kerala,18958776,6870011,25828787
2021-08-22,Odisha,15674355,4836796,20511151
2021-08-22,Total,451513534,131036061,582549595
2021-08-23,Arunachal Pradesh,711695,213308,925003
2021-08-23,Himachal Pradesh,5283827,1634501,6918328
2021-08-23,Manipur,1184277,303691,1487968
2021-08-23,Rajasthan,30289979,9677263,39967242
2021-08-24,Bihar,27594430,5446413,33040843
2021-08-25,Arunachal Pradesh,714611,217783,932394
2021-08-25,Jammu and Kashmir,5930710,1732691,7663401
2021-08-25,Ladakh,191651,87924,279575
2021-08-25,Odisha,16055088,5022415,21077503
2021-08-25,Tripura,2451748,864002,3315750
2021-08-25,West Bengal,27150037,10499392,37649429
2021-08-26,Bihar,28577881,5665356,34243237
2021-08-26,Maharashtra,40573317,14758347,55331664
2021-08-26,Manipur,1187651,316030,1503681
2021-08-26,Punjab,10034669,3098604,13133273
2021-08-26,West Bengal,27405125,10661444,38066569
2021-08-26,Miscellaneous,1901673,1554402,3456075
2021-08-27,Punjab,10108925,3131238,13240163
2021-08-29,Jammu and Kashmir,6096360,1793209,7889569
2021-08-29,Kerala,20645882,7506612,28152494
2021-08-29,Tamil Nadu,25320506,6281760,31602266
2021-08-29,West Bengal,28297952,11143625,39441577
2021-08-30,Andaman and Nicobar Islands,255805,105042,360847
2021-08-30,Haryana,12140539,4077091,16217630
2021-08-30,Himachal Pradesh,5472735,1733724,7206459
2021-08-30,Jharkhand,10185016,2571939,12756955
2021-08-30,Tamil Nadu,25725153,6407270,32132423
2021-08-31,Arunachal Pradesh,726439,242902,969341
2021-08-31,Assam,14423801,3127608,17551409
2021-08-31,Bihar,31740899,6278275,38019174
2021-08-31,Jammu and Kashmir,6252120,1848071,8100191
2021-08-31,Karnataka,32054742,10361122,42415864
2021-08-31,Telangana,13369090,4630022,17999112
2021-08-31,Tripura,2460629,885651,3346280
2021-08-31,Miscellaneous,1901906,1554951,3456857
2021-09-01,Assam,14514940,3154817,17669757
2021-09-01,Gujarat,35140085,11976796,47116881
2021-09-01,Karnataka,32967487,10680452,43647939
2021-09-01,Mizoram,670431,238618,909049
2021-09-01,Puducherry,641839,187780,829619
2021-09-02,Andhra Pradesh,22280287,8757219,31037506
2021-09-02,Arunachal Pradesh,729444,250218,979662
2021-09-02,Bihar,32264358,6422582,38686940
2021-09-02,Karnataka,33231681,10811850,44043531
2021-09-02,Rajasthan,34560753,11192165,45752918
2021-09-02,Tripura,2462687,893047,3355734
2021-09-02,Miscellaneous,1902038,1555114,3457152
2021-09-03,Lakshadweep,52834,25575,78409
2021-09-03,Meghalaya,1032353,316816,1349169
2021-09-03,Mizoram,672129,245138,917267
2021-09-04,Haryana,12686505,4368748,17055253
2021-09-04,Lakshadweep,52884,25992,78876
2021-09-04,Miscellaneous,1902082,1555313,3457395
2021-09-05,Madhya Pradesh,39739421,8892629,48632050
2021-09-05,Maharashtra,45687825,17263513,62951338
2021-09-05,Meghalaya,1033993,320955,1354948
2021-09-05,Puducherry,649890,198590,848480
2021-09-05,Tripura,2465033,901147,3366180
2021-09-06,Bihar,34255613,7035715,41291328
2021-09-06,Gujarat,36755715,13020258,49775973
2021-09-06,Jammu and Kashmir,6497878,1977605,8475483
2021-09-06,Tripura,2466273,906283,3372556
2021-09-07,Chhattisgarh,11162591,3541660,14704251
2021-09-07,Miscellaneous,1902200,1555985,3458185
2021-09-08,Assam,15757069,3502138,19259207
2021-09-08,Chandigarh,838763,341258,1180021
2021-09-08,Ladakh,196554,115998,312552
2021-09-08,Manipur,1204611,377919,1582530
2021-09-08,Tripura,2468108,916379,3384487
2021-09-08,Miscellaneous,1902200,1555985,3458185
2021-09-09,Delhi,10463136,4275970,14739106
2021-09-09,Gujarat,37704430,13735338,51439768
2021-09-09,Lakshadweep,53317,29583,82900
2021-09-09,Sikkim,510045,214986,725031
2021-09-10,Bihar,36052126,7543592,43595718
2021-09-10,Dadra and Nagar Haveli and Daman and Diu,626221,175745,801966
2021-09-10,Himachal Pradesh,5574225,1905926,7480151
2021-09-10,Jharkhand,11643414,3050949,14694363
2021-09-10,Odisha,18917503,6231669,25149172
2021-09-10,Telangana,14105262,5187443,19292705
2021-09-11,Gujarat,38161496,14125250,52286746
2021-09-11,Haryana,13484621,4735347,18219968
2021-09-11,Karnataka,35196111,12249521,47445632
2021-09-11,Mizoram,678503,297260,975763
2021-09-11,Nagaland,667261,253637,920898
2021-09-11,Uttar Pradesh,72239995,14645020,86885015
2021-09-12,Arunachal Pradesh,738725,288298,1027023
2021-09-12,Delhi,10637850,4384839,15022689
2021-09-12,Goa,1184536,484288,1668824
2021-09-12,Haryana,13546989,4757232,18304221
2021-09-12,Lakshadweep,53750,33149,86899
2021-09-12,Maharashtra,49257090,18634318,67891408
2021-09-12,Mizoram,678503,297260,975763
2021-09-12,West Bengal,33875066,13463916,47338982
2021-09-13,Andhra Pradesh,24330101,10854556,35184657
2021-09-13,Chandigarh,854773,364997,1219770
2021-09-13,Lakshadweep,53893,33950,87843
2021-09-13,Mizoram,679460,306546,986006
2021-09-13,Odisha,19319487,6415894,25735381
2021-09-14,Dadra and Nagar Haveli and Daman and Diu,628888,189191,818079
2021-09-14,Delhi,10843365,4509502,15352867
2021-09-14,Meghalaya,1050744,374868,1425612
2021-09-14,Puducherry,660708,226131,886839
2021-09-14,Sikkim,512478,263553,776031
2021-09-15,Chandigarh,861602,375202,1236804
2021-09-15,Jammu and Kashmir,6999607,2652498,9652105
2021-09-15,Lakshadweep,54019,35414,89433
2021-09-15,Odisha,19718123,6680093,26398216
2021-09-15,Punjab,12591082,4040209,16631291
2021-09-16,Puducherry,663980,234540,898520
2021-09-16,West Bengal,34765201,14173775,48938976
2021-09-17,Arunachal Pradesh,743255,321389,1064644
2021-09-17,Chandigarh,868733,385237,1253970
2021-09-17,Delhi,11088466,4691375,15779841
2021-09-17,Jammu and Kashmir,7122875,2786826,9909701
2021-09-17,Sikkim,514042,298163,812205
2021-09-17,Miscellaneous,1902588,1557957,3460545
2021-09-18,Delhi,11192923,4790446,15983369
2021-09-18,Puducherry,669093,248369,917462
2021-09-19,Andhra Pradesh,25390426,11778820,37169246
2021-09-19,Lakshadweep,54337,37141,91478
2021-09-19,Madhya Pradesh,45129801,12421275,57551076
2021-09-19,Mizoram,684563,362438,1047001
2021-09-19,Puducherry,670139,250889,921028
2021-09-19,Sikkim,514426,309417,823843
2021-09-19,Tamil Nadu,33726820,9276680,43003500
2021-09-20,Chandigarh,878370,401790,1280160
2021-09-20,Delhi,11314869,4901345,16216214
2021-09-20,Gujarat,40133242,16967583,57100825
2021-09-20,Odisha,20593106,7354299,27947405
2021-09-20,Puducherry,673644,258794,932438
2021-09-20,Tripura,2485131,1193704,3678835
2021-09-21,Delhi,11413942,4998448,16412390
2021-09-21,Ladakh,201904,130135,332039
2021-09-21,Maharashtra,53696818,21360302,75057120
2021-09-21,Sikkim,515147,326453,841600
2021-09-22,Arunachal Pradesh,747590,357555,1105145
2021-09-22,Meghalaya,1062258,424932,1487190
2021-09-22,Telangana,16812778,6312182,23124960
2021-09-22,Tripura,2487528,1240244,3727772
2021-09-22,West Bengal,38095804,15458360,53554164
2021-09-23,Assam,17928465,5032915,22961380
2021-09-23,Chandigarh,885927,415722,1301649
2021-09-23,Haryana,15992934,5796379,21789313
2021-09-23,Himachal Pradesh,5636538,2475473,8112011
2021-09-23,Kerala,24341295,10331760,34673055
2021-09-23,Maharashtra,54812576,22108614,76921190
2021-09-23,Meghalaya,1063908,431973,1495881
2021-09-23,Uttarakhand,7294328,2923712,10218040
2021-09-24,Mizoram,691910,411646,1103556
2021-09-24,Puducherry,685880,282969,968849
2021-09-25,Lakshadweep,54687,40053,94740
2021-09-25,Maharashtra,55412765,22690017,78102782
2021-09-26,Goa,1217302,654581,1871883
2021-09-26,Jammu and Kashmir,7648256,3295466,10943722
2021-09-26,Mizoram,692897,413332,1106229
2021-09-26,Punjab,14354368,4909368,19263736
2021-09-27,Bihar,43229272,10585429,53814701
2021-09-27,Kerala,24544949,10629914,35174863
2021-09-27,Puducherry,694530,301113,995643
2021-09-27,Tamil Nadu,35590465,10817810,46408275
2021-09-28,Chhattisgarh,12974099,5155958,18130057
2021-09-28,Karnataka,38730476,16414252,55144728
2021-09-28,Kerala,24610976,10761410,35372386
2021-09-28,Sikkim,517794,379040,896834
2021-09-28,Tamil Nadu,35714117,10932685,46646802
2021-09-29,Haryana,16486940,6208157,22695097
2021-09-29,Jharkhand,13563326,4067529,17630855
2021-09-29,Telangana,18357955,6920355,25278310
2021-10-01,Andaman and Nicobar Islands,289982,154279,444261
2021-10-01,Arunachal Pradesh,756873,424631,1181504
2021-10-01,Karnataka,39350560,17342940,56693500
2021-10-01,Madhya Pradesh,48533770,15274776,63808546
2021-10-01,Manipur,1224679,489358,1714037
2021-10-01,Odisha,22371628,8642655,31014283
2021-10-01,West Bengal,41549955,16856856,58406811
2021-10-02,Andhra Pradesh,27999256,14203868,42203124
2021-10-02,Gujarat,42188806,19205901,61394707
2021-10-02,Karnataka,39426250,17481551,56907801
2021-10-02,Tamil Nadu,36259199,11438853,47698052
2021-10-02,Uttar Pradesh,87504304,21648144,109152448
2021-10-03,Andaman and Nicobar Islands,289999,154348,444347
2021-10-03,Assam,18896120,5937257,24833377
2021-10-03,Chandigarh,905179,460694,1365873
2021-10-03,Chhattisgarh,13159176,5384594,18543770
2021-10-03,Gujarat,42217531,19230911,61448442
2021-10-03,Himachal Pradesh,5666290,2782031,8448321
2021-10-03,Lakshadweep,54846,42262,97108
2021-10-03,Madhya Pradesh,48623289,15352444,63975733
2021-10-03,West Bengal,41840108,16960925,58801033
2021-10-03,Total,659815128,248117733,907932861
2021-10-04,Andaman and Nicobar Islands,290292,156997,447289
2021-10-04,Dadra and Nagar Haveli and Daman and Diu,648159,293414,941573
2021-10-04,Telangana,19374256,7357654,26731910
2021-10-04,Uttar Pradesh,88558148,22305145,110863293
2021-10-04,Uttarakhand,7383687,3226496,10610183
2021-10-04,Miscellaneous,1902970,1559989,3462959
2021-10-05,Karnataka,39606866,17813598,57420464
2021-10-05,Maharashtra,59148680,25499623,84648303
2021-10-05,West Bengal,43078909,17310807,60389716
2021-10-06,Haryana,16986312,6713833,23700145
2021-10-06,Himachal Pradesh,5673924,2866253,8540177
2021-10-07,Arunachal Pradesh,761383,454807,1216190
2021-10-07,Goa,1236761,758796,1995557
2021-10-07,Uttarakhand,7399499,3282565,10682064
2021-10-08,Lakshadweep,54964,43385,98349
2021-10-09,Manipur,1230951,539800,1770751
2021-10-09,Puducherry,713515,345788,1059303
2021-10-09,Punjab,15116949,5479270,20596219
2021-10-09,Rajasthan,41389970,17262697,58652667
2021-10-09,West Bengal,46206046,17953133,64159179
2021-10-10,Himachal Pradesh,5679341,2922020,8601361
2021-10-10,Jharkhand,14257319,4596471,18853790
2021-10-10,Karnataka,40186682,18844711,59031393
2021-10-10,Telangana,20101149,7741834,27842983
2021-10-10,Miscellaneous,1903052,1561135,3464187
2021-10-11,Chhattisgarh,13681384,6018513,19699897
2021-10-11,Delhi,12588827,6600202,19189029
2021-10-11,Karnataka,40328092,19144794,59472886
2021-10-11,Madhya Pradesh,49022411,16445650,65468061
2021-10-11,Manipur,1232338,553984,1786322
2021-10-11,Odisha,23523302,9531355,33054657
2021-10-11,Telangana,20241614,7831206,28072820
2021-10-11,Tripura,2500998,1493501,3994499
2021-10-12,Madhya Pradesh,49054562,16586362,65640924
2021-10-13,Chandigarh,916397,495612,1412009
2021-10-13,Odisha,23828213,9718751,33546964
2021-10-13,Rajasthan,41676791,17895961,59572752
2021-10-13,Telangana,20498720,7960191,28458911
2021-10-13,Tripura,2501026,1493882,3994908
2021-10-13,Uttarakhand,7424158,3400469,10824627
2021-10-14,Gujarat,43872383,22482600,66354983
2021-10-14,Maharashtra,62897496,27848961,90746457
2021-10-14,Uttar Pradesh,92237989,25483124,117721113
2021-10-15,Dadra and Nagar Haveli and Daman and Diu,654239,332235,986474
2021-10-15,Odisha,24067629,9843455,33911084
2021-10-15,Tripura,2501053,1494072,3995125
2021-10-16,Goa,1246926,817390,2064316
2021-10-16,Odisha,24162659,9916976,34079635
2021-10-16,Puducherry,719483,363804,1083287
2021-10-16,Uttar Pradesh,92365203,25825941,118191144
2021-10-16,West Bengal,47970652,18249250,66219902
2021-10-16,Miscellaneous,1903123,1562435,3465558
2021-10-16,Total,694733920,281855620,976589540
2021-10-17,Andhra Pradesh,30038693,16658462,46697155
2021-10-17,Assam,19723518,6585238,26308756
2021-10-17,Delhi,12740728,6859515,19600243
2021-10-17,Uttar Pradesh,92384383,25848486,118232869
2021-10-18,Arunachal Pradesh,765976,491092,1257068
2021-10-18,Chandigarh,919359,509466,1428825
2021-10-18,Goa,1248773,829575,2078348
2021-10-18,Gujarat,44062618,23154469,67217087
2021-10-18,Jammu and Kashmir,9423086,4404034,13827120
2021-10-18,Ladakh,207866,147645,355511
2021-10-18,Lakshadweep,55040,44826,99866
2021-10-18,Punjab,15512586,5800571,21313157
2021-10-18,Tripura,2501958,1506056,4008014
2021-10-19,Arunachal Pradesh,766403,494443,1260846
2021-10-19,Jharkhand,14490392,4870407,19360799
2021-10-19,Mizoram,705793,491775,1197568
2021-10-19,Punjab,15580392,5855146,21435538
2021-10-19,Uttarakhand,7438351,3511106,10949457
2021-10-20,Gujarat,44164637,23503263,67667900
2021-10-20,Lakshadweep,55048,44905,99953
2021-10-20,Maharashtra,64387250,28813458,93200708
2021-10-20,Mizoram,706149,494736,1200885
2021-10-20,Puducherry,722698,374661,1097359
2021-10-21,Dadra and Nagar Haveli and Daman and Diu,656732,348786,1005518
2021-10-21,Haryana,17543219,7592703,25135922
2021-10-21,Kerala,25153284,12564537,37717821
2021-10-21,Lakshadweep,55048,44927,99975
2021-10-21,Maharashtra,64926946,29070768,93997714
2021-10-21,Manipur,1239478,624647,1864125
2021-10-21,Miscellaneous,2237389,1563032,3800421
2021-10-21,Total,709386804,296517776,1005904580
2021-10-22,Andhra Pradesh,31444989,18032266,49477255
2021-10-22,Goa,1252224,851685,2103909
2021-10-22,Himachal Pradesh,5698536,3179968,8878504
2021-10-22,Kerala,25175697,12709474,37885171
2021-10-22,Maharashtra,65231520,29350149,94581669
2021-10-22,Odisha,24879861,10493417,35373278
2021-10-22,Puducherry,724326,380189,1104515
2021-10-23,Delhi,12893328,7153457,20046785
2021-10-23,Goa,1253513,859836,2113349
2021-10-23,Gujarat,44381420,24257770,68639190
2021-10-23,Manipur,1241394,645829,1887223
2021-10-23,Rajasthan,42268910,19221686,61490596
2021-10-23,Uttarakhand,7452106,3631699,11083805
2021-10-24,Assam,19897594,7218906,27116500
2021-10-24,Goa,1254150,864620,2118770
2021-10-24,Jharkhand,14687059,5157335,19844394
2021-10-24,Kerala,25196694,12865809,38062503
2021-10-24,Maharashtra,65587016,29692754,95279770
2021-10-24,Manipur,1241771,648137,1889908
2021-10-24,Puducherry,725598,384282,1109880
2021-10-24,Tripura,2504322,1546687,4051009
2021-10-24,Uttar Pradesh,95911944,29551067,125463011
2021-10-24,Uttarakhand,7452767,3639961,11092728
2021-10-25,Karnataka,41949386,21693599,63642985
2021-10-25,Kerala,25215790,13008095,38223885
2021-10-25,Madhya Pradesh,49790047,19172489,68962536
2021-10-26,Puducherry,730665,395177,1125842
2021-10-27,Goa,1257226,882838,2140064
2021-10-27,Himachal Pradesh,5706786,3322781,9029567
2021-10-27,Punjab,15849060,6130902,21979962
2021-10-28,Arunachal Pradesh,770904,528279,1299183
2021-10-28,Chandigarh,924720,538652,1463372
2021-10-28,Chhattisgarh,14723085,7142240,21865325
2021-10-28,Goa,1258057,887750,2145807
2021-10-28,Mizoram,710897,510042,1220939
2021-10-29,Assam,20106832,7902711,28009543
2021-10-29,Chandigarh,925246,541908,1467154
2021-10-29,Haryana,17743678,8052991,25796669
2021-10-29,Jharkhand,14903440,5480472,20383912
2021-10-29,Madhya Pradesh,49869109,20209648,70078757
2021-10-29,Maharashtra,66908849,30750033,97658882
2021-10-29,Mizoram,711341,511799,1223140
2021-10-29,Rajasthan,42489785,19902398,62392183
2021-10-29,Tamil Nadu,40797604,16634426,57432030
2021-10-30,Dadra and Nagar Haveli and Daman and Diu,660750,370235,1030985
2021-10-30,Delhi,13043154,7413565,20456719
2021-10-30,Karnataka,42480157,22830221,65310378
2021-10-30,Punjab,15939393,6234555,22173948
2021-10-31,Meghalaya,1103275,641819,1745094
2021-10-17,Bihar,47293844,14310767,61604611
2021-10-20,Tamil Nadu,39457940,14485731,53943671
2021-01-16,Arunachal Pradesh,829,0,829
2021-01-16,Assam,3528,0,3528
2021-01-16,Himachal Pradesh,1517,0,1517
2021-01-16,Manipur,585,0,585
2021-01-16,Sikkim,120,0,120
2021-01-16,Telangana,3653,0,3653
2021-01-16,Uttar Pradesh,21291,0,21291
2021-01-16,Miscellaneous,0,0,0
2021-01-18,Arunachal Pradesh,2805,0,2805
2021-01-18,Jammu and Kashmir,3375,0,3375
2021-01-18,Jharkhand,6059,0,6059
2021-01-18,Ladakh,119,0,119
2021-01-19,Goa,426,0,426
2021-01-19,Jharkhand,8824,0,8824
2021-01-19,Karnataka,80686,0,80686
2021-01-19,Odisha,55138,0,55138
2021-01-19,Total,630417,0,630417
2021-01-20,Andaman and Nicobar Islands,644,0,644
2021-01-20,Goa,426,0,426
2021-01-20,Jammu and Kashmir,4414,0,4414
2021-01-20,Puducherry,759,0,759
2021-01-20,Rajasthan,32379,0,32379
2021-01-20,Sikkim,573,0,573
2021-01-20,Uttar Pradesh,22644,0,22644
2021-01-21,Andhra Pradesh,115365,0,115365
2021-01-21,Jammu and Kashmir,6847,0,6847
2021-01-21,Punjab,12532,0,12532
2021-01-21,West Bengal,53988,0,53988
2021-01-22,Himachal Pradesh,9609,0,9609
2021-01-22,Kerala,47293,0,47293
2021-01-22,Lakshadweep,552,0,552
2021-01-22,West Bengal,84505,0,84505
2021-01-22,Miscellaneous,36926,0,36926
2021-01-23,Dadra and Nagar Haveli and Daman and Diu,628,0,628
2021-01-23,Gujarat,78466,0,78466
2021-01-23,Kerala,53529,0,53529
2021-01-23,Mizoram,3979,0,3979
2021-01-23,Rajasthan,67270,0,67270
2021-01-23,Tamil Nadu,59226,0,59226
2021-01-24,Andaman and Nicobar Islands,2019,0,2019
2021-01-24,Gujarat,78466,0,78466
2021-01-24,Jammu and Kashmir,11647,0,11647
2021-01-24,Ladakh,558,0,558
2021-01-24,Manipur,2319,0,2319
2021-01-24,Meghalaya,2236,0,2236
2021-01-25,Andhra Pradesh,156120,0,156120
2021-01-25,Assam,19837,0,19837
2021-01-25,Dadra and Nagar Haveli and Daman and Diu,665,0,665
2021-01-25,Miscellaneous,43625,0,43625
2021-01-26,Arunachal Pradesh,7307,0,7307
2021-01-26,Chhattisgarh,40025,0,40025
2021-01-26,Delhi,33219,0,33219
2021-01-26,Karnataka,231607,0,231607
2021-01-27,Karnataka,267811,0,267811
2021-01-27,Kerala,82970,0,82970
2021-01-27,Maharashtra,179509,0,179509
2021-01-28,Bihar,107174,0,107174
2021-01-28,Haryana,115968,0,115968
2021-01-28,Meghalaya,3870,0,3870
2021-01-28,Miscellaneous,48401,0,48401
2021-01-29,Jammu and Kashmir,26634,0,26634
2021-01-29,Manipur,3399,0,3399
2021-01-29,Rajasthan,324973,0,324973
2021-01-29,Sikkim,2020,0,2020
2021-01-29,Tamil Nadu,97126,0,97126
2021-01-29,West Bengal,221994,0,221994
2021-01-30,Jharkhand,40726,0,40726
2021-01-30,Manipur,3987,0,3987
2021-01-31,Arunachal Pradesh,9651,0,9651
2021-01-31,Goa,4117,0,4117
2021-01-31,Jammu and Kashmir,26634,0,26634
2021-01-31,Jharkhand,40860,0,40860
2021-01-31,Karnataka,315370,0,315370
2021-01-31,Nagaland,3993,0,3993
2021-02-01,Goa,4509,0,4509
2021-02-01,Lakshadweep,807,0,807
2021-02-01,Nagaland,3998,0,3998
2021-02-01,Odisha,207462,0,207462
2021-02-01,Tamil Nadu,112687,0,112687
2021-02-02,Arunachal Pradesh,9791,0,9791
2021-02-02,Bihar,222153,0,222153
2021-02-02,Gujarat,287852,0,287852
2021-02-02,Himachal Pradesh,39570,0,39570
2021-02-02,Lakshadweep,807,0,807
2021-02-03,Andhra Pradesh,215171,0,215171
2021-02-03,Assam,43607,0,43607
2021-02-03,Himachal Pradesh,43926,0,43926
2021-02-03,Jharkhand,67970,0,67970
2021-02-03,Ladakh,1511,0,1511
2021-02-03,Lakshadweep,807,0,807
2021-02-03,Madhya Pradesh,330722,0,330722
2021-02-03,Tripura,32340,0,32340
2021-02-03,Uttar Pradesh,463793,0,463793
2021-02-04,Andaman and Nicobar Islands,2938,0,2938
2021-02-04,Goa,7193,0,7193
2021-02-04,Jammu and Kashmir,34475,0,34475
2021-02-04,Total,4959445,0,4959445
2021-02-05,Assam,77225,0,77225
2021-02-05,Ladakh,1745,0,1745
2021-02-05,Manipur,6874,0,6874
2021-02-05,Puducherry,3532,0,3532
2021-02-05,Miscellaneous,60507,0,60507
2021-02-06,Andhra Pradesh,299649,0,299649
2021-02-06,Chhattisgarh,168881,0,168881
2021-02-06,Delhi,109589,0,109589
2021-02-06,Odisha,275055,0,275055
2021-02-06,Punjab,76430,0,76430
2021-02-06,Sikkim,5372,0,5372
2021-02-06,Uttarakhand,73762,0,73762
2021-02-07,Arunachal Pradesh,12346,0,12346
2021-02-07,Assam,88585,0,88585
2021-02-07,Gujarat,451002,0,451002
2021-02-07,Kerala,292342,0,292342
2021-02-07,Manipur,8334,0,8334
2021-02-08,Bihar,397555,0,397555
2021-02-08,Tamil Nadu,175027,0,175027
2021-02-08,Tripura,45674,0,45674
2021-02-08,Total,6259008,0,6259008
2021-02-09,Andaman and Nicobar Islands,3413,0,3413
2021-02-09,Arunachal Pradesh,13480,0,13480
2021-02-09,Kerala,322016,0,322016
2021-02-09,Lakshadweep,920,0,920
2021-02-09,Maharashtra,536436,0,536436
2021-02-09,Mizoram,11046,0,11046
2021-02-09,West Bengal,404001,0,404001
2021-02-10,Gujarat,614530,0,614530
2021-02-10,Meghalaya,9760,0,9760
2021-02-10,Rajasthan,559990,0,559990
2021-02-11,Andhra Pradesh,343813,0,343813
2021-02-11,Arunachal Pradesh,14322,0,14322
2021-02-11,Chhattisgarh,233126,0,233126
2021-02-11,Gujarat,645439,0,645439
2021-02-11,Meghalaya,11642,0,11642
2021-02-11,Telangana,270615,0,270615
2021-02-11,West Bengal,453303,0,453303
2021-02-12,Himachal Pradesh,79166,0,79166
2021-02-12,Ladakh,2854,0,2854
2021-02-12,Puducherry,5510,0,5510
2021-02-12,Rajasthan,606694,0,606694
2021-02-12,Tripura,65288,0,65288
2021-02-12,Uttar Pradesh,858602,0,858602
2021-02-12,West Bengal,485054,0,485054
2021-02-13,Dadra and Nagar Haveli and Daman and Diu,4043,71,4114
2021-02-13,Himachal Pradesh,81482,475,81957
2021-02-13,Jharkhand,199008,1873,200881
2021-02-13,Kerala,356322,0,356322
2021-02-13,Manipur,22362,55,22417
2021-02-14,Bihar,492152,0,492152
2021-02-14,Chandigarh,8660,143,8803
2021-02-14,Jharkhand,206182,2209,208391
2021-02-14,Kerala,358529,46,358575
2021-02-14,Punjab,103799,59,103858
2021-02-14,Uttarakhand,110326,0,110326
2021-02-15,Dadra and Nagar Haveli and Daman and Diu,4319,75,4394
2021-02-15,Delhi,202125,4047,206172
2021-02-15,Himachal Pradesh,82400,1894,84294
2021-02-15,Nagaland,11601,341,11942
2021-02-15,Sikkim,8543,0,8543
2021-02-15,Total,8560531,160291,8720822
2021-02-16,Andhra Pradesh,366523,24142,390665
2021-02-16,Gujarat,695628,15809,711437
2021-02-16,Manipur,28579,459,29038
2021-02-16,Odisha,417881,10590,428471
2021-02-17,Andaman and Nicobar Islands,4045,182,4227
2021-02-17,Assam,131651,5573,137224
2021-02-17,Himachal Pradesh,87499,4306,91805
2021-02-17,Karnataka,510696,54397,565093
2021-02-17,Maharashtra,764965,16835,781800
2021-02-17,Meghalaya,21221,470,21691
2021-02-17,Nagaland,16502,1750,18252
2021-02-17,Telangana,279534,53701,333235
2021-02-18,Andaman and Nicobar Islands,4347,495,4842
2021-02-18,Assam,138795,7953,146748
2021-02-18,Bihar,506688,33419,540107
2021-02-18,Gujarat,811152,28047,839199
2021-02-18,Jammu and Kashmir,177795,3756,181551
2021-02-18,Uttar Pradesh,1052431,18464,1070895
2021-02-19,Delhi,272322,12978,285300
2021-02-19,Gujarat,819060,37597,856657
2021-02-19,Lakshadweep,1809,115,1924
2021-02-19,Rajasthan,780665,19054,799719
2021-02-19,Miscellaneous,264796,26964,291760
2021-02-19,Total,9868043,847161,10715204
2021-02-20,Madhya Pradesh,640805,3778,644583
2021-02-20,Meghalaya,23877,629,24506
2021-02-20,Odisha,438127,94966,533093
2021-02-20,Tamil Nadu,339686,31160,370846
2021-02-21,Delhi,294081,17329,311410
2021-02-21,Jammu and Kashmir,200695,6731,207426
2021-02-21,Jharkhand,254531,11484,266015
2021-02-21,Punjab,122527,14269,136796
2021-02-21,Uttar Pradesh,1066290,85752,1152042
2021-02-21,Uttarakhand,131384,7166,138550
2021-02-21,Total,10149002,967852,11116854
2021-02-22,Andhra Pradesh,427444,102376,529820
2021-02-22,Arunachal Pradesh,21318,5332,26650
2021-02-22,Haryana,213802,41811,255613
2021-02-22,Himachal Pradesh,96278,12412,108690
2021-02-22,Meghalaya,25998,960,26958
2021-02-22,Rajasthan,782710,62183,844893
2021-02-22,Telangana,281365,105936,387301
2021-02-23,Gujarat,826583,78471,905054
2021-02-23,Maharashtra,948539,80824,1029363
2021-02-23,Sikkim,14721,973,15694
2021-02-23,Tripura,85789,16349,102138
2021-02-24,Chandigarh,17256,1306,18562
2021-02-24,Kerala,422669,70600,493269
2021-02-24,Meghalaya,28248,1200,29448
2021-02-24,Punjab,139305,27388,166693
2021-02-24,Tamil Nadu,368678,46149,414827
2021-02-25,Bihar,548175,76211,624386
2021-02-25,Delhi,362072,34567,396639
2021-02-25,Gujarat,832737,125357,958094
2021-02-25,Kerala,441597,88877,530474
2021-02-25,Punjab,149029,32863,181892
2021-02-25,Rajasthan,797900,152486,950386
2021-02-25,Total,11439649,2032994,13472643
2021-02-26,Arunachal Pradesh,25379,6741,32120
2021-02-26,Karnataka,604954,213768,818722
2021-02-26,Sikkim,16951,1361,18312
2021-02-26,Telangana,289772,130019,419791
2021-02-27,Haryana,221841,71983,293824
2021-02-27,Jharkhand,284371,23837,308208
2021-02-27,Telangana,289772,130019,419791
2021-02-27,Uttarakhand,142340,19446,161786
2021-02-27,Miscellaneous,638130,46333,684463
2021-02-28,Andhra Pradesh,529607,139337,668944
2021-02-28,Arunachal Pradesh,25379,6741,32120
2021-02-28,Assam,195906,27675,223581
2021-02-28,Gujarat,833722,167448,1001170
2021-02-28,Karnataka,604954,213768,818722
2021-02-28,Maharashtra,1041947,160233,1202180
2021-02-28,Odisha,460554,158267,618821
2021-02-28,Punjab,154449,36351,190800
2021-02-28,Sikkim,16951,1361,18312
2021-02-28,Uttar Pradesh,1170925,310058,1480983
2021-02-28,Miscellaneous,638130,46333,684463
2021-03-01,Arunachal Pradesh,27572,7309,34881
2021-03-01,Bihar,562270,81079,643349
2021-03-01,Goa,20622,2321,22943
2021-03-01,Ladakh,9226,829,10055
2021-03-01,Rajasthan,863992,245561,1109553
2021-03-01,Telangana,294255,130019,424274
2021-03-01,Tripura,90990,22780,113770
2021-03-02,Assam,220573,30730,251303
2021-03-02,Dadra and Nagar Haveli and Daman and Diu,8052,901,8953
2021-03-02,Lakshadweep,2413,803,3216
2021-03-02,Madhya Pradesh,671302,183795,855097
2021-03-02,Maharashtra,1100898,184183,1285081
2021-03-02,Meghalaya,32539,2042,34581
2021-03-02,West Bengal,1025696,167186,1192882
2021-03-02,Total,12906771,2713978,15620749
2021-03-03,Andaman and Nicobar Islands,6912,2589,9501
2021-03-03,Assam,238570,31836,270406
2021-03-03,Jammu and Kashmir,262045,18096,280141
2021-03-03,Jharkhand,305650,39270,344920
2021-03-03,Karnataka,637890,219212,857102
2021-03-03,Kerala,573353,128161,701514
2021-03-03,Lakshadweep,2413,803,3216
2021-03-03,Punjab,179181,42234,221415
2021-03-03,Rajasthan,1220438,269794,1490232
2021-03-03,Tripura,94404,25227,119631
2021-03-03,West Bengal,1090793,189165,1279958
2021-03-04,Dadra and Nagar Haveli and Daman and Diu,9627,1340,10967
2021-03-04,Delhi,446950,52820,499770
2021-03-04,Jharkhand,315807,45675,361482
2021-03-04,Odisha,569475,185176,754651
2021-03-04,Uttarakhand,164776,41582,206358
2021-03-05,Karnataka,681345,228257,909602
2021-03-05,Ladakh,12616,1883,14499
2021-03-05,Punjab,205837,47018,252855
2021-03-05,Tripura,103590,29091,132681
2021-03-06,Andhra Pradesh,651309,182716,834025
2021-03-06,Bihar,650391,191841,842232
2021-03-06,Punjab,217550,49427,266977
2021-03-07,Dadra and Nagar Haveli and Daman and Diu,11501,1725,13226
2021-03-07,Delhi,494939,65135,560074
2021-03-07,Goa,36740,6318,43058
2021-03-07,Manipur,68467,5027,73494
2021-03-07,Punjab,218937,49508,268445
2021-03-07,Sikkim,24714,4148,28862
2021-03-07,Tamil Nadu,749180,97917,847097
2021-03-07,Telangana,378962,131942,510904
2021-03-08,Himachal Pradesh,130571,48673,179244
2021-03-08,Mizoram,34814,9276,44090
2021-03-08,Nagaland,39036,6433,45469
2021-03-09,Chhattisgarh,579308,144952,724260
2021-03-09,Goa,43354,7055,50409
2021-03-09,Jammu and Kashmir,355149,37332,392481
2021-03-09,Madhya Pradesh,933934,248697,1182631
2021-03-10,Assam,419158,68981,488139
2021-03-10,Jharkhand,377431,95656,473087
2021-03-10,Madhya Pradesh,1012791,275183,1287974
2021-03-10,Uttar Pradesh,1539060,417448,1956508
2021-03-10,Miscellaneous,1235746,70212,1305958
2021-03-11,Andaman and Nicobar Islands,11228,3060,14288
2021-03-11,Chandigarh,40727,4690,45417
2021-03-11,Dadra and Nagar Haveli and Daman and Diu,13214,2342,15556
2021-03-11,Jharkhand,386915,102099,489014
2021-03-11,Puducherry,22330,3228,25558
2021-03-11,Sikkim,36339,7150,43489
2021-03-11,Uttar Pradesh,1541820,417492,1959312
2021-03-11,Miscellaneous,1256680,80035,1336715
2021-03-12,Arunachal Pradesh,43894,11815,55709
2021-03-12,Assam,450937,77240,528177
2021-03-12,Meghalaya,49791,8551,58342
2021-03-12,Odisha,798851,299260,1098111
2021-03-13,Bihar,1098054,302895,1400949
2021-03-13,Himachal Pradesh,176346,67113,243459
2021-03-13,Nagaland,44734,9841,54575
2021-03-13,Tripura,125251,47726,172977
2021-03-14,Jharkhand,430407,134234,564641
2021-03-14,Meghalaya,50568,9346,59914
2021-03-14,Mizoram,44703,10084,54787
2021-03-14,Miscellaneous,1290561,106161,1396722
2021-03-15,Ladakh,33790,2927,36717
2021-03-15,Lakshadweep,3746,1762,5508
2021-03-15,Mizoram,46178,10514,56692
2021-03-15,Nagaland,46765,11517,58282
2021-03-15,Puducherry,27803,4061,31864
2021-03-16,Bihar,1227941,336166,1564107
2021-03-16,Delhi,700600,138439,839039
2021-03-16,Himachal Pradesh,221670,74008,295678
2021-03-16,Kerala,1540945,295270,1836215
2021-03-16,Puducherry,30247,4318,34565
2021-03-16,Sikkim,43669,7994,51663
2021-03-16,Tamil Nadu,1443532,163399,1606931
2021-03-16,Telangana,561948,180071,742019
2021-03-16,Tripura,155463,58020,213483
2021-03-17,Assam,501357,89481,590838
2021-03-17,Bihar,1286394,347671,1634065
2021-03-17,Chandigarh,50838,7241,58079
2021-03-17,Haryana,636594,126501,763095
2021-03-17,Kerala,1587659,303772,1891431
2021-03-17,Ladakh,36299,3647,39946
2021-03-17,Nagaland,49248,13900,63148
2021-03-17,Tamil Nadu,1544770,173543,1718313
2021-03-18,Arunachal Pradesh,51214,14572,65786
2021-03-18,Dadra and Nagar Haveli and Daman and Diu,17064,3424,20488
2021-03-18,Himachal Pradesh,256373,78464,334837
2021-03-18,Kerala,1727014,315358,2042372
2021-03-18,Meghalaya,56757,15727,72484
2021-03-18,Telangana,640285,191799,832084
2021-03-19,Haryana,760350,132547,892897
2021-03-20,Andhra Pradesh,1312896,298188,1611084
2021-03-20,Assam,542374,102817,645191
2021-03-20,Chandigarh,55726,8446,64172
2021-03-20,Haryana,773842,133636,907478
2021-03-20,Odisha,1417557,367290,1784847
2021-03-20,West Bengal,3130942,499968,3630910
2021-03-20,Miscellaneous,1390280,278151,1668431
2021-03-21,Assam,544139,103130,647269
2021-03-21,Chandigarh,55875,8449,64324
2021-03-21,Nagaland,51682,16252,67934
2021-03-21,Tamil Nadu,1878339,207782,2086121
2021-03-22,Arunachal Pradesh,56605,16821,73426
2021-03-22,Chhattisgarh,1129190,277919,1407109
2021-03-22,Goa,79363,13598,92961
2021-03-22,Gujarat,3341744,609048,3950792
2021-03-22,Jammu and Kashmir,518666,117592,636258
2021-03-22,Jharkhand,862482,202955,1065437
2021-03-22,Manipur,82036,23245,105281
2021-03-22,Mizoram,50754,12079,62833
2021-03-22,Puducherry,45916,6282,52198
2021-03-23,Assam,692538,118081,810619
2021-03-23,Bihar,1734892,402191,2137083
2021-03-23,Goa,81950,13884,95834
2021-03-23,Madhya Pradesh,2198228,467836,2666064
2021-03-23,Manipur,83092,25001,108093
2021-03-23,Odisha,1582282,378445,1960727
2021-03-24,Andhra Pradesh,1643888,328146,1972034
2021-03-24,Jharkhand,1130183,213445,1343628
2021-03-24,Lakshadweep,4411,2052,6463
2021-03-24,Telangana,831077,219090,1050167
2021-03-25,Lakshadweep,4431,2059,6490
2021-03-25,Manipur,84235,28805,113040
2021-03-25,Miscellaneous,1441472,471430,1912902
2021-03-26,Goa,89353,15719,105072
2021-03-26,West Bengal,4064503,623669,4688172
2021-03-27,Himachal Pradesh,403332,90405,493737
2021-03-28,Goa,91828,15892,107720
2021-03-28,Nagaland,59603,22073,81676
2021-03-28,West Bengal,4230496,636238,4866734
2021-03-29,Assam,873157,133546,1006703
2021-03-29,Jammu and Kashmir,634953,142895,777848
2021-03-29,Jharkhand,1342204,221648,1563852
2021-03-29,Uttarakhand,548314,117507,665821
2021-03-30,Dadra and Nagar Haveli and Daman and Diu,22952,4279,27231
2021-03-30,Rajasthan,4887410,694762,5582172
2021-03-30,Tripura,610584,76640,687224
2021-03-30,West Bengal,4437985,653118,5091103
2021-03-31,Andhra Pradesh,2211816,393353,2605169
2021-03-31,Assam,908707,140267,1048974
2021-03-31,Delhi,1014199,251453,1265652
2021-03-31,Himachal Pradesh,439777,92276,532053
2021-03-31,Maharashtra,5454614,754723,6209337
2021-04-01,Dadra and Nagar Haveli and Daman and Diu,26876,4731,31607
2021-04-01,Jharkhand,1392034,230961,1622995
2021-04-01,Ladakh,43775,6547,50322
2021-04-01,Maharashtra,5749202,770774,6519976
2021-04-01,Puducherry,69200,7370,76570
2021-04-01,Sikkim,65348,12544,77892
2021-04-01,Uttar Pradesh,4766418,931369,5697787
2021-04-01,Uttarakhand,615072,124889,739961
2021-04-02,Goa,109280,20895,130175
2021-04-02,Gujarat,5812421,765853,6578274
2021-04-02,Karnataka,3823255,474839,4298094
2021-04-02,Kerala,3308955,411492,3720447
2021-04-02,Punjab,973046,117044,1090090
2021-04-02,Tamil Nadu,2829190,272288,3101478
2021-04-02,Uttarakhand,690893,135781,826674
2021-04-03,Uttarakhand,730947,139958,870905
2021-04-03,Total,65739470,10240181,75979651
2021-04-04,Assam,1045431,175508,1220939
2021-04-04,Bihar,2931751,442459,3374210
2021-04-04,Maharashtra,6879975,806946,7686921
2021-04-04,Uttar Pradesh,5683248,1078039,6761287
2021-04-05,Chandigarh,80579,14308,94887
2021-04-05,Uttarakhand,836601,149062,985663
2021-04-06,Assam,1121967,198977,1320944
2021-04-06,Dadra and Nagar Haveli and Daman and Diu,46211,7565,53776
2021-04-06,Goa,121132,24656,145788
2021-04-06,Kerala,3623797,435667,4059464
2021-04-07,Bihar,3541310,484859,4026169
2021-04-07,Jammu and Kashmir,920603,175142,1095745
2021-04-07,Kerala,3706748,442665,4149413
2021-04-07,Sikkim,81528,13657,95185
2021-04-07,Tamil Nadu,2976866,315243,3292109
2021-04-07,West Bengal,6252846,802674,7055520
2021-04-08,Bihar,3665305,502148,4167453
2021-04-08,Dadra and Nagar Haveli and Daman and Diu,52156,8136,60292
2021-04-08,Sikkim,90081,14392,104473
2021-04-08,Miscellaneous,1563868,993037,2556905
2021-04-09,Chhattisgarh,3541500,394904,3936404
2021-04-09,Dadra and Nagar Haveli and Daman and Diu,55718,8442,64160
2021-04-09,Jammu and Kashmir,1053961,186819,1240780
2021-04-09,Ladakh,64284,7676,71960
2021-04-09,Maharashtra,8702534,930190,9632724
2021-04-09,Puducherry,83958,9138,93096
2021-04-10,Odisha,3607557,483794,4091351
2021-04-10,Puducherry,87159,9578,96737
2021-04-10,Tamil Nadu,3275326,391223,3666549
2021-04-10,Telangana,1764351,296514,2060865
2021-04-11,Madhya Pradesh,5224167,615064,5839231
2021-04-11,Meghalaya,104057,38388,142445
2021-04-11,Sikkim,101795,15376,117171
2021-04-11,Miscellaneous,1591585,1051846,2643431
2021-04-12,Lakshadweep,11146,2650,13796
2021-04-12,Madhya Pradesh,5605688,641420,6247108
2021-04-12,Nagaland,86340,27601,113941
2021-04-12,Rajasthan,8759896,1165685,9925581
2021-04-12,Total,95043039,13490046,108533085
2021-04-13,Dadra and Nagar Haveli and Daman and Diu,66368,9697,76065
2021-04-13,Haryana,2422551,236228,2658779
2021-04-13,Himachal Pradesh,996917,114950,1111867
2021-04-13,Jammu and Kashmir,1217868,202931,1420799
2021-04-14,Delhi,1971296,405718,2377014
2021-04-14,Ladakh,66813,9092,75905
2021-04-14,Madhya Pradesh,6205422,684723,6890145
2021-04-14,Rajasthan,8997044,1227535,10224579
2021-04-15,Sikkim,130118,18437,148555
2021-04-15,West Bengal,7415397,1053441,8468838
2021-04-16,Andaman and Nicobar Islands,61411,6323,67734
2021-04-16,Arunachal Pradesh,130828,35887,166715
2021-04-16,Bihar,4776572,651465,5428037
2021-04-16,Dadra and Nagar Haveli and Daman and Diu,70628,10848,81476
2021-04-16,Haryana,2658282,299528,2957810
2021-04-17,Haryana,2706400,316552,3022952
2021-04-17,Jammu and Kashmir,1358847,230405,1589252
2021-04-17,Ladakh,67157,10662,77819
2021-04-17,Meghalaya,125525,43950,169475
2021-04-17,Punjab,2145957,206561,2352518
2021-04-18,Andhra Pradesh,4013148,599876,4613024
2021-04-18,Arunachal Pradesh,135397,37272,172669
2021-04-18,Chhattisgarh,4449075,508082,4957157
2021-04-18,Gujarat,8992115,1459131,10451246
2021-04-18,Jammu and Kashmir,1386613,235537,1622150
2021-04-18,Tamil Nadu,4091849,620052,4711901
2021-04-19,Delhi,2202789,479376,2682165
2021-04-19,Lakshadweep,15339,3143,18482
2021-04-19,Meghalaya,129154,45559,174713
2021-04-20,Lakshadweep,15724,3287,19011
2021-04-20,Madhya Pradesh,6725635,817314,7542949
2021-04-20,Meghalaya,133700,46932,180632
2021-04-20,Odisha,4499013,695368,5194381
2021-04-20,Puducherry,154986,15824,170810
2021-04-20,Telangana,2862110,410879,3272989
2021-04-21,Chhattisgarh,4594206,552504,5146710
2021-04-21,Jammu and Kashmir,1533009,268462,1801471
2021-04-22,Andaman and Nicobar Islands,83377,8600,91977
2021-04-22,Mizoram,156092,38044,194136
2021-04-22,Nagaland,134903,34316,169219
2021-04-23,Andaman and Nicobar Islands,85201,8965,94166
2021-04-23,Arunachal Pradesh,159197,45345,204542
2021-04-23,Delhi,2347478,544522,2892000
2021-04-23,Haryana,2984321,446236,3430557
2021-04-23,Himachal Pradesh,1322733,175221,1497954
2021-04-23,Uttarakhand,1491031,319350,1810381
2021-04-24,Puducherry,161852,19867,181719
2021-04-24,Telangana,3500805,503820,4004625
2021-04-24,Uttarakhand,1518489,332316,1850805
2021-04-24,Miscellaneous,1650564,1253302,2903866
2021-04-25,Jammu and Kashmir,1731794,311992,2043786
2021-04-25,Nagaland,137580,35067,172647
2021-04-25,Total,119265786,22645437,141911223
2021-04-26,Haryana,3096121,498967,3595088
2021-04-26,Himachal Pradesh,1396592,196724,1593316
2021-04-26,Jammu and Kashmir,1799415,327649,2127064
2021-04-27,Chhattisgarh,4791469,647236,5438705
2021-04-27,Mizoram,191462,43697,235159
2021-04-27,Rajasthan,10578645,2081170,12659815
2021-04-28,Lakshadweep,18183,3974,22157
2021-04-28,Maharashtra,13184829,2393333,15578162
2021-04-28,Sikkim,158440,38479,196919
2021-04-28,Tamil Nadu,4544687,1196900,5741587
2021-04-28,Uttar Pradesh,10019065,2150445,12169510
2021-04-28,Miscellaneous,1664824,1287770,2952594
2021-04-29,Odisha,4889676,889346,5779022
2021-04-29,Punjab,2896977,397024,3294001
2021-04-29,Uttar Pradesh,10126798,2228757,12355555
2021-04-29,Miscellaneous,1668042,1297463,2965505
2021-04-30,Andaman and Nicobar Islands,93493,10881,104374
2021-04-30,Chandigarh,160071,48418,208489
2021-04-30,Dadra and Nagar Haveli and Daman and Diu,79358,16138,95496
2021-04-30,Kerala,6051411,1325775,7377186
2021-04-30,Meghalaya,230785,59941,290726
2021-04-30,Tamil Nadu,4635447,1312353,5947800
2021-05-01,Chhattisgarh,4878221,744712,5622933
2021-05-01,Manipur,202052,61750,263802
2021-05-02,Andhra Pradesh,5176374,1519932,6696306
2021-05-02,Delhi,2613232,711690,3324922
2021-05-02,Lakshadweep,19368,4318,23686
2021-05-02,Odisha,4939823,934584,5874407
2021-05-02,Rajasthan,10894122,2279304,13173426
2021-05-02,Uttar Pradesh,10334378,2371136,12705514
2021-05-03,Haryana,3279173,575269,3854442
2021-05-03,Karnataka,8245108,1647241,9892349
2021-05-03,Kerala,6089361,1419076,7508437
2021-05-03,Lakshadweep,19475,4484,23959
2021-05-03,Odisha,4954922,961539,5916461
2021-05-04,Dadra and Nagar Haveli and Daman and Diu,80478,17752,98230
2021-05-04,Lakshadweep,19615,4688,24303
2021-05-04,Maharashtra,13792116,2728757,16520873
2021-05-04,Nagaland,165818,43798,209616
2021-05-04,Odisha,4967746,976874,5944620
2021-05-04,Tamil Nadu,4730022,1458823,6188845
2021-05-05,Assam,2170773,608916,2779689
2021-05-05,Tamil Nadu,4753074,1496168,6249242
2021-05-06,Gujarat,10454001,2966246,13420247
2021-05-06,Tamil Nadu,4783045,1553407,6336452
2021-05-07,Andaman and Nicobar Islands,96702,13166,109868
2021-05-07,Andhra Pradesh,5305880,1861719,7167599
2021-05-07,Gujarat,10522995,3083689,13606684
2021-05-07,Jharkhand,2691177,554458,3245635
2021-05-07,Mizoram,230488,46817,277305
2021-05-07,Telangana,4371198,745850,5117048
2021-05-08,Andaman and Nicobar Islands,97202,13455,110657
2021-05-08,Andhra Pradesh,5321023,1973448,7294471
2021-05-08,Chandigarh,184636,62993,247629
2021-05-08,Gujarat,10586908,3199277,13786185
2021-05-08,Maharashtra,14542681,3316183,17858864
2021-05-08,Uttarakhand,1745564,580745,2326309
2021-05-08,Total,133980544,35459119,169439663
2021-05-09,Himachal Pradesh,1680758,362947,2043705
2021-05-09,Sikkim,163849,54501,218350
2021-05-09,Telangana,4374338,815051,5189389
2021-05-09,Miscellaneous,1691368,1369816,3061184
2021-05-10,Sikkim,164141,56040,220181
2021-05-10,Uttarakhand,1780970,631832,2412802
2021-05-10,West Bengal,8774324,3261016,12035340
2021-05-10,Miscellaneous,1693519,1376565,3070084
2021-05-11,Chhattisgarh,4948086,961949,5910035
2021-05-11,Ladakh,84320,36897,121217
2021-05-11,Lakshadweep,20358,6342,26700
2021-05-11,Maharashtra,15004133,3644405,18648538
2021-05-11,Meghalaya,293321,71389,364710
2021-05-11,Rajasthan,11680175,2843922,14524097
2021-05-11,Uttar Pradesh,11006879,2929331,13936210
2021-05-12,Goa,320771,88926,409697
2021-05-12,Haryana,3769135,839944,4609079
2021-05-12,Himachal Pradesh,1708753,401731,2110484
2021-05-12,Maharashtra,15154480,3811996,18966476
2021-05-12,Manipur,288458,69225,357683
2021-05-12,Mizoram,235142,50405,285547
2021-05-13,Andaman and Nicobar Islands,98828,14618,113446
2021-05-13,Dadra and Nagar Haveli and Daman and Diu,85179,23652,108831
2021-05-13,Jharkhand,2750542,643953,3394495
2021-05-13,Mizoram,236835,50700,287535
2021-05-13,Tamil Nadu,4978091,1844743,6822834
2021-05-13,Telangana,4383334,1036096,5419430
2021-05-14,Kerala,6257447,1968691,8226138
2021-05-14,Manipur,299447,69560,369007
2021-05-14,Mizoram,237504,50839,288343
2021-05-14,Punjab,3427100,697985,4125085
2021-05-14,Uttarakhand,1896860,675687,2572547
2021-05-15,Arunachal Pradesh,217039,77802,294841
2021-05-15,Chhattisgarh,4980661,1077019,6057680
2021-05-15,Haryana,3904860,907999,4812859
2021-05-15,Meghalaya,324550,74040,398590
2021-05-16,Chandigarh,206540,73676,280216
2021-05-16,Madhya Pradesh,7394957,1688763,9083720
2021-05-16,Miscellaneous,1700736,1403133,3103869
2021-05-17,Assam,2708136,740123,3448259
2021-05-17,Jammu and Kashmir,2297300,532718,2830018
2021-05-17,Karnataka,8759169,2521102,11280271
2021-05-17,Maharashtra,15584197,4249319,19833516
2021-05-17,Nagaland,185316,51742,237058
2021-05-17,Puducherry,181942,50570,232512
2021-05-17,Tripura,949974,504066,1454040
2021-05-18,Jammu and Kashmir,2309920,533068,2842988
2021-05-18,Kerala,6519860,2016073,8535933
2021-05-18,Maharashtra,15669832,4269980,19939812
2021-05-18,Nagaland,190693,51763,242456
2021-05-18,Total,143583902,42225400,185809302
2021-05-19,Meghalaya,343029,74107,417136
2021-05-19,Uttarakhand,2005269,680315,2685584
2021-05-19,Total,144623670,42386122,187009792
2021-05-20,Jammu and Kashmir,2370353,534917,2905270
2021-05-20,Karnataka,9227485,2571677,11799162
2021-05-20,Madhya Pradesh,7798297,1735218,9533515
2021-05-21,Arunachal Pradesh,243357,77928,321285
2021-05-21,Delhi,3889621,1131811,5021432
2021-05-21,Puducherry,191390,50790,242180
2021-05-21,Rajasthan,12800659,3015797,15816456
2021-05-22,Assam,2937340,777418,3714758
2021-05-22,Chhattisgarh,5781423,1090639,6872062
2021-05-22,Tamil Nadu,5410694,1961304,7371998
2021-05-23,Andhra Pradesh,5565294,2349884,7915178
2021-05-23,Bihar,7945059,1734049,9679108
2021-05-23,Haryana,4439693,950206,5389899
2021-05-23,Lakshadweep,24207,6926,31133
2021-05-23,Manipur,343680,70061,413741
2021-05-23,Puducherry,195178,50854,246032
2021-05-23,Tamil Nadu,5428324,1962538,7390862
2021-05-23,Telangana,4453573,1073412,5526985
2021-05-24,Delhi,3980899,1165939,5146838
2021-05-24,Lakshadweep,24344,6933,31277
2021-05-24,Manipur,350818,70102,420920
2021-05-24,Uttar Pradesh,13180187,3363047,16543234
2021-05-24,Total,155235374,43303625,198538999
2021-05-25,Andaman and Nicobar Islands,105123,15154,120277
2021-05-25,Mizoram,255368,51058,306426
2021-05-25,Puducherry,200454,50925,251379
2021-05-25,Tripura,1058049,507029,1565078
2021-05-26,Andaman and Nicobar Islands,105932,15154,121086
2021-05-26,Gujarat,12095693,3991433,16087126
2021-05-26,Himachal Pradesh,1950294,433284,2383578
2021-05-26,Kerala,6767010,2020297,8787307
2021-05-26,Punjab,4142075,748350,4890425
2021-05-26,Telangana,4476636,1175633,5652269
2021-05-27,Delhi,4078916,1185319,5264235
2021-05-27,Goa,414064,94820,508884
2021-05-27,Madhya Pradesh,8635394,1771760,10407154
2021-05-27,Miscellaneous,1716130,1451255,3167385
2021-05-28,Arunachal Pradesh,253267,78208,331475
2021-05-28,Assam,3203869,823443,4027312
2021-05-28,Bihar,8386351,1764654,10151005
2021-05-28,Ladakh,112811,37278,150089
2021-05-28,Mizoram,260316,51085,311401
2021-05-28,Puducherry,209110,51051,260161
2021-05-28,Sikkim,179121,59648,238769
2021-05-29,Karnataka,10621578,2720968,13342546
2021-05-29,Lakshadweep,25237,6944,32181
2021-05-29,Puducherry,212331,51110,263441
2021-05-29,Sikkim,179179,59653,238832
2021-05-29,Telangana,4667791,1245295,5913086
2021-05-30,Karnataka,10703028,2730250,13433278
2021-05-30,Meghalaya,389872,74324,464196
2021-05-30,Punjab,4244474,765153,5009627
2021-05-30,West Bengal,10542706,3865890,14408596
2021-05-31,Himachal Pradesh,2022506,433621,2456127
2021-05-31,Ladakh,122247,37290,159537
2021-05-31,Manipur,387473,70445,457918
2021-05-31,Rajasthan,13897166,3116184,17013350
2021-05-31,Uttar Pradesh,14851890,3480426,18332316
2021-06-01,Karnataka,11125563,2772995,13898558
2021-06-01,Kerala,7482792,2088912,9571704
2021-06-01,Lakshadweep,27658,6947,34605
2021-06-01,Telangana,4869942,1272112,6142054
2021-06-01,Tripura,1107254,507716,1614970
2021-06-01,Uttarakhand,2247605,684445,2932050
2021-06-02,Andhra Pradesh,7678110,2547794,10225904
2021-06-02,Madhya Pradesh,9675450,1801330,11476780
2021-06-02,Punjab,4331088,779977,5111065
2021-06-02,Uttar Pradesh,15501696,3532960,19034656
2021-06-02,Miscellaneous,1722460,1468528,3190988
2021-06-03,Arunachal Pradesh,272795,78541,351336
2021-06-03,Delhi,4287731,1264584,5552315
2021-06-03,Telangana,5026935,1286784,6313719
2021-06-03,Total,178486097,45623351,224109448
2021-06-04,Chhattisgarh,5911330,1125795,7037125
2021-06-04,Jharkhand,3644852,732219,4377071
2021-06-04,Lakshadweep,30367,6960,37327
2021-06-04,Meghalaya,400160,74455,474615
2021-06-04,Uttar Pradesh,16242637,3595560,19838197
2021-06-05,Chhattisgarh,5915463,1130671,7046134
2021-06-05,Gujarat,13900202,4285840,18186042
2021-06-05,Haryana,5199851,1017889,6217740
2021-06-05,Jammu and Kashmir,2894604,564795,3459399
2021-06-05,Jharkhand,3728811,738605,4467416
2021-06-05,Karnataka,12190088,2861821,15051909
2021-06-05,Madhya Pradesh,10791179,1832494,12623673
2021-06-05,Manipur,421326,70916,492242
2021-06-05,Miscellaneous,1725285,1477310,3202595
2021-06-06,Miscellaneous,1725400,1477598,3202998
2021-06-07,Arunachal Pradesh,305911,78679,384590
2021-06-07,Ladakh,142933,37320,180253
2021-06-07,Meghalaya,403754,74502,478256
2021-06-07,Sikkim,180250,59724,239974
2021-06-07,Uttar Pradesh,17055927,3655756,20711683
2021-06-08,Delhi,4441272,1340732,5782004
2021-06-08,Karnataka,12815591,2911240,15726831
2021-06-08,Puducherry,247905,51965,299870
2021-06-08,West Bengal,12730150,3973884,16704034
2021-06-09,Arunachal Pradesh,316900,78796,395696
2021-06-09,Assam,3622048,868070,4490118
2021-06-09,Kerala,8622255,2197075,10819330
2021-06-09,Manipur,451274,71208,522482
2021-06-09,Mizoram,283167,51870,335037
2021-06-09,Puducherry,253231,52189,305420
2021-06-09,Rajasthan,15179151,3297804,18476955
2021-06-09,Telangana,5886806,1323042,7209848
2021-06-10,Chhattisgarh,6030719,1148482,7179201
2021-06-10,Delhi,4517655,1394163,5911818
2021-06-10,Jammu and Kashmir,3002894,577100,3579994
2021-06-10,Odisha,7218256,1580772,8799028
2021-06-10,Punjab,4648958,809166,5458124
2021-06-11,Chandigarh,319653,75613,395266
2021-06-11,Chhattisgarh,6036342,1152793,7189135
2021-06-11,Gujarat,15238444,4506234,19744678
2021-06-11,Madhya Pradesh,11890392,1897094,13787486
2021-06-11,Mizoram,290811,52035,342846
2021-06-11,Nagaland,276976,52318,329294
2021-06-11,Sikkim,205108,59786,264894
2021-06-12,Andhra Pradesh,9231093,2619733,11850826
2021-06-12,Kerala,8928702,2236193,11164895
2021-06-12,Madhya Pradesh,11944203,1941120,13885323
2021-06-12,Punjab,4792448,817006,5609454
2021-06-12,Miscellaneous,1729086,1490437,3219523
2021-06-13,Chhattisgarh,6052670,1159860,7212530
2021-06-13,Nagaland,283720,52332,336052
2021-06-13,Rajasthan,16363858,3338215,19702073
2021-06-13,Sikkim,213698,59794,273492
2021-06-14,Ladakh,155033,37387,192420
2021-06-14,Mizoram,304944,52350,357294
2021-06-15,Goa,577748,98827,676575
2021-06-15,Jammu and Kashmir,3192197,587340,3779537
2021-06-15,Karnataka,14382774,3068222,17450996
2021-06-15,Ladakh,155921,37397,193318
2021-06-15,Puducherry,285981,53457,339438
2021-06-15,Rajasthan,16627520,3353681,19981201
2021-06-16,Goa,592498,99196,691694
2021-06-16,Haryana,5903976,1098832,7002808
2021-06-16,Jammu and Kashmir,3226456,588593,3815049
2021-06-16,Madhya Pradesh,12797703,2024222,14821925
2021-06-16,Nagaland,320388,52571,372959
2021-06-16,Telangana,7129534,1357754,8487288
2021-06-16,West Bengal,14104949,4120167,18225116
2021-06-17,Karnataka,14723311,3124342,17847653
2021-06-17,Maharashtra,21551329,5372219,26923548
2021-06-17,Nagaland,329521,52827,382348
2021-06-17,Rajasthan,16910474,3365106,20275580
2021-06-18,Kerala,9567347,2404008,11971355
2021-06-18,Tripura,1325721,531847,1857568
2021-06-18,West Bengal,14422580,4188380,18610960
2021-06-18,Miscellaneous,1731028,1500501,3231529
2021-06-19,Arunachal Pradesh,398437,79619,478056
2021-06-19,Himachal Pradesh,2378023,440189,2818212
2021-06-19,Sikkim,298663,59906,358569
2021-06-19,Tamil Nadu,10222636,2253051,12475687
2021-06-19,Uttarakhand,2808952,732005,3540957
2021-06-20,Andhra Pradesh,11194260,2738608,13932868
2021-06-20,Delhi,4948386,1578381,6526767
2021-06-20,Himachal Pradesh,2379132,440202,2819334
2021-06-20,Manipur,493549,72121,565670
2021-06-20,Tamil Nadu,10416075,2264046,12680121
2021-06-21,Bihar,12157700,2072605,14230305
2021-06-21,Jammu and Kashmir,3399795,606130,4005925
2021-06-21,Manipur,500022,72264,572286
2021-06-21,Nagaland,356323,53143,409466
2021-06-21,Odisha,8296961,1840090,10137051
2021-06-21,Rajasthan,18214095,3478097,21692192
2021-06-22,Kerala,9997225,2642436,12639661
2021-06-22,Madhya Pradesh,14620927,2139537,16760464
2021-06-23,Bihar,12833933,2112759,14946692
2021-06-23,Meghalaya,554153,75549,629702
2021-06-23,Tripura,1787332,556560,2343892
2021-06-24,Arunachal Pradesh,448567,80580,529147
2021-06-24,Bihar,13091648,2134652,15226300
2021-06-24,Dadra and Nagar Haveli and Daman and Diu,312548,28134,340682
2021-06-24,Manipur,515263,72600,587863
2021-06-24,Meghalaya,565798,75958,641756
2021-06-24,Rajasthan,19058646,3620647,22679293
2021-06-24,Sikkim,349097,60800,409897
2021-06-24,West Bengal,15773246,4550426,20323672
2021-06-25,Andaman and Nicobar Islands,138286,15846,154132
2021-06-25,Bihar,13360096,2156756,15516852
2021-06-25,Dadra and Nagar Haveli and Daman and Diu,328396,29664,358060
2021-06-25,Gujarat,19053658,5217941,24271599
2021-06-25,Ladakh,168168,43402,211570
2021-06-25,Punjab,5868652,935925,6804577
2021-06-25,Sikkim,362037,61526,423563
2021-06-25,Uttar Pradesh,25607271,4258859,29866130
2021-06-25,Uttarakhand,3366413,758285,4124698
2021-06-25,West Bengal,16100088,4641195,20741283
2021-06-25,Miscellaneous,1733741,1513885,3247626
2021-06-26,Gujarat,19331125,5326330,24657455
2021-06-26,Lakshadweep,46255,7494,53749
2021-06-26,Odisha,9517490,2022911,11540401
2021-06-26,Punjab,5974933,967308,6942241
2021-06-26,Telangana,8850242,1476773,10327015
2021-06-27,Chhattisgarh,7457184,1468963,8926147
2021-06-27,Himachal Pradesh,3025895,471889,3497784
2021-06-27,Jammu and Kashmir,3700498,645594,4346092
2021-06-27,Kerala,10541451,2994428,13535879
2021-06-27,Manipur,533686,73067,606753
2021-06-27,Mizoram,497356,53240,550596
2021-06-27,Rajasthan,20413290,3838633,24251923
2021-06-27,Telangana,8945614,1485529,10431143
2021-06-27,Tripura,1899649,574902,2474551
2021-06-27,Uttarakhand,3443234,771457,4214691
2021-06-27,Miscellaneous,1735385,1517666,3253051
2021-06-28,Karnataka,18564563,3639500,22204063
2021-06-28,Sikkim,384196,64574,448770
2021-06-29,Karnataka,18787645,3683593,22471238
2021-06-29,Nagaland,429909,57905,487814
2021-06-29,Total,274013600,58840927,332854527
2021-06-30,Delhi,6088881,1804655,7893536
2021-06-30,Haryana,7433759,1423139,8856898
2021-06-30,Odisha,9868279,2148249,12016528
2021-06-30,Telangana,9493770,1577710,11071480
2021-07-01,Andhra Pradesh,12805548,3180380,15985928
2021-07-01,Jharkhand,5821461,1072062,6893523
2021-07-01,Lakshadweep,46901,8027,54928
2021-07-01,Mizoram,524954,55599,580553
2021-07-01,Tamil Nadu,13262371,2599021,15861392
2021-07-01,Telangana,9636298,1604298,11240596
2021-07-02,Delhi,6345193,1866900,8212093
2021-07-02,Kerala,11043967,3487684,14531651
2021-07-02,Madhya Pradesh,18778359,2548587,21326946
2021-07-02,Mizoram,534950,57722,592672
2021-07-02,Nagaland,454307,64082,518389
2021-07-03,Himachal Pradesh,3378239,607655,3985894
2021-07-03,Jammu and Kashmir,4014703,746876,4761579
2021-07-03,Madhya Pradesh,18782554,2812686,21595240
2021-07-04,Gujarat,20835697,5980271,26815968
2021-07-04,Tripura,2000452,615117,2615569
2021-07-05,Chhattisgarh,8299801,1748422,10048223
2021-07-05,Karnataka,19966595,4219905,24186500
2021-07-05,Meghalaya,661585,85910,747495
2021-07-05,Punjab,6639425,1234983,7874408
2021-07-06,Haryana,7948524,1633480,9582004
2021-07-06,Kerala,11322762,3739556,15062318
2021-07-06,Manipur,706914,78813,785727
2021-07-07,Goa,889028,147076,1036104
2021-07-07,Himachal Pradesh,3406867,766163,4173030
2021-07-07,Manipur,735374,81102,816476
2021-07-07,Mizoram,562364,69749,632113
2021-07-08,Chhattisgarh,8386931,1803979,10190910
2021-07-08,Jharkhand,6301724,1248099,7549823
2021-07-08,Ladakh,179174,60415,239589
2021-07-08,Lakshadweep,47717,10127,57844
2021-07-08,Total,298678913,70312309,368991222
2021-07-09,Andaman and Nicobar Islands,164079,51673,215752
2021-07-09,Andhra Pradesh,13372991,3379662,16752653
2021-07-09,Haryana,8055206,1713107,9768313
2021-07-09,Manipur,770581,83777,854358
2021-07-09,Uttar Pradesh,31128043,5689999,36818042
2021-07-09,Miscellaneous,1738910,1530523,3269433
2021-07-10,Andhra Pradesh,13472776,3473215,16945991
2021-07-10,Arunachal Pradesh,590034,111666,701700
2021-07-10,Dadra and Nagar Haveli and Daman and Diu,466318,59768,526086
2021-07-10,Gujarat,21373145,6264178,27637323
2021-07-11,Chhattisgarh,8510673,1870157,10380830
2021-07-11,Delhi,6821204,2080422,8901626
2021-07-11,Himachal Pradesh,3423246,858062,4281308
2021-07-11,Punjab,6866655,1345592,8212247
2021-07-11,West Bengal,17733441,6424246,24157687
2021-07-12,Assam,6897620,1369094,8266714
2021-07-12,Tripura,2074754,659043,2733797
2021-07-13,Total,311387539,76310396,387697935
2021-07-14,Chandigarh,520502,126141,646643
2021-07-14,Chhattisgarh,8715179,1912960,10628139
2021-07-14,Delhi,7002464,2151254,9153718
2021-07-14,Kerala,11787897,4418383,16206280
2021-07-14,Madhya Pradesh,20654535,3913569,24568104
2021-07-14,Uttar Pradesh,32666360,6171492,38837852
2021-07-15,Assam,7073864,1470340,8544204
2021-07-15,Ladakh,184640,61903,246543
2021-07-15,Madhya Pradesh,21030105,3986864,25016969
2021-07-15,Total,316116189,79227578,395343767
2021-07-16,Assam,7145771,1497988,8643759
2021-07-16,Chhattisgarh,8746964,1939507,10686471
2021-07-16,Total,318665226,81030653,399695879
2021-07-17,Goa,975773,208661,1184434
2021-07-17,Haryana,8514229,1995319,10509548
2021-07-17,Kerala,11989687,4660798,16650485
2021-07-17,Puducherry,517865,127803,645668
2021-07-17,Uttar Pradesh,33831002,6521498,40352500
2021-07-18,Arunachal Pradesh,629672,137391,767063
2021-07-18,Chhattisgarh,8904619,2038503,10943122
2021-07-18,Dadra and Nagar Haveli and Daman and Diu,511630,66824,578454
2021-07-18,Jharkhand,6824187,1492782,8316969
2021-07-18,Lakshadweep,49004,13017,62021
2021-07-19,Dadra and Nagar Haveli and Daman and Diu,514774,67549,582323
2021-07-19,Miscellaneous,1742664,1538797,3281461
2021-07-20,Andhra Pradesh,14668538,4368048,19036586
2021-07-20,Dadra and Nagar Haveli and Daman and Diu,518047,68353,586400
2021-07-20,Jharkhand,6864456,1506797,8371253
2021-07-20,Lakshadweep,49196,13519,62715
2021-07-20,Maharashtra,30752113,9356191,40108304
2021-07-20,West Bengal,18892817,7793725,26686542
2021-07-21,Himachal Pradesh,3594024,1090034,4684058
2021-07-21,Punjab,7377191,1645775,9022966
2021-07-21,Tamil Nadu,16490501,3604425,20094926
2021-07-21,Tripura,2165763,712852,2878615
2021-07-21,Uttarakhand,4150734,1255384,5406118
2021-07-21,West Bengal,18951531,7827137,26778668
2021-07-22,Chandigarh,563735,157001,720736
2021-07-22,Goa,999900,232618,1232518
2021-07-22,Haryana,8744450,2153673,10898123
2021-07-22,Himachal Pradesh,3645464,1116894,4762358
2021-07-22,Nagaland,583756,131131,714887
2021-07-22,Tamil Nadu,16742583,3659605,20402188
2021-07-22,Uttarakhand,4169200,1279521,5448721
2021-07-23,Meghalaya,828446,158856,987302
2021-07-23,Tripura,2190422,731158,2921580
2021-07-23,Miscellaneous,1743375,1541121,3284496
2021-07-24,Bihar,18654946,3403520,22058466
2021-07-24,Chhattisgarh,9211937,2180733,11392670
2021-07-24,Karnataka,22886272,5902621,28788893
2021-07-24,Rajasthan,23920865,6278498,30199363
2021-07-25,Andaman and Nicobar Islands,193281,86558,279839
2021-07-25,Andhra Pradesh,14913422,4657465,19570887
2021-07-25,Madhya Pradesh,23316207,4552158,27868365
2021-07-25,Odisha,11803391,3613911,15417302
2021-07-25,Punjab,7489117,1762899,9252016
2021-07-25,West Bengal,19549648,8210268,27759916
2021-07-26,Madhya Pradesh,24281947,4731400,29013347
2021-07-26,Mizoram,628521,175309,803830
2021-07-27,Manipur,1066503,177925,1244428
2021-07-27,Meghalaya,856357,178151,1034508
2021-07-27,Tamil Nadu,17833698,3896575,21730273
2021-07-27,Tripura,2272909,762637,3035546
2021-07-27,Total,349324061,96832598,446156659
2021-07-28,Andhra Pradesh,15860970,5164652,21025622
2021-07-28,Himachal Pradesh,3844633,1222392,5067025
2021-07-28,Jammu and Kashmir,4805043,1228284,6033327
2021-07-28,Jharkhand,7496161,1713717,9209878
2021-07-28,Karnataka,23352332,6244511,29596843
2021-07-28,Kerala,13292686,5717279,19009965
2021-07-28,Lakshadweep,50017,15401,65418
2021-07-28,Nagaland,608661,145059,753720
2021-07-28,Odisha,12206582,3796257,16002839
2021-07-28,Total,352545271,98160986,450706257
2021-07-29,Arunachal Pradesh,666567,170252,836819
2021-07-29,Delhi,7350096,2559680,9909776
2021-07-29,Himachal Pradesh,3863935,1232645,5096580
2021-07-29,Kerala,13465992,5805422,19271414
2021-07-29,Maharashtra,32394275,10688664,43082939
2021-07-29,Puducherry,561130,143376,704506
2021-07-29,Miscellaneous,1744072,1544630,3288702
2021-07-30,Delhi,7363608,2601930,9965538
2021-07-30,Gujarat,25140294,7849472,32989766
2021-07-30,Jharkhand,7690077,1782023,9472100
2021-07-30,Mizoram,638084,195504,833588
2021-07-30,Rajasthan,24702576,7338270,32040846
2021-07-31,Bihar,20664109,3893299,24557408
2021-07-31,Chandigarh,642828,195378,838206
2021-07-31,Odisha,12706320,3916566,16622886
2021-07-31,Telangana,11344451,3488581,14833032
2021-08-01,Arunachal Pradesh,672715,174809,847524
2021-08-01,Jharkhand,7884163,1834865,9719028
2021-08-01,Karnataka,24088034,6577674,30665708
2021-08-01,Kerala,14285530,6085174,20370704
2021-08-01,Manipur,1114766,206019,1320785
2021-08-01,Uttarakhand,4558159,1444775,6002934
2021-08-02,Gujarat,25739258,8357628,34096886
2021-08-02,Mizoram,644980,198165,843145
2021-08-02,Puducherry,577932,146476,724408
2021-08-02,Sikkim,493353,148823,642176
2021-08-03,Andhra Pradesh,16676939,5800487,22477426
2021-08-03,Assam,9412807,2024421,11437228
2021-08-03,Chhattisgarh,9700054,2398202,12098256
2021-08-03,Haryana,9654335,2668016,12322351
2021-08-03,Maharashtra,33796696,11449384,45246080
2021-08-03,Rajasthan,25765700,7864003,33629703
2021-08-03,West Bengal,21820114,8860725,30680839
2021-08-04,Andaman and Nicobar Islands,212573,93164,305737
2021-08-04,Andhra Pradesh,16786413,5864146,22650559
2021-08-04,Goa,1073972,282473,1356445
2021-08-04,Jharkhand,8040727,1898453,9939180
2021-08-04,Karnataka,24961662,6996807,31958469
2021-08-04,Uttar Pradesh,44001463,8141787,52143250
2021-08-04,West Bengal,22062392,8909045,30971437
2021-08-05,Jammu and Kashmir,5139183,1414386,6553569
2021-08-05,Jharkhand,8091432,1915991,10007423
2021-08-05,Manipur,1139519,226845,1366364
2021-08-05,Meghalaya,920145,216854,1136999
2021-08-05,Rajasthan,26172666,8030021,34202687
2021-08-05,Sikkim,495935,150285,646220
2021-08-06,Manipur,1146080,233275,1379355
2021-08-06,Punjab,7946711,2110645,10057356
2021-08-06,Tamil Nadu,20257346,4563660,24821006
2021-08-07,Bihar,22973367,4405092,27378459
2021-08-07,Madhya Pradesh,29224226,5642793,34867019
2021-08-07,Mizoram,653314,204952,858266
2021-08-07,Nagaland,629822,156980,786802
2021-08-07,Tripura,2405540,800129,3205669
2021-08-08,Arunachal Pradesh,689352,183631,872983
2021-08-08,Goa,1089647,298023,1387670
2021-08-09,Chhattisgarh,9979765,2611797,12591562
2021-08-09,Gujarat,28113725,9054592,37168317
2021-08-09,Kerala,15672348,6427551,22099899
2021-08-09,West Bengal,23264439,9134008,32398447
2021-08-10,Andaman and Nicobar Islands,216987,95049,312036
2021-08-10,Andhra Pradesh,17826178,6298023,24124201
2021-08-10,Lakshadweep,51371,17296,68667
2021-08-10,Maharashtra,35261712,12239857,47501569
2021-08-10,Meghalaya,946600,238582,1185182
2021-08-10,Mizoram,656018,209089,865107
2021-08-10,Puducherry,604872,152636,757508
2021-08-11,Andaman and Nicobar Islands,219316,95494,314810
2021-08-11,Nagaland,636335,164635,800970
2021-08-11,Sikkim,499232,154094,653326
2021-08-11,Uttar Pradesh,46821033,8702570,55523603
2021-08-12,Manipur,1169861,261026,1430887
2021-08-12,Tripura,2425207,817306,3242513
2021-08-13,Andaman and Nicobar Islands,228316,96507,324823
2021-08-13,Ladakh,189395,72198,261593
2021-08-13,Maharashtra,35755010,12472836,48227846
2021-08-13,Odisha,14816208,4401960,19218168
2021-08-13,Tamil Nadu,21444115,4838557,26282672
2021-08-13,Uttar Pradesh,48142591,8936965,57079556
2021-08-14,Andhra Pradesh,18516430,6485355,25001785
2021-08-14,Gujarat,30221465,9623624,39845089
2021-08-14,Maharashtra,36384800,12814601,49199401
2021-08-14,Rajasthan,28533104,8983877,37516981
2021-08-14,West Bengal,24817288,9389226,34206514
2021-08-15,Dadra and Nagar Haveli and Daman and Diu,598472,90990,689462
2021-08-15,Himachal Pradesh,4956151,1514320,6470471
2021-08-15,Puducherry,616671,157685,774356
2021-08-16,Himachal Pradesh,5021614,1531182,6552796
2021-08-16,Karnataka,27095155,8003093,35098248
2021-08-16,Sikkim,501440,159693,661133
2021-08-16,Telangana,12202581,4193488,16396069
2021-08-17,Andaman and Nicobar Islands,235835,98337,334172
2021-08-17,Assam,12241611,2582327,14823938
2021-08-17,Mizoram,662166,221624,883790
2021-08-17,Tamil Nadu,22351866,5037828,27389694
2021-08-17,Uttar Pradesh,51123307,9483456,60606763
2021-08-17,West Bengal,25424857,9532936,34957793
2021-08-18,Himachal Pradesh,5136089,1570679,6706768
2021-08-18,Jharkhand,9119092,2235810,11354902
2021-08-18,Karnataka,27569841,8220641,35790482
2021-08-18,Maharashtra,37801328,13465810,51267138
2021-08-19,Goa,1128598,351403,1480001
2021-08-19,Jharkhand,9188319,2260257,11448576
2021-08-19,Puducherry,623392,163232,786624
2021-08-19,Rajasthan,29492214,9368710,38860924
2021-08-19,West Bengal,25846259,9687580,35533839
2021-08-20,Gujarat,31991025,10333086,42324111
2021-08-20,Karnataka,27892769,8387393,36280162
2021-08-21,Andaman and Nicobar Islands,238494,100155,338649
2021-08-21,Assam,12779066,2727638,15506704
2021-08-21,Goa,1136525,363864,1500389
2021-08-21,Gujarat,32261888,10442928,42704816
2021-08-21,Mizoram,665491,225976,891467
2021-08-21,Odisha,15667847,4834058,20501905
2021-08-21,Sikkim,503480,164518,667998
2021-08-21,Miscellaneous,1901257,1553074,3454331
2021-08-22,Delhi,8843040,3488587,12331627
2021-08-22,Meghalaya,999091,282596,1281687
2021-08-23,Andaman and Nicobar Islands,241644,101276,342920
2021-08-23,Goa,1142024,371291,1513315
2021-08-23,Haryana,11255071,3583438,14838509
2021-08-23,Uttarakhand,5958754,1868470,7827224
2021-08-24,Chandigarh,781165,280239,1061404
2021-08-24,Dadra and Nagar Haveli and Daman and Diu,609992,117810,727802
2021-08-24,Jharkhand,9587108,2392889,11979997
2021-08-24,Maharashtra,40004541,14456478,54461019
2021-08-24,Puducherry,628562,170639,799201
2021-08-25,Andaman and Nicobar Islands,247534,103030,350564
2021-08-25,Jharkhand,9713149,2425027,12138176
2021-08-25,Rajasthan,31160170,9972383,41132553
2021-08-26,Assam,13561304,2925902,16487206
2021-08-26,Haryana,11535203,3730663,15265866
2021-08-26,Jammu and Kashmir,5963932,1746706,7710638
2021-08-26,Ladakh,192074,91225,283299
2021-08-26,Madhya Pradesh,36860575,7641196,44501771
2021-08-27,Gujarat,33860052,11231359,45091411
2021-08-27,Jammu and Kashmir,5997062,1757260,7754322
2021-08-27,Karnataka,30368142,9660804,40028946
2021-08-27,Lakshadweep,52370,21939,74309
2021-08-27,Miscellaneous,1901673,1554402,3456075
2021-08-29,Chandigarh,799733,302728,1102461
2021-08-29,Karnataka,31045670,10001488,41047158
2021-08-29,Madhya Pradesh,37583351,7944624,45527975
2021-08-29,Meghalaya,1020349,303816,1324165
2021-08-29,Telangana,13170051,4537430,17707481
2021-08-30,Chandigarh,802978,304865,1107843
2021-08-30,Gujarat,34148396,11363015,45511411
2021-08-30,Kerala,20980413,7656753,28637166
2021-08-30,Manipur,1192867,331978,1524845
2021-08-30,Meghalaya,1023176,307076,1330252
2021-08-31,Mizoram,670273,237474,907747
2021-08-31,Nagaland,655037,201898,856935
2021-09-01,Chandigarh,811314,312280,1123594
2021-09-01,Dadra and Nagar Haveli and Daman and Diu,618207,144435,762642
2021-09-01,Goa,1168554,426585,1595139
2021-09-01,Manipur,1196203,345173,1541376
2021-09-01,Punjab,10562865,3308382,13871247
2021-09-01,Telangana,13406796,4658027,18064823
2021-09-01,Miscellaneous,1901906,1554951,3456857
2021-09-02,Chandigarh,815595,316174,1131769
2021-09-02,Goa,1170547,432032,1602579
2021-09-02,Haryana,12476937,4229018,16705955
2021-09-02,Uttarakhand,6606251,2082083,8688334
2021-09-02,Total,515531338,155428630,670959968
2021-09-03,Delhi,9938147,3989233,13927380
2021-09-03,Jharkhand,10749584,2744628,13494212
2021-09-03,Kerala,21564603,7978978,29543581
2021-09-03,Madhya Pradesh,39331031,8670661,48001692
2021-09-03,Rajasthan,34675134,11261793,45936927
2021-09-03,Total,519866213,157344992,677211205
2021-09-04,Andhra Pradesh,22353714,8909197,31262911
2021-09-04,Maharashtra,45566284,17190818,62757102
2021-09-04,Manipur,1199859,360933,1560792
2021-09-04,Meghalaya,1033952,320795,1354747
2021-09-04,Odisha,17828589,5830529,23659118
2021-09-04,Tamil Nadu,27796558,6946180,34742738
2021-09-05,Bihar,32919022,6621856,39540878
2021-09-05,Chhattisgarh,11062785,3469639,14532424
2021-09-05,Himachal Pradesh,5543504,1816180,7359684
2021-09-05,Lakshadweep,52921,26153,79074
2021-09-05,Miscellaneous,1902117,1555523,3457640
2021-09-06,Ladakh,195704,112855,308559
2021-09-06,Nagaland,660683,223440,884123
2021-09-07,Andaman and Nicobar Islands,264215,110115,374330
2021-09-07,Manipur,1203494,373147,1576641
2021-09-07,Meghalaya,1038796,331576,1370372
2021-09-07,Uttar Pradesh,69001007,13477757,82478764
2021-09-08,Nagaland,664236,238413,902649
2021-09-08,Sikkim,509903,212380,722283
2021-09-09,Arunachal Pradesh,736768,277565,1014333
2021-09-09,Chandigarh,841936,345132,1187068
2021-09-09,Goa,1183247,478432,1661679
2021-09-09,West Bengal,32869253,13020751,45890004
2021-09-10,Chandigarh,845085,349982,1195067
2021-09-10,Gujarat,37977778,13953074,51930852
2021-09-10,Meghalaya,1045388,351769,1397157
2021-09-10,Punjab,12091501,3828014,15919515
2021-09-10,Sikkim,510757,229703,740460
2021-09-12,Chandigarh,851067,359222,1210289
2021-09-12,Ladakh,197819,119611,317430
2021-09-12,Manipur,1207523,388221,1595744
2021-09-12,Tripura,2472024,950722,3422746
2021-09-13,Dadra and Nagar Haveli and Daman and Diu,628058,185272,813330
2021-09-13,Jammu and Kashmir,6905328,2550897,9456225
2021-09-13,Madhya Pradesh,42043803,9943682,51987485
2021-09-13,Rajasthan,37448753,12755973,50204726
2021-09-14,Andhra Pradesh,24440457,10932739,35373196
2021-09-14,Bihar,37928469,8189912,46118381
2021-09-14,Manipur,1210078,397011,1607089
2021-09-14,Miscellaneous,1902502,1557245,3459747
2021-09-15,Jharkhand,12209563,3309414,15518977
2021-09-15,Sikkim,512997,274861,787858
2021-09-16,Andhra Pradesh,24619986,11091617,35711603
2021-09-16,Bihar,38088657,8299155,46387812
2021-09-16,Delhi,11004212,4622676,15626888
2021-09-16,Nagaland,673230,284025,957255
2021-09-17,Andaman and Nicobar Islands,283628,125298,408926
2021-09-17,Dadra and Nagar Haveli and Daman and Diu,633935,208027,841962
2021-09-17,Manipur,1213328,407642,1620970
2021-09-17,Tamil Nadu,32639588,8643587,41283175
2021-09-17,Total,596091846,199217243,795309089
2021-09-18,Andaman and Nicobar Islands,285173,129797,414970
2021-09-18,Arunachal Pradesh,744131,328215,1072346
2021-09-18,Assam,17363828,4535264,21899092
2021-09-18,Chhattisgarh,11947147,4128435,16075582
2021-09-18,Himachal Pradesh,5614346,2207545,7821891
2021-09-18,Ladakh,200754,128241,328995
2021-09-18,Maharashtra,52683079,20613097,73296176
2021-09-18,Meghalaya,1057381,401929,1459310
2021-09-18,West Bengal,35952517,14665263,50617780
2021-09-19,Dadra and Nagar Haveli and Daman and Diu,635180,216846,852026
2021-09-19,Jammu and Kashmir,7204844,2895227,10100071
2021-09-19,Miscellaneous,1902673,1558301,3460974
2021-09-20,Arunachal Pradesh,745454,340361,1085815
2021-09-20,Goa,1202543,574456,1776999
2021-09-20,Lakshadweep,54427,37855,92282
2021-09-20,Madhya Pradesh,45462416,12778098,58240514
2021-09-20,Telangana,16298384,6136270,22434654
2021-09-21,Andhra Pradesh,25955345,12425253,38380598
2021-09-21,Lakshadweep,54481,38410,92891
2021-09-21,Manipur,1215841,423130,1638971
2021-09-21,Rajasthan,39481260,14420440,53901700
2021-09-21,Tripura,2486766,1225080,3711846
2021-09-21,Miscellaneous,1902715,1558441,3461156
2021-09-22,Andaman and Nicobar Islands,287532,142453,429985
2021-09-22,Jammu and Kashmir,7364395,3053977,10418372
2021-09-22,Nagaland,679036,320497,999533
2021-09-22,Puducherry,679622,271195,950817
2021-09-22,Punjab,13570662,4496921,18067583
2021-09-22,Uttarakhand,7278318,2877911,10156229
2021-09-23,Arunachal Pradesh,748706,366774,1115480
2021-09-23,Dadra and Nagar Haveli and Daman and Diu,639888,240933,880821
2021-09-23,Uttar Pradesh,80885097,17998110,98883207
2021-09-23,Total,622902393,218615633,841518026
2021-09-24,Himachal Pradesh,5641906,2528224,8170130
2021-09-24,Lakshadweep,54593,39540,94133
2021-09-24,Maharashtra,55096837,22368897,77465734
2021-09-24,Manipur,1218379,442429,1660808
2021-09-24,Nagaland,681076,332792,1013868
2021-09-24,Rajasthan,39787655,14762534,54550189
2021-09-25,Andhra Pradesh,26240263,12755810,38996073
2021-09-25,Karnataka,38516701,16065826,54582527
2021-09-25,Mizoram,692643,413301,1105944
2021-09-25,Puducherry,689225,291020,980245
2021-09-25,Telangana,17895086,6729407,24624493
2021-09-25,Miscellaneous,1902806,1559051,3461857
2021-09-26,Chandigarh,892804,432190,1324994
2021-09-26,Dadra and Nagar Haveli and Daman and Diu,642337,256092,898429
2021-09-26,Lakshadweep,54728,40192,94920
2021-09-26,Madhya Pradesh,47084580,14037105,61121685
2021-09-27,Andhra Pradesh,26636348,13100141,39736489
2021-09-27,Arunachal Pradesh,752573,396113,1148686
2021-09-27,Assam,18252621,5382121,23634742
2021-09-27,Chhattisgarh,12923827,5097851,18021678
2021-09-27,Telangana,18211771,6839392,25051163
2021-09-28,Jammu and Kashmir,7791854,3425292,11217146
2021-09-28,Rajasthan,40135849,15199776,55335625
2021-09-29,Goa,1224184,690461,1914645
2021-09-29,Gujarat,41825958,18758685,60584643
2021-09-29,Maharashtra,57091306,23914352,81005658
2021-09-29,Manipur,1223296,476745,1700041
2021-09-29,Uttarakhand,7351418,3105481,10456899
2021-09-29,Miscellaneous,1902903,1559581,3462484
2021-09-29,Total,646473741,236996837,883470578
2021-09-30,Assam,18470750,5552229,24022979
2021-09-30,Chandigarh,900985,449059,1350044
2021-09-30,Delhi,12068732,5810576,17879308
2021-09-30,Himachal Pradesh,5661779,2731107,8392886
2021-09-30,Maharashtra,57633028,24261937,81894965
2021-09-30,Odisha,22233216,8525160,30758376
2021-10-01,Andhra Pradesh,27754420,13964579,41718999
2021-10-01,Ladakh,205533,138654,344187
2021-10-01,Lakshadweep,54843,41970,96813
2021-10-01,Uttar Pradesh,87422789,21401400,108824189
2021-10-02,Bihar,45080931,12197163,57278094
2021-10-02,Delhi,12198840,6004092,18202932
2021-10-02,Himachal Pradesh,5666027,2778365,8444392
2021-10-02,Jharkhand,13753816,4219355,17973171
2021-10-02,Lakshadweep,54845,42091,96936
2021-10-02,Punjab,14555719,5060276,19615995
2021-10-02,Rajasthan,40652518,15960847,56613365
2021-10-03,Andhra Pradesh,28049239,14231504,42280743
2021-10-03,Arunachal Pradesh,757188,427467,1184655
2021-10-03,Delhi,12206308,6015062,18221370
2021-10-03,Odisha,22492683,8753344,31246027
2021-10-04,Gujarat,42432403,19619686,62052089
2021-10-04,Haryana,16894773,6614832,23509605
2021-10-04,Himachal Pradesh,5669175,2817384,8486559
2021-10-04,Maharashtra,58910087,25288967,84199054
2021-10-05,Delhi,12337877,6209956,18547833
2021-10-05,Gujarat,42612382,19943416,62555798
2021-10-05,Jharkhand,13963411,4375270,18338681
2021-10-05,Nagaland,691088,388641,1079729
2021-10-05,Sikkim,519029,400772,919801
2021-10-06,Chandigarh,909730,472984,1382714
2021-10-06,Jammu and Kashmir,8591826,3840787,12432613
2021-10-06,Kerala,24853788,11444843,36298631
2021-10-06,Lakshadweep,54929,42925,97854
2021-10-06,Mizoram,699659,457911,1157570
2021-10-06,Punjab,14880782,5306836,20187618
2021-10-07,Assam,19219448,6189907,25409355
2021-10-07,Haryana,17014119,6741742,23755861
2021-10-07,Kerala,24891353,11545849,36437202
2021-10-07,Nagaland,693007,400087,1093094
2021-10-07,Puducherry,710672,338229,1048901
2021-10-07,Telangana,19747802,7545342,27293144
2021-10-07,Tripura,2499675,1471660,3971335
2021-10-08,Assam,19317732,6246228,25563960
2021-10-08,Maharashtra,60165783,26264426,86430209
2021-10-08,Manipur,1230350,534579,1764929
2021-10-08,Punjab,15022357,5411112,20433469
2021-10-08,Tamil Nadu,37515518,12517281,50032799
2021-10-09,Chhattisgarh,13584393,5893264,19477657
2021-10-09,Kerala,24937641,11667527,36605168
2021-10-09,Lakshadweep,54977,43603,98580
2021-10-09,Madhya Pradesh,48982313,16236709,65219022
2021-10-10,Ladakh,206966,143883,350849
2021-10-10,Odisha,23314911,9393192,32708103
2021-10-10,Puducherry,713935,347078,1061013
2021-10-10,Uttar Pradesh,90815820,24272961,115088781
2021-10-11,Himachal Pradesh,5681176,2941378,8622554
2021-10-11,Jharkhand,14309955,4636197,18946152
2021-10-11,Kerala,24980194,11782327,36762521
2021-10-12,Andaman and Nicobar Islands,291867,169979,461846
2021-10-12,Arunachal Pradesh,764376,476777,1241153
2021-10-12,Gujarat,43693552,22053339,65746891
2021-10-12,Karnataka,40473701,19439891,59913592
2021-10-12,Lakshadweep,55001,43931,98932
2021-10-12,Odisha,23695282,9637839,33333121
2021-10-12,West Bengal,47383267,18121167,65504434
2021-10-12,Miscellaneous,1903061,1561392,3464453
2021-10-13,Arunachal Pradesh,764847,480506,1245353
2021-10-13,Bihar,47203514,14129439,61332953
2021-10-13,Karnataka,40661631,19775287,60436918
2021-10-13,Uttar Pradesh,92125835,25359386,117485221
2021-10-13,Total,691160985,277060012,968220997
2021-10-14,Assam,19697342,6511177,26208519
2021-10-14,Chhattisgarh,13764641,6164721,19929362
2021-10-14,Delhi,12688497,6752902,19441399
2021-10-14,Ladakh,207495,146489,353984
2021-10-14,Puducherry,717488,357059,1074547
2021-10-14,Tripura,2501052,1494070,3995122
2021-10-14,Uttarakhand,7428047,3429541,10857588
2021-10-14,Miscellaneous,1903104,1562154,3465258
2021-10-15,Delhi,12688983,6754892,19443875
2021-10-15,Himachal Pradesh,5686917,3012339,8699256
2021-10-15,Jharkhand,14361664,4690800,19052464
2021-10-15,Ladakh,207495,146527,354022
2021-10-15,Manipur,1235197,580287,1815484
2021-10-15,Puducherry,718322,359576,1077898
2021-10-15,Sikkim,520263,421301,941564
2021-10-16,Arunachal Pradesh,765307,485110,1250417
2021-10-16,Meghalaya,1088073,556573,1644646
2021-10-16,Telangana,20514754,7972499,28487253
2021-10-17,Arunachal Pradesh,765361,485625,1250986
2021-10-17,Jharkhand,14406475,4753168,19159643
2021-10-17,Ladakh,207615,147083,354698
2021-10-17,Meghalaya,1088084,556625,1644709
2021-10-17,Tripura,2501325,1497449,3998774
2021-10-17,Total,695391206,282556577,977947783
2021-10-18,Andaman and Nicobar Islands,292528,177543,470071
2021-10-18,Bihar,47660306,15029670,62689976
2021-10-18,Odisha,24342939,10051399,34394338
2021-10-18,Puducherry,721184,369310,1090494
2021-10-18,Rajasthan,42025148,18629922,60655070
2021-10-18,West Bengal,49067988,18503969,67571957
2021-10-19,Andaman and Nicobar Islands,292666,179962,472628
2021-10-19,Dadra and Nagar Haveli and Daman and Diu,655667,342118,997785
2021-10-19,Haryana,17478573,7434002,24912575
2021-10-19,Rajasthan,42063882,18717298,60781180
2021-10-20,Andaman and Nicobar Islands,292669,180118,472787
2021-10-20,Assam,19791275,6814910,26606185
2021-10-20,Haryana,17495545,7480745,24976290
2021-10-20,Manipur,1238699,616064,1854763
2021-10-20,Nagaland,702870,454542,1157412
2021-10-20,Punjab,15593509,5865603,21459112
2021-10-20,Rajasthan,42129019,18877723,61006742
2021-10-20,West Bengal,49774217,18738715,68512932
2021-10-21,Bihar,48237641,15677672,63915313
2021-10-21,Gujarat,44237401,23783196,68020597
2021-10-21,Mizoram,706638,497269,1203907
2021-10-21,Rajasthan,42174091,18985436,61159527
2021-10-22,Chhattisgarh,14415425,6646148,21061573
2021-10-22,Ladakh,208209,149523,357732
2021-10-22,Rajasthan,42228564,19118798,61347362
2021-10-22,Tripura,2503546,1532019,4035565
2021-10-22,Uttar Pradesh,95441355,29007645,124449000
2021-10-23,Andhra Pradesh,31624975,18285466,49910441
2021-10-23,Arunachal Pradesh,768476,510393,1278869
2021-10-23,Nagaland,704664,465995,1170659
2021-10-23,Punjab,15737816,6012157,21749973
2021-10-24,Jammu and Kashmir,9477690,4734628,14212318
2021-10-24,Madhya Pradesh,49763121,18803585,68566706
2021-10-24,Meghalaya,1095404,599892,1695296
2021-10-24,Odisha,25004804,10643676,35648480
2021-10-24,Punjab,15742532,6015717,21758249
2021-10-25,Maharashtra,65872419,29936204,95808623
2021-10-25,Odisha,25139601,10786611,35926212
2021-10-25,Tamil Nadu,40585548,16201294,56786842
2021-10-26,Delhi,12949359,7252856,20202215
2021-10-26,Karnataka,42014008,21856897,63870905
2021-10-26,Lakshadweep,55069,45427,100496
2021-10-26,Madhya Pradesh,49802779,19316418,69119197
2021-10-26,Odisha,25265813,10931656,36197469
2021-10-26,Uttar Pradesh,96901919,30838880,127740799
2021-10-27,Bihar,48786748,16521844,65308592
2021-10-27,Chhattisgarh,14658344,7046415,21704759
2021-10-27,Gujarat,44566749,25029911,69596660
2021-10-27,Haryana,17698336,7943059,25641395
2021-10-27,Manipur,1245290,681949,1927239
2021-10-27,Sikkim,521326,444821,966147
2021-10-27,Telangana,21827823,9228865,31056688
2021-10-27,Miscellaneous,2237409,1563456,3800865
2021-10-28,Ladakh,208676,151829,360505
2021-10-28,Sikkim,521508,447665,969173
2021-10-28,Tripura,2507478,1602805,4110283
2021-10-28,Uttar Pradesh,97502689,31713867,129216556
2021-10-29,Sikkim,521708,450711,972419
2021-10-29,Tripura,2508070,1613685,4121755
2021-10-29,Total,728940103,325373874,1054313977
2021-10-30,Arunachal Pradesh,771833,534291,1306124
2021-10-30,Bihar,49760134,18200954,67961088
2021-10-30,Ladakh,208798,152278,361076
2021-10-31,Delhi,13055636,7425404,20481040
2021-10-31,Odisha,25736641,11560912,37297553
2021-10-31,Uttar Pradesh,98178865,32681895,130860760
2021-10-31,West Bengal,56192166,21559747,77751913
2021-07-05,Bihar,14936096,2449596,17385692
2021-08-16,Tamil Nadu,22145445,4979701,27125146
2021-09-01,Tamil Nadu,26551039,6610027,33161066
2021-10-09,Bihar,46783452,13625704,60409156
